candidate_id,class_id,manifold_valid,fgau_eligible,fgau_utility,median_iou,median_confidence,source_image,seed
dwbg_0_42_0_000000,0,True,True,0.7732629306805596,0.4377124011516571,0.0021656465250998735,/mnt/sda/cbj/ImageGeneration/Self-main/results/dwbg_pool_seed42/sd2_2000_s42_msdf_v3/Plastic_Bomo/01_Flash_point/image/0.jpg,42
dwbg_0_42_10_000001,0,True,True,0.8490770270175576,0.5953080058097839,0.04491734504699707,/mnt/sda/cbj/ImageGeneration/Self-main/results/dwbg_pool_seed42/sd2_2000_s42_msdf_v3/Plastic_Bomo/01_Flash_point/image/10.jpg,42
dwbg_0_42_12_000002,0,False,False,,0.0,0.0,/mnt/sda/cbj/ImageGeneration/Self-main/results/dwbg_pool_seed42/sd2_2000_s42_msdf_v3/Plastic_Bomo/01_Flash_point/image/12.jpg,42
dwbg_0_42_13_000003,0,True,True,0.7308045825991386,0.6668104529380798,0.04445658251643181,/mnt/sda/cbj/ImageGeneration/Self-main/results/dwbg_pool_seed42/sd2_2000_s42_msdf_v3/Plastic_Bomo/01_Flash_point/image/13.jpg,42
dwbg_0_42_14_000004,0,True,True,0.7834244376246742,0.6673709154129028,0.00880731176584959,/mnt/sda/cbj/ImageGeneration/Self-main/results/dwbg_pool_seed42/sd2_2000_s42_msdf_v3/Plastic_Bomo/01_Flash_point/image/14.jpg,42
dwbg_0_42_15_000005,0,True,True,0.8064318307283205,0.549703061580658,0.0030933720991015434,/mnt/sda/cbj/ImageGeneration/Self-main/results/dwbg_pool_seed42/sd2_2000_s42_msdf_v3/Plastic_Bomo/01_Flash_point/image/15.jpg,42
dwbg_0_42_16_000006,0,True,True,0.7527857291098988,0.609571635723114,0.008110737428069115,/mnt/sda/cbj/ImageGeneration/Self-main/results/dwbg_pool_seed42/sd2_2000_s42_msdf_v3/Plastic_Bomo/01_Flash_point/image/16.jpg,42
dwbg_0_42_17_000007,0,True,True,0.7766349512673896,0.6824463605880737,0.004387965891510248,/mnt/sda/cbj/ImageGeneration/Self-main/results/dwbg_pool_seed42/sd2_2000_s42_msdf_v3/Plastic_Bomo/01_Flash_point/image/17.jpg,42
dwbg_0_42_18_000008,0,True,True,0.7835121899543409,0.6513369679450989,0.004577304236590862,/mnt/sda/cbj/ImageGeneration/Self-main/results/dwbg_pool_seed42/sd2_2000_s42_msdf_v3/Plastic_Bomo/01_Flash_point/image/18.jpg,42
dwbg_0_42_19_000009,0,True,True,0.8218916598473318,0.6705130934715271,0.020259801298379898,/mnt/sda/cbj/ImageGeneration/Self-main/results/dwbg_pool_seed42/sd2_2000_s42_msdf_v3/Plastic_Bomo/01_Flash_point/image/19.jpg,42
dwbg_0_42_20_000010,0,True,True,0.5825145305785362,0.6681799292564392,0.20545394718647003,/mnt/sda/cbj/ImageGeneration/Self-main/results/dwbg_pool_seed42/sd2_2000_s42_msdf_v3/Plastic_Bomo/01_Flash_point/image/20.jpg,42
dwbg_0_42_21_000011,0,False,False,,0.7706363201141357,0.17717593908309937,/mnt/sda/cbj/ImageGeneration/Self-main/results/dwbg_pool_seed42/sd2_2000_s42_msdf_v3/Plastic_Bomo/01_Flash_point/image/21.jpg,42
dwbg_0_42_23_000012,0,False,False,,0.7156134247779846,0.0015106508508324623,/mnt/sda/cbj/ImageGeneration/Self-main/results/dwbg_pool_seed42/sd2_2000_s42_msdf_v3/Plastic_Bomo/01_Flash_point/image/23.jpg,42
dwbg_0_42_25_000013,0,True,True,0.8048561642498158,0.6687667965888977,0.12548266351222992,/mnt/sda/cbj/ImageGeneration/Self-main/results/dwbg_pool_seed42/sd2_2000_s42_msdf_v3/Plastic_Bomo/01_Flash_point/image/25.jpg,42
dwbg_0_42_26_000014,0,False,False,,0.6389638185501099,0.13288438320159912,/mnt/sda/cbj/ImageGeneration/Self-main/results/dwbg_pool_seed42/sd2_2000_s42_msdf_v3/Plastic_Bomo/01_Flash_point/image/26.jpg,42
dwbg_0_42_27_000015,0,True,True,0.8110484636272315,0.7352427244186401,0.012873632833361626,/mnt/sda/cbj/ImageGeneration/Self-main/results/dwbg_pool_seed42/sd2_2000_s42_msdf_v3/Plastic_Bomo/01_Flash_point/image/27.jpg,42
dwbg_0_42_28_000016,0,False,False,,0.40016961097717285,0.01894768513739109,/mnt/sda/cbj/ImageGeneration/Self-main/results/dwbg_pool_seed42/sd2_2000_s42_msdf_v3/Plastic_Bomo/01_Flash_point/image/28.jpg,42
dwbg_0_42_29_000017,0,True,True,0.7458414147796976,0.6258531212806702,0.002693217247724533,/mnt/sda/cbj/ImageGeneration/Self-main/results/dwbg_pool_seed42/sd2_2000_s42_msdf_v3/Plastic_Bomo/01_Flash_point/image/29.jpg,42
dwbg_0_42_3_000018,0,False,False,,0.6928540468215942,0.001307993778027594,/mnt/sda/cbj/ImageGeneration/Self-main/results/dwbg_pool_seed42/sd2_2000_s42_msdf_v3/Plastic_Bomo/01_Flash_point/image/3.jpg,42
dwbg_0_42_30_000019,0,True,True,0.769661984129627,0.6631527543067932,0.03772049397230148,/mnt/sda/cbj/ImageGeneration/Self-main/results/dwbg_pool_seed42/sd2_2000_s42_msdf_v3/Plastic_Bomo/01_Flash_point/image/30.jpg,42
dwbg_0_42_31_000020,0,True,True,0.8357570929495883,0.7414738535881042,0.24400106072425842,/mnt/sda/cbj/ImageGeneration/Self-main/results/dwbg_pool_seed42/sd2_2000_s42_msdf_v3/Plastic_Bomo/01_Flash_point/image/31.jpg,42
dwbg_0_42_32_000021,0,True,True,0.7351067780332365,0.7658686637878418,0.010791742242872715,/mnt/sda/cbj/ImageGeneration/Self-main/results/dwbg_pool_seed42/sd2_2000_s42_msdf_v3/Plastic_Bomo/01_Flash_point/image/32.jpg,42
dwbg_0_42_33_000022,0,True,True,0.8400987205976849,0.4701767563819885,0.039637498557567596,/mnt/sda/cbj/ImageGeneration/Self-main/results/dwbg_pool_seed42/sd2_2000_s42_msdf_v3/Plastic_Bomo/01_Flash_point/image/33.jpg,42
dwbg_0_42_34_000023,0,True,True,0.7998418299114212,0.5836910009384155,0.022381672635674477,/mnt/sda/cbj/ImageGeneration/Self-main/results/dwbg_pool_seed42/sd2_2000_s42_msdf_v3/Plastic_Bomo/01_Flash_point/image/34.jpg,42
dwbg_0_42_35_000024,0,True,True,0.8286933438449624,0.520335853099823,0.003749994095414877,/mnt/sda/cbj/ImageGeneration/Self-main/results/dwbg_pool_seed42/sd2_2000_s42_msdf_v3/Plastic_Bomo/01_Flash_point/image/35.jpg,42
dwbg_0_42_36_000025,0,True,True,0.8222258794115865,0.7283896207809448,0.011370796710252762,/mnt/sda/cbj/ImageGeneration/Self-main/results/dwbg_pool_seed42/sd2_2000_s42_msdf_v3/Plastic_Bomo/01_Flash_point/image/36.jpg,42
dwbg_0_42_37_000026,0,True,True,0.7912674666623236,0.4824737310409546,0.3044140040874481,/mnt/sda/cbj/ImageGeneration/Self-main/results/dwbg_pool_seed42/sd2_2000_s42_msdf_v3/Plastic_Bomo/01_Flash_point/image/37.jpg,42
dwbg_0_42_40_000027,0,True,True,0.8083765835350359,0.577808678150177,0.0024255486205220222,/mnt/sda/cbj/ImageGeneration/Self-main/results/dwbg_pool_seed42/sd2_2000_s42_msdf_v3/Plastic_Bomo/01_Flash_point/image/40.jpg,42
dwbg_0_42_41_000028,0,True,True,0.7936764396460388,0.44343388080596924,0.037477001547813416,/mnt/sda/cbj/ImageGeneration/Self-main/results/dwbg_pool_seed42/sd2_2000_s42_msdf_v3/Plastic_Bomo/01_Flash_point/image/41.jpg,42
dwbg_0_42_42_000029,0,True,True,0.655683721853028,0.5862537026405334,0.026877248659729958,/mnt/sda/cbj/ImageGeneration/Self-main/results/dwbg_pool_seed42/sd2_2000_s42_msdf_v3/Plastic_Bomo/01_Flash_point/image/42.jpg,42
dwbg_0_42_43_000030,0,False,False,,0.0,0.0,/mnt/sda/cbj/ImageGeneration/Self-main/results/dwbg_pool_seed42/sd2_2000_s42_msdf_v3/Plastic_Bomo/01_Flash_point/image/43.jpg,42
dwbg_0_42_44_000031,0,True,True,0.6689758952578616,0.7134485244750977,0.0024294527247548103,/mnt/sda/cbj/ImageGeneration/Self-main/results/dwbg_pool_seed42/sd2_2000_s42_msdf_v3/Plastic_Bomo/01_Flash_point/image/44.jpg,42
dwbg_0_42_45_000032,0,True,True,0.7634139081456751,0.6120682954788208,0.004411417990922928,/mnt/sda/cbj/ImageGeneration/Self-main/results/dwbg_pool_seed42/sd2_2000_s42_msdf_v3/Plastic_Bomo/01_Flash_point/image/45.jpg,42
dwbg_0_42_46_000033,0,True,True,0.7884204379803835,0.6380648016929626,0.0011467443546280265,/mnt/sda/cbj/ImageGeneration/Self-main/results/dwbg_pool_seed42/sd2_2000_s42_msdf_v3/Plastic_Bomo/01_Flash_point/image/46.jpg,42
dwbg_0_42_47_000034,0,False,False,,0.644586980342865,0.019229577854275703,/mnt/sda/cbj/ImageGeneration/Self-main/results/dwbg_pool_seed42/sd2_2000_s42_msdf_v3/Plastic_Bomo/01_Flash_point/image/47.jpg,42
dwbg_0_42_48_000035,0,True,True,0.8322112896285101,0.562879204750061,0.3395979702472687,/mnt/sda/cbj/ImageGeneration/Self-main/results/dwbg_pool_seed42/sd2_2000_s42_msdf_v3/Plastic_Bomo/01_Flash_point/image/48.jpg,42
dwbg_0_42_49_000036,0,True,True,0.7203746053887734,0.7892271876335144,0.05603816360235214,/mnt/sda/cbj/ImageGeneration/Self-main/results/dwbg_pool_seed42/sd2_2000_s42_msdf_v3/Plastic_Bomo/01_Flash_point/image/49.jpg,42
dwbg_0_42_5_000037,0,False,False,,0.0,0.1101737692952156,/mnt/sda/cbj/ImageGeneration/Self-main/results/dwbg_pool_seed42/sd2_2000_s42_msdf_v3/Plastic_Bomo/01_Flash_point/image/5.jpg,42
dwbg_0_42_50_000038,0,True,True,0.7918033669062929,0.7367556691169739,0.4393996298313141,/mnt/sda/cbj/ImageGeneration/Self-main/results/dwbg_pool_seed42/sd2_2000_s42_msdf_v3/Plastic_Bomo/01_Flash_point/image/50.jpg,42
dwbg_0_42_51_000039,0,True,True,0.7716677276918749,0.5881780385971069,0.2974269688129425,/mnt/sda/cbj/ImageGeneration/Self-main/results/dwbg_pool_seed42/sd2_2000_s42_msdf_v3/Plastic_Bomo/01_Flash_point/image/51.jpg,42
dwbg_0_42_53_000040,0,True,True,0.7463221912597655,0.7789325714111328,0.013875589706003666,/mnt/sda/cbj/ImageGeneration/Self-main/results/dwbg_pool_seed42/sd2_2000_s42_msdf_v3/Plastic_Bomo/01_Flash_point/image/53.jpg,42
dwbg_0_42_54_000041,0,True,True,0.7710465115482894,0.7135452628135681,0.005580994300544262,/mnt/sda/cbj/ImageGeneration/Self-main/results/dwbg_pool_seed42/sd2_2000_s42_msdf_v3/Plastic_Bomo/01_Flash_point/image/54.jpg,42
dwbg_0_42_55_000042,0,False,False,,0.0,0.0,/mnt/sda/cbj/ImageGeneration/Self-main/results/dwbg_pool_seed42/sd2_2000_s42_msdf_v3/Plastic_Bomo/01_Flash_point/image/55.jpg,42
dwbg_0_42_56_000043,0,True,True,0.8417437746774517,0.5501109957695007,0.15249577164649963,/mnt/sda/cbj/ImageGeneration/Self-main/results/dwbg_pool_seed42/sd2_2000_s42_msdf_v3/Plastic_Bomo/01_Flash_point/image/56.jpg,42
dwbg_0_42_57_000044,0,True,True,0.7737185677280436,0.5448176264762878,0.00162320036906749,/mnt/sda/cbj/ImageGeneration/Self-main/results/dwbg_pool_seed42/sd2_2000_s42_msdf_v3/Plastic_Bomo/01_Flash_point/image/57.jpg,42
dwbg_0_42_59_000045,0,True,True,0.7037970048297408,0.7609588503837585,0.10593436658382416,/mnt/sda/cbj/ImageGeneration/Self-main/results/dwbg_pool_seed42/sd2_2000_s42_msdf_v3/Plastic_Bomo/01_Flash_point/image/59.jpg,42
dwbg_0_42_6_000046,0,False,False,,0.0,0.0,/mnt/sda/cbj/ImageGeneration/Self-main/results/dwbg_pool_seed42/sd2_2000_s42_msdf_v3/Plastic_Bomo/01_Flash_point/image/6.jpg,42
dwbg_0_42_60_000047,0,True,True,0.7930280648102637,0.4880479872226715,0.24621620774269104,/mnt/sda/cbj/ImageGeneration/Self-main/results/dwbg_pool_seed42/sd2_2000_s42_msdf_v3/Plastic_Bomo/01_Flash_point/image/60.jpg,42
dwbg_0_42_61_000048,0,True,True,0.8352806232190702,0.626322865486145,0.3727543354034424,/mnt/sda/cbj/ImageGeneration/Self-main/results/dwbg_pool_seed42/sd2_2000_s42_msdf_v3/Plastic_Bomo/01_Flash_point/image/61.jpg,42
dwbg_0_42_62_000049,0,True,True,0.7671517229652967,0.5604280233383179,0.21540343761444092,/mnt/sda/cbj/ImageGeneration/Self-main/results/dwbg_pool_seed42/sd2_2000_s42_msdf_v3/Plastic_Bomo/01_Flash_point/image/62.jpg,42
dwbg_0_42_63_000050,0,True,True,0.7836080277975529,0.6627641320228577,0.0040391054935753345,/mnt/sda/cbj/ImageGeneration/Self-main/results/dwbg_pool_seed42/sd2_2000_s42_msdf_v3/Plastic_Bomo/01_Flash_point/image/63.jpg,42
dwbg_0_42_64_000051,0,True,True,0.776077857253766,0.7484909892082214,0.08654065430164337,/mnt/sda/cbj/ImageGeneration/Self-main/results/dwbg_pool_seed42/sd2_2000_s42_msdf_v3/Plastic_Bomo/01_Flash_point/image/64.jpg,42
dwbg_0_42_65_000052,0,True,True,0.6577292263186283,0.7372666001319885,0.010240373201668262,/mnt/sda/cbj/ImageGeneration/Self-main/results/dwbg_pool_seed42/sd2_2000_s42_msdf_v3/Plastic_Bomo/01_Flash_point/image/65.jpg,42
dwbg_0_42_66_000053,0,True,True,0.6934988063059133,0.5060687065124512,0.5075445771217346,/mnt/sda/cbj/ImageGeneration/Self-main/results/dwbg_pool_seed42/sd2_2000_s42_msdf_v3/Plastic_Bomo/01_Flash_point/image/66.jpg,42
dwbg_0_42_67_000054,0,False,False,,0.42741796374320984,0.10091625154018402,/mnt/sda/cbj/ImageGeneration/Self-main/results/dwbg_pool_seed42/sd2_2000_s42_msdf_v3/Plastic_Bomo/01_Flash_point/image/67.jpg,42
dwbg_0_42_68_000055,0,False,False,,0.0,0.03311718627810478,/mnt/sda/cbj/ImageGeneration/Self-main/results/dwbg_pool_seed42/sd2_2000_s42_msdf_v3/Plastic_Bomo/01_Flash_point/image/68.jpg,42
dwbg_0_42_7_000056,0,True,True,0.8152743162817153,0.6510112881660461,0.02216152660548687,/mnt/sda/cbj/ImageGeneration/Self-main/results/dwbg_pool_seed42/sd2_2000_s42_msdf_v3/Plastic_Bomo/01_Flash_point/image/7.jpg,42
dwbg_0_42_71_000057,0,False,False,,0.0,0.006572491489350796,/mnt/sda/cbj/ImageGeneration/Self-main/results/dwbg_pool_seed42/sd2_2000_s42_msdf_v3/Plastic_Bomo/01_Flash_point/image/71.jpg,42
dwbg_0_42_73_000058,0,False,False,,0.5086343884468079,0.0010145787382498384,/mnt/sda/cbj/ImageGeneration/Self-main/results/dwbg_pool_seed42/sd2_2000_s42_msdf_v3/Plastic_Bomo/01_Flash_point/image/73.jpg,42
dwbg_0_42_74_000059,0,True,True,0.75335101951924,0.7250950932502747,0.0027694229502230883,/mnt/sda/cbj/ImageGeneration/Self-main/results/dwbg_pool_seed42/sd2_2000_s42_msdf_v3/Plastic_Bomo/01_Flash_point/image/74.jpg,42
dwbg_0_42_75_000060,0,True,True,0.6829072225098747,0.5728189945220947,0.40271425247192383,/mnt/sda/cbj/ImageGeneration/Self-main/results/dwbg_pool_seed42/sd2_2000_s42_msdf_v3/Plastic_Bomo/01_Flash_point/image/75.jpg,42
dwbg_0_42_8_000061,0,False,False,,0.6469027996063232,0.006544049829244614,/mnt/sda/cbj/ImageGeneration/Self-main/results/dwbg_pool_seed42/sd2_2000_s42_msdf_v3/Plastic_Bomo/01_Flash_point/image/8.jpg,42
dwbg_0_42_9_000062,0,True,True,0.8492763886278156,0.5128830671310425,0.010326510295271873,/mnt/sda/cbj/ImageGeneration/Self-main/results/dwbg_pool_seed42/sd2_2000_s42_msdf_v3/Plastic_Bomo/01_Flash_point/image/9.jpg,42
dwbg_1_42_10_000063,1,True,True,0.7047893281027824,0.4832727611064911,0.3419645130634308,/mnt/sda/cbj/ImageGeneration/Self-main/results/dwbg_pool_seed42/sd2_2000_s42_msdf_v3/Plastic_Bomo/02_Big_black_spots/image/10.jpg,42
dwbg_1_42_13_000064,1,True,True,0.670973998393412,0.2875904440879822,0.0029382440261542797,/mnt/sda/cbj/ImageGeneration/Self-main/results/dwbg_pool_seed42/sd2_2000_s42_msdf_v3/Plastic_Bomo/02_Big_black_spots/image/13.jpg,42
dwbg_1_42_14_000065,1,True,True,0.5294581007666237,0.3990093171596527,0.2626895010471344,/mnt/sda/cbj/ImageGeneration/Self-main/results/dwbg_pool_seed42/sd2_2000_s42_msdf_v3/Plastic_Bomo/02_Big_black_spots/image/14.jpg,42
dwbg_1_42_15_000066,1,True,True,0.7213328648093861,0.6229357123374939,0.5484411120414734,/mnt/sda/cbj/ImageGeneration/Self-main/results/dwbg_pool_seed42/sd2_2000_s42_msdf_v3/Plastic_Bomo/02_Big_black_spots/image/15.jpg,42
dwbg_1_42_16_000067,1,True,True,0.6997759156294925,0.5826935172080994,0.6825155019760132,/mnt/sda/cbj/ImageGeneration/Self-main/results/dwbg_pool_seed42/sd2_2000_s42_msdf_v3/Plastic_Bomo/02_Big_black_spots/image/16.jpg,42
dwbg_1_42_2_000068,1,True,True,0.7431135773135812,0.7428357601165771,0.07852461189031601,/mnt/sda/cbj/ImageGeneration/Self-main/results/dwbg_pool_seed42/sd2_2000_s42_msdf_v3/Plastic_Bomo/02_Big_black_spots/image/2.jpg,42
dwbg_1_42_20_000069,1,True,True,0.7241655193514767,0.6255696415901184,0.0024187404196709394,/mnt/sda/cbj/ImageGeneration/Self-main/results/dwbg_pool_seed42/sd2_2000_s42_msdf_v3/Plastic_Bomo/02_Big_black_spots/image/20.jpg,42
dwbg_1_42_23_000070,1,True,True,0.6907678928908803,0.5459387302398682,0.5555571913719177,/mnt/sda/cbj/ImageGeneration/Self-main/results/dwbg_pool_seed42/sd2_2000_s42_msdf_v3/Plastic_Bomo/02_Big_black_spots/image/23.jpg,42
dwbg_1_42_24_000071,1,True,True,0.7032712094239152,0.43451806902885437,0.006066410802304745,/mnt/sda/cbj/ImageGeneration/Self-main/results/dwbg_pool_seed42/sd2_2000_s42_msdf_v3/Plastic_Bomo/02_Big_black_spots/image/24.jpg,42
dwbg_1_42_26_000072,1,True,True,0.5133445059277879,0.29326725006103516,0.021794678643345833,/mnt/sda/cbj/ImageGeneration/Self-main/results/dwbg_pool_seed42/sd2_2000_s42_msdf_v3/Plastic_Bomo/02_Big_black_spots/image/26.jpg,42
dwbg_1_42_27_000073,1,True,True,0.5783623547294553,0.4219333231449127,0.5667186379432678,/mnt/sda/cbj/ImageGeneration/Self-main/results/dwbg_pool_seed42/sd2_2000_s42_msdf_v3/Plastic_Bomo/02_Big_black_spots/image/27.jpg,42
dwbg_1_42_29_000074,1,True,True,0.7044140839294327,0.6637383699417114,0.0036151697859168053,/mnt/sda/cbj/ImageGeneration/Self-main/results/dwbg_pool_seed42/sd2_2000_s42_msdf_v3/Plastic_Bomo/02_Big_black_spots/image/29.jpg,42
dwbg_1_42_3_000075,1,True,True,0.6747247494455848,0.8160115480422974,0.5508360266685486,/mnt/sda/cbj/ImageGeneration/Self-main/results/dwbg_pool_seed42/sd2_2000_s42_msdf_v3/Plastic_Bomo/02_Big_black_spots/image/3.jpg,42
dwbg_1_42_30_000076,1,True,True,0.691784123596901,0.38672688603401184,0.5943395495414734,/mnt/sda/cbj/ImageGeneration/Self-main/results/dwbg_pool_seed42/sd2_2000_s42_msdf_v3/Plastic_Bomo/02_Big_black_spots/image/30.jpg,42
dwbg_1_42_33_000077,1,True,True,0.7321956591611605,0.16982391476631165,0.09265149384737015,/mnt/sda/cbj/ImageGeneration/Self-main/results/dwbg_pool_seed42/sd2_2000_s42_msdf_v3/Plastic_Bomo/02_Big_black_spots/image/33.jpg,42
dwbg_1_42_34_000078,1,True,True,0.6465250215775689,0.5564553737640381,0.6671709418296814,/mnt/sda/cbj/ImageGeneration/Self-main/results/dwbg_pool_seed42/sd2_2000_s42_msdf_v3/Plastic_Bomo/02_Big_black_spots/image/34.jpg,42
dwbg_1_42_35_000079,1,True,True,0.7198557086737578,0.7831359505653381,0.4877943992614746,/mnt/sda/cbj/ImageGeneration/Self-main/results/dwbg_pool_seed42/sd2_2000_s42_msdf_v3/Plastic_Bomo/02_Big_black_spots/image/35.jpg,42
dwbg_1_42_4_000080,1,True,True,0.7073568425225334,0.6341233849525452,0.7050510048866272,/mnt/sda/cbj/ImageGeneration/Self-main/results/dwbg_pool_seed42/sd2_2000_s42_msdf_v3/Plastic_Bomo/02_Big_black_spots/image/4.jpg,42
dwbg_1_42_6_000081,1,True,True,0.7204187741841597,0.46095001697540283,0.3611758351325989,/mnt/sda/cbj/ImageGeneration/Self-main/results/dwbg_pool_seed42/sd2_2000_s42_msdf_v3/Plastic_Bomo/02_Big_black_spots/image/6.jpg,42
dwbg_1_42_9_000082,1,True,True,0.7304566907378052,0.634576678276062,0.20557141304016113,/mnt/sda/cbj/ImageGeneration/Self-main/results/dwbg_pool_seed42/sd2_2000_s42_msdf_v3/Plastic_Bomo/02_Big_black_spots/image/9.jpg,42
dwbg_0_3407_0_000083,0,False,False,,0.350967675447464,0.009769131429493427,/mnt/sda/cbj/ImageGeneration/Self-main/results/dwbg_pool_seed3407/sd2_2000_s42_msdf_v3/Plastic_Bomo/01_Flash_point/image/0.jpg,3407
dwbg_0_3407_10_000084,0,False,False,,0.6752994656562805,0.41531357169151306,/mnt/sda/cbj/ImageGeneration/Self-main/results/dwbg_pool_seed3407/sd2_2000_s42_msdf_v3/Plastic_Bomo/01_Flash_point/image/10.jpg,3407
dwbg_0_3407_11_000085,0,False,False,,0.0,0.0,/mnt/sda/cbj/ImageGeneration/Self-main/results/dwbg_pool_seed3407/sd2_2000_s42_msdf_v3/Plastic_Bomo/01_Flash_point/image/11.jpg,3407
dwbg_0_3407_12_000086,0,True,True,0.8121830145650293,0.6388627886772156,0.02786208502948284,/mnt/sda/cbj/ImageGeneration/Self-main/results/dwbg_pool_seed3407/sd2_2000_s42_msdf_v3/Plastic_Bomo/01_Flash_point/image/12.jpg,3407
dwbg_0_3407_13_000087,0,True,True,0.8567564238061822,0.3468163013458252,0.005237700883299112,/mnt/sda/cbj/ImageGeneration/Self-main/results/dwbg_pool_seed3407/sd2_2000_s42_msdf_v3/Plastic_Bomo/01_Flash_point/image/13.jpg,3407
dwbg_0_3407_14_000088,0,False,False,,0.0,0.0,/mnt/sda/cbj/ImageGeneration/Self-main/results/dwbg_pool_seed3407/sd2_2000_s42_msdf_v3/Plastic_Bomo/01_Flash_point/image/14.jpg,3407
dwbg_0_3407_15_000089,0,True,True,0.8154872215670014,0.6442856192588806,0.05518799647688866,/mnt/sda/cbj/ImageGeneration/Self-main/results/dwbg_pool_seed3407/sd2_2000_s42_msdf_v3/Plastic_Bomo/01_Flash_point/image/15.jpg,3407
dwbg_0_3407_16_000090,0,False,False,,0.0,0.0,/mnt/sda/cbj/ImageGeneration/Self-main/results/dwbg_pool_seed3407/sd2_2000_s42_msdf_v3/Plastic_Bomo/01_Flash_point/image/16.jpg,3407
dwbg_0_3407_17_000091,0,True,True,0.8019399616670254,0.5904167890548706,0.48340967297554016,/mnt/sda/cbj/ImageGeneration/Self-main/results/dwbg_pool_seed3407/sd2_2000_s42_msdf_v3/Plastic_Bomo/01_Flash_point/image/17.jpg,3407
dwbg_0_3407_18_000092,0,False,False,,0.5509244203567505,0.028737006708979607,/mnt/sda/cbj/ImageGeneration/Self-main/results/dwbg_pool_seed3407/sd2_2000_s42_msdf_v3/Plastic_Bomo/01_Flash_point/image/18.jpg,3407
dwbg_0_3407_19_000093,0,True,True,0.7929862647804544,0.3651438057422638,0.10590609908103943,/mnt/sda/cbj/ImageGeneration/Self-main/results/dwbg_pool_seed3407/sd2_2000_s42_msdf_v3/Plastic_Bomo/01_Flash_point/image/19.jpg,3407
dwbg_0_3407_2_000094,0,True,True,0.7595659807323847,0.8094696402549744,0.08779456466436386,/mnt/sda/cbj/ImageGeneration/Self-main/results/dwbg_pool_seed3407/sd2_2000_s42_msdf_v3/Plastic_Bomo/01_Flash_point/image/2.jpg,3407
dwbg_0_3407_20_000095,0,False,False,,0.0,0.015305635519325733,/mnt/sda/cbj/ImageGeneration/Self-main/results/dwbg_pool_seed3407/sd2_2000_s42_msdf_v3/Plastic_Bomo/01_Flash_point/image/20.jpg,3407
dwbg_0_3407_21_000096,0,True,True,0.7559405163518425,0.6963801383972168,0.013519207015633583,/mnt/sda/cbj/ImageGeneration/Self-main/results/dwbg_pool_seed3407/sd2_2000_s42_msdf_v3/Plastic_Bomo/01_Flash_point/image/21.jpg,3407
dwbg_0_3407_22_000097,0,True,True,0.8021055798539249,0.7434386014938354,0.049980003386735916,/mnt/sda/cbj/ImageGeneration/Self-main/results/dwbg_pool_seed3407/sd2_2000_s42_msdf_v3/Plastic_Bomo/01_Flash_point/image/22.jpg,3407
dwbg_0_3407_23_000098,0,False,False,,0.0,0.0022716906387358904,/mnt/sda/cbj/ImageGeneration/Self-main/results/dwbg_pool_seed3407/sd2_2000_s42_msdf_v3/Plastic_Bomo/01_Flash_point/image/23.jpg,3407
dwbg_0_3407_24_000099,0,False,False,,0.0,0.07087285071611404,/mnt/sda/cbj/ImageGeneration/Self-main/results/dwbg_pool_seed3407/sd2_2000_s42_msdf_v3/Plastic_Bomo/01_Flash_point/image/24.jpg,3407
dwbg_0_3407_26_000100,0,True,True,0.6155935906180879,0.0,0.0026905445847660303,/mnt/sda/cbj/ImageGeneration/Self-main/results/dwbg_pool_seed3407/sd2_2000_s42_msdf_v3/Plastic_Bomo/01_Flash_point/image/26.jpg,3407
dwbg_0_3407_27_000101,0,True,True,0.8438316198355785,0.6282019019126892,0.03234438970685005,/mnt/sda/cbj/ImageGeneration/Self-main/results/dwbg_pool_seed3407/sd2_2000_s42_msdf_v3/Plastic_Bomo/01_Flash_point/image/27.jpg,3407
dwbg_0_3407_28_000102,0,True,True,0.7960424696478803,0.6382412910461426,0.22511504590511322,/mnt/sda/cbj/ImageGeneration/Self-main/results/dwbg_pool_seed3407/sd2_2000_s42_msdf_v3/Plastic_Bomo/01_Flash_point/image/28.jpg,3407
dwbg_0_3407_29_000103,0,False,False,,0.63630211353302,0.0064272284507751465,/mnt/sda/cbj/ImageGeneration/Self-main/results/dwbg_pool_seed3407/sd2_2000_s42_msdf_v3/Plastic_Bomo/01_Flash_point/image/29.jpg,3407
dwbg_0_3407_3_000104,0,True,True,0.837579583859049,0.6737746596336365,0.31355705857276917,/mnt/sda/cbj/ImageGeneration/Self-main/results/dwbg_pool_seed3407/sd2_2000_s42_msdf_v3/Plastic_Bomo/01_Flash_point/image/3.jpg,3407
dwbg_0_3407_30_000105,0,False,False,,0.7884901762008667,0.0381731279194355,/mnt/sda/cbj/ImageGeneration/Self-main/results/dwbg_pool_seed3407/sd2_2000_s42_msdf_v3/Plastic_Bomo/01_Flash_point/image/30.jpg,3407
dwbg_0_3407_31_000106,0,True,True,0.8062067926664255,0.49648231267929077,0.010493922978639603,/mnt/sda/cbj/ImageGeneration/Self-main/results/dwbg_pool_seed3407/sd2_2000_s42_msdf_v3/Plastic_Bomo/01_Flash_point/image/31.jpg,3407
dwbg_0_3407_32_000107,0,True,True,0.7977269293092011,0.42492660880088806,0.027391081675887108,/mnt/sda/cbj/ImageGeneration/Self-main/results/dwbg_pool_seed3407/sd2_2000_s42_msdf_v3/Plastic_Bomo/01_Flash_point/image/32.jpg,3407
dwbg_0_3407_33_000108,0,True,True,0.8145123290392312,0.6152571439743042,0.02005808614194393,/mnt/sda/cbj/ImageGeneration/Self-main/results/dwbg_pool_seed3407/sd2_2000_s42_msdf_v3/Plastic_Bomo/01_Flash_point/image/33.jpg,3407
dwbg_0_3407_34_000109,0,True,True,0.7938393912333905,0.6014733910560608,0.001817210577428341,/mnt/sda/cbj/ImageGeneration/Self-main/results/dwbg_pool_seed3407/sd2_2000_s42_msdf_v3/Plastic_Bomo/01_Flash_point/image/34.jpg,3407
dwbg_0_3407_35_000110,0,True,True,0.7525662398992546,0.0,0.009739148430526257,/mnt/sda/cbj/ImageGeneration/Self-main/results/dwbg_pool_seed3407/sd2_2000_s42_msdf_v3/Plastic_Bomo/01_Flash_point/image/35.jpg,3407
dwbg_0_3407_36_000111,0,False,False,,0.44825923442840576,0.1647484004497528,/mnt/sda/cbj/ImageGeneration/Self-main/results/dwbg_pool_seed3407/sd2_2000_s42_msdf_v3/Plastic_Bomo/01_Flash_point/image/36.jpg,3407
dwbg_0_3407_38_000112,0,True,True,0.814015173459687,0.6621109843254089,0.4448759853839874,/mnt/sda/cbj/ImageGeneration/Self-main/results/dwbg_pool_seed3407/sd2_2000_s42_msdf_v3/Plastic_Bomo/01_Flash_point/image/38.jpg,3407
dwbg_0_3407_39_000113,0,True,True,0.7833669644002293,0.5884993076324463,0.06469069421291351,/mnt/sda/cbj/ImageGeneration/Self-main/results/dwbg_pool_seed3407/sd2_2000_s42_msdf_v3/Plastic_Bomo/01_Flash_point/image/39.jpg,3407
dwbg_0_3407_40_000114,0,False,False,,0.730940043926239,0.04707588627934456,/mnt/sda/cbj/ImageGeneration/Self-main/results/dwbg_pool_seed3407/sd2_2000_s42_msdf_v3/Plastic_Bomo/01_Flash_point/image/40.jpg,3407
dwbg_0_3407_41_000115,0,True,True,0.8236236898077052,0.4639621078968048,0.016741467639803886,/mnt/sda/cbj/ImageGeneration/Self-main/results/dwbg_pool_seed3407/sd2_2000_s42_msdf_v3/Plastic_Bomo/01_Flash_point/image/41.jpg,3407
dwbg_0_3407_42_000116,0,False,False,,0.8519258499145508,0.012490940280258656,/mnt/sda/cbj/ImageGeneration/Self-main/results/dwbg_pool_seed3407/sd2_2000_s42_msdf_v3/Plastic_Bomo/01_Flash_point/image/42.jpg,3407
dwbg_0_3407_45_000117,0,True,True,0.7643616876023281,0.8020187616348267,0.0028549563139677048,/mnt/sda/cbj/ImageGeneration/Self-main/results/dwbg_pool_seed3407/sd2_2000_s42_msdf_v3/Plastic_Bomo/01_Flash_point/image/45.jpg,3407
dwbg_0_3407_46_000118,0,True,True,0.8182351634293417,0.562385082244873,0.002451737876981497,/mnt/sda/cbj/ImageGeneration/Self-main/results/dwbg_pool_seed3407/sd2_2000_s42_msdf_v3/Plastic_Bomo/01_Flash_point/image/46.jpg,3407
dwbg_0_3407_49_000119,0,True,True,0.5592736612269364,0.5996344089508057,0.17194198071956635,/mnt/sda/cbj/ImageGeneration/Self-main/results/dwbg_pool_seed3407/sd2_2000_s42_msdf_v3/Plastic_Bomo/01_Flash_point/image/49.jpg,3407
dwbg_0_3407_5_000120,0,False,False,,0.2958935797214508,0.004419873934239149,/mnt/sda/cbj/ImageGeneration/Self-main/results/dwbg_pool_seed3407/sd2_2000_s42_msdf_v3/Plastic_Bomo/01_Flash_point/image/5.jpg,3407
dwbg_0_3407_51_000121,0,True,True,0.7899263492049382,0.641762375831604,0.005709214136004448,/mnt/sda/cbj/ImageGeneration/Self-main/results/dwbg_pool_seed3407/sd2_2000_s42_msdf_v3/Plastic_Bomo/01_Flash_point/image/51.jpg,3407
dwbg_0_3407_52_000122,0,False,False,,0.6519981622695923,0.0029864967800676823,/mnt/sda/cbj/ImageGeneration/Self-main/results/dwbg_pool_seed3407/sd2_2000_s42_msdf_v3/Plastic_Bomo/01_Flash_point/image/52.jpg,3407
dwbg_0_3407_53_000123,0,False,False,,0.0,0.0,/mnt/sda/cbj/ImageGeneration/Self-main/results/dwbg_pool_seed3407/sd2_2000_s42_msdf_v3/Plastic_Bomo/01_Flash_point/image/53.jpg,3407
dwbg_0_3407_54_000124,0,False,False,,0.0,0.04489180073142052,/mnt/sda/cbj/ImageGeneration/Self-main/results/dwbg_pool_seed3407/sd2_2000_s42_msdf_v3/Plastic_Bomo/01_Flash_point/image/54.jpg,3407
dwbg_0_3407_55_000125,0,False,False,,0.7119196057319641,0.12265174090862274,/mnt/sda/cbj/ImageGeneration/Self-main/results/dwbg_pool_seed3407/sd2_2000_s42_msdf_v3/Plastic_Bomo/01_Flash_point/image/55.jpg,3407
dwbg_0_3407_56_000126,0,False,False,,0.0,0.0011639466974884272,/mnt/sda/cbj/ImageGeneration/Self-main/results/dwbg_pool_seed3407/sd2_2000_s42_msdf_v3/Plastic_Bomo/01_Flash_point/image/56.jpg,3407
dwbg_0_3407_57_000127,0,True,True,0.6939703197045829,0.5867577791213989,0.007521543651819229,/mnt/sda/cbj/ImageGeneration/Self-main/results/dwbg_pool_seed3407/sd2_2000_s42_msdf_v3/Plastic_Bomo/01_Flash_point/image/57.jpg,3407
dwbg_0_3407_58_000128,0,True,True,0.6765749097469521,0.8226259350776672,0.00473532360047102,/mnt/sda/cbj/ImageGeneration/Self-main/results/dwbg_pool_seed3407/sd2_2000_s42_msdf_v3/Plastic_Bomo/01_Flash_point/image/58.jpg,3407
dwbg_0_3407_59_000129,0,False,False,,0.5250895023345947,0.1054297462105751,/mnt/sda/cbj/ImageGeneration/Self-main/results/dwbg_pool_seed3407/sd2_2000_s42_msdf_v3/Plastic_Bomo/01_Flash_point/image/59.jpg,3407
dwbg_0_3407_61_000130,0,True,True,0.8290516660913979,0.6229403018951416,0.3028469383716583,/mnt/sda/cbj/ImageGeneration/Self-main/results/dwbg_pool_seed3407/sd2_2000_s42_msdf_v3/Plastic_Bomo/01_Flash_point/image/61.jpg,3407
dwbg_0_3407_62_000131,0,False,False,,0.6821134686470032,0.05355500802397728,/mnt/sda/cbj/ImageGeneration/Self-main/results/dwbg_pool_seed3407/sd2_2000_s42_msdf_v3/Plastic_Bomo/01_Flash_point/image/62.jpg,3407
dwbg_0_3407_63_000132,0,False,False,,0.5574933290481567,0.03716433048248291,/mnt/sda/cbj/ImageGeneration/Self-main/results/dwbg_pool_seed3407/sd2_2000_s42_msdf_v3/Plastic_Bomo/01_Flash_point/image/63.jpg,3407
dwbg_0_3407_65_000133,0,True,True,0.7122858560991958,0.8839213848114014,0.10006782412528992,/mnt/sda/cbj/ImageGeneration/Self-main/results/dwbg_pool_seed3407/sd2_2000_s42_msdf_v3/Plastic_Bomo/01_Flash_point/image/65.jpg,3407
dwbg_0_3407_66_000134,0,True,True,0.758359491160229,0.6083354353904724,0.0036451383493840694,/mnt/sda/cbj/ImageGeneration/Self-main/results/dwbg_pool_seed3407/sd2_2000_s42_msdf_v3/Plastic_Bomo/01_Flash_point/image/66.jpg,3407
dwbg_0_3407_67_000135,0,True,True,0.611976045378817,0.7548149228096008,0.02154015190899372,/mnt/sda/cbj/ImageGeneration/Self-main/results/dwbg_pool_seed3407/sd2_2000_s42_msdf_v3/Plastic_Bomo/01_Flash_point/image/67.jpg,3407
dwbg_0_3407_68_000136,0,True,True,0.8035501506730816,0.7848979830741882,0.006405383814126253,/mnt/sda/cbj/ImageGeneration/Self-main/results/dwbg_pool_seed3407/sd2_2000_s42_msdf_v3/Plastic_Bomo/01_Flash_point/image/68.jpg,3407
dwbg_0_3407_69_000137,0,True,True,0.7061738598842868,0.6262867450714111,0.022226696833968163,/mnt/sda/cbj/ImageGeneration/Self-main/results/dwbg_pool_seed3407/sd2_2000_s42_msdf_v3/Plastic_Bomo/01_Flash_point/image/69.jpg,3407
dwbg_0_3407_7_000138,0,True,True,0.7885846994349578,0.592495858669281,0.004935478791594505,/mnt/sda/cbj/ImageGeneration/Self-main/results/dwbg_pool_seed3407/sd2_2000_s42_msdf_v3/Plastic_Bomo/01_Flash_point/image/7.jpg,3407
dwbg_0_3407_70_000139,0,True,True,0.8190873363681789,0.5073314309120178,0.0313609279692173,/mnt/sda/cbj/ImageGeneration/Self-main/results/dwbg_pool_seed3407/sd2_2000_s42_msdf_v3/Plastic_Bomo/01_Flash_point/image/70.jpg,3407
dwbg_0_3407_73_000140,0,False,False,,0.0,0.0,/mnt/sda/cbj/ImageGeneration/Self-main/results/dwbg_pool_seed3407/sd2_2000_s42_msdf_v3/Plastic_Bomo/01_Flash_point/image/73.jpg,3407
dwbg_0_3407_74_000141,0,True,True,0.7970743165104274,0.6114287376403809,0.17696276307106018,/mnt/sda/cbj/ImageGeneration/Self-main/results/dwbg_pool_seed3407/sd2_2000_s42_msdf_v3/Plastic_Bomo/01_Flash_point/image/74.jpg,3407
dwbg_0_3407_8_000142,0,False,False,,0.0,0.5178616642951965,/mnt/sda/cbj/ImageGeneration/Self-main/results/dwbg_pool_seed3407/sd2_2000_s42_msdf_v3/Plastic_Bomo/01_Flash_point/image/8.jpg,3407
dwbg_0_3407_9_000143,0,True,True,0.6431731570362915,0.6857610940933228,0.004785038065165281,/mnt/sda/cbj/ImageGeneration/Self-main/results/dwbg_pool_seed3407/sd2_2000_s42_msdf_v3/Plastic_Bomo/01_Flash_point/image/9.jpg,3407
dwbg_1_3407_11_000144,1,True,True,0.7119177372521492,0.429484486579895,0.31006789207458496,/mnt/sda/cbj/ImageGeneration/Self-main/results/dwbg_pool_seed3407/sd2_2000_s42_msdf_v3/Plastic_Bomo/02_Big_black_spots/image/11.jpg,3407
dwbg_1_3407_12_000145,1,True,True,0.6722635410162217,0.7043832540512085,0.41454827785491943,/mnt/sda/cbj/ImageGeneration/Self-main/results/dwbg_pool_seed3407/sd2_2000_s42_msdf_v3/Plastic_Bomo/02_Big_black_spots/image/12.jpg,3407
dwbg_1_3407_14_000146,1,True,True,0.7505034247050459,0.6026021242141724,0.19519594311714172,/mnt/sda/cbj/ImageGeneration/Self-main/results/dwbg_pool_seed3407/sd2_2000_s42_msdf_v3/Plastic_Bomo/02_Big_black_spots/image/14.jpg,3407
dwbg_1_3407_15_000147,1,True,True,0.7287231873882537,0.575079083442688,0.0011933447094634175,/mnt/sda/cbj/ImageGeneration/Self-main/results/dwbg_pool_seed3407/sd2_2000_s42_msdf_v3/Plastic_Bomo/02_Big_black_spots/image/15.jpg,3407
dwbg_1_3407_16_000148,1,True,True,0.6091933314966906,0.5691976547241211,0.3917671740055084,/mnt/sda/cbj/ImageGeneration/Self-main/results/dwbg_pool_seed3407/sd2_2000_s42_msdf_v3/Plastic_Bomo/02_Big_black_spots/image/16.jpg,3407
dwbg_1_3407_17_000149,1,True,True,0.7345641013756107,0.5741851329803467,0.00903863925486803,/mnt/sda/cbj/ImageGeneration/Self-main/results/dwbg_pool_seed3407/sd2_2000_s42_msdf_v3/Plastic_Bomo/02_Big_black_spots/image/17.jpg,3407
dwbg_1_3407_18_000150,1,True,True,0.7219746558637177,0.6819366812705994,0.613862931728363,/mnt/sda/cbj/ImageGeneration/Self-main/results/dwbg_pool_seed3407/sd2_2000_s42_msdf_v3/Plastic_Bomo/02_Big_black_spots/image/18.jpg,3407
dwbg_1_3407_19_000151,1,True,True,0.7213514974119561,0.6318652629852295,0.30524158477783203,/mnt/sda/cbj/ImageGeneration/Self-main/results/dwbg_pool_seed3407/sd2_2000_s42_msdf_v3/Plastic_Bomo/02_Big_black_spots/image/19.jpg,3407
dwbg_1_3407_20_000152,1,True,True,0.6840445921029953,0.6352649927139282,0.0036907626781612635,/mnt/sda/cbj/ImageGeneration/Self-main/results/dwbg_pool_seed3407/sd2_2000_s42_msdf_v3/Plastic_Bomo/02_Big_black_spots/image/20.jpg,3407
dwbg_1_3407_21_000153,1,True,True,0.6953232148072379,0.4735560417175293,0.40457865595817566,/mnt/sda/cbj/ImageGeneration/Self-main/results/dwbg_pool_seed3407/sd2_2000_s42_msdf_v3/Plastic_Bomo/02_Big_black_spots/image/21.jpg,3407
dwbg_1_3407_22_000154,1,True,True,0.8029547609246042,0.7647817730903625,0.4446048140525818,/mnt/sda/cbj/ImageGeneration/Self-main/results/dwbg_pool_seed3407/sd2_2000_s42_msdf_v3/Plastic_Bomo/02_Big_black_spots/image/22.jpg,3407
dwbg_1_3407_23_000155,1,True,True,0.7114752478941373,0.6697758436203003,0.6339592933654785,/mnt/sda/cbj/ImageGeneration/Self-main/results/dwbg_pool_seed3407/sd2_2000_s42_msdf_v3/Plastic_Bomo/02_Big_black_spots/image/23.jpg,3407
dwbg_1_3407_24_000156,1,True,True,0.7304272290007277,0.6407837271690369,0.20718738436698914,/mnt/sda/cbj/ImageGeneration/Self-main/results/dwbg_pool_seed3407/sd2_2000_s42_msdf_v3/Plastic_Bomo/02_Big_black_spots/image/24.jpg,3407
dwbg_1_3407_25_000157,1,False,False,,0.0,0.0,/mnt/sda/cbj/ImageGeneration/Self-main/results/dwbg_pool_seed3407/sd2_2000_s42_msdf_v3/Plastic_Bomo/02_Big_black_spots/image/25.jpg,3407
dwbg_1_3407_28_000158,1,True,True,0.4326131013269789,0.7032749652862549,0.5025106072425842,/mnt/sda/cbj/ImageGeneration/Self-main/results/dwbg_pool_seed3407/sd2_2000_s42_msdf_v3/Plastic_Bomo/02_Big_black_spots/image/28.jpg,3407
dwbg_1_3407_30_000159,1,True,True,0.679570934880812,0.6247454285621643,0.4605284035205841,/mnt/sda/cbj/ImageGeneration/Self-main/results/dwbg_pool_seed3407/sd2_2000_s42_msdf_v3/Plastic_Bomo/02_Big_black_spots/image/30.jpg,3407
dwbg_1_3407_31_000160,1,True,True,0.806417329131961,0.8172898292541504,0.5981941223144531,/mnt/sda/cbj/ImageGeneration/Self-main/results/dwbg_pool_seed3407/sd2_2000_s42_msdf_v3/Plastic_Bomo/02_Big_black_spots/image/31.jpg,3407
dwbg_1_3407_32_000161,1,True,True,0.7170566232561828,0.714988648891449,0.3371993899345398,/mnt/sda/cbj/ImageGeneration/Self-main/results/dwbg_pool_seed3407/sd2_2000_s42_msdf_v3/Plastic_Bomo/02_Big_black_spots/image/32.jpg,3407
dwbg_1_3407_33_000162,1,True,True,0.6811803249462061,0.7612711787223816,0.42391806840896606,/mnt/sda/cbj/ImageGeneration/Self-main/results/dwbg_pool_seed3407/sd2_2000_s42_msdf_v3/Plastic_Bomo/02_Big_black_spots/image/33.jpg,3407
dwbg_1_3407_34_000163,1,True,True,0.7143328193707784,0.5296173691749573,0.10125739127397537,/mnt/sda/cbj/ImageGeneration/Self-main/results/dwbg_pool_seed3407/sd2_2000_s42_msdf_v3/Plastic_Bomo/02_Big_black_spots/image/34.jpg,3407
dwbg_1_3407_35_000164,1,True,True,0.7350456983529451,0.7270022630691528,0.007062052842229605,/mnt/sda/cbj/ImageGeneration/Self-main/results/dwbg_pool_seed3407/sd2_2000_s42_msdf_v3/Plastic_Bomo/02_Big_black_spots/image/35.jpg,3407
dwbg_1_3407_7_000165,1,True,True,0.6893570012370447,0.5064499974250793,0.6025636792182922,/mnt/sda/cbj/ImageGeneration/Self-main/results/dwbg_pool_seed3407/sd2_2000_s42_msdf_v3/Plastic_Bomo/02_Big_black_spots/image/7.jpg,3407
dwbg_1_3407_9_000166,1,True,True,0.809328065449148,0.8188523650169373,0.022281261160969734,/mnt/sda/cbj/ImageGeneration/Self-main/results/dwbg_pool_seed3407/sd2_2000_s42_msdf_v3/Plastic_Bomo/02_Big_black_spots/image/9.jpg,3407
dwbg_0_7859_0_000167,0,True,True,0.46435756141358997,0.5105133652687073,0.006740691140294075,/mnt/sda/cbj/ImageGeneration/Self-main/results/dwbg_pool_seed7859/sd2_2000_s42_msdf_v3/Plastic_Bomo/01_Flash_point/image/0.jpg,7859
dwbg_0_7859_10_000168,0,True,True,0.79568854926148,0.42389926314353943,0.11324013024568558,/mnt/sda/cbj/ImageGeneration/Self-main/results/dwbg_pool_seed7859/sd2_2000_s42_msdf_v3/Plastic_Bomo/01_Flash_point/image/10.jpg,7859
dwbg_0_7859_11_000169,0,False,False,,0.6257796883583069,0.053424689918756485,/mnt/sda/cbj/ImageGeneration/Self-main/results/dwbg_pool_seed7859/sd2_2000_s42_msdf_v3/Plastic_Bomo/01_Flash_point/image/11.jpg,7859
dwbg_0_7859_12_000170,0,True,True,0.8138635388701317,0.4608534276485443,0.04783935099840164,/mnt/sda/cbj/ImageGeneration/Self-main/results/dwbg_pool_seed7859/sd2_2000_s42_msdf_v3/Plastic_Bomo/01_Flash_point/image/12.jpg,7859
dwbg_0_7859_13_000171,0,True,True,0.8051615667053975,0.8084404468536377,0.02090909332036972,/mnt/sda/cbj/ImageGeneration/Self-main/results/dwbg_pool_seed7859/sd2_2000_s42_msdf_v3/Plastic_Bomo/01_Flash_point/image/13.jpg,7859
dwbg_0_7859_14_000172,0,True,True,0.8715420535009211,0.8303192257881165,0.005181472282856703,/mnt/sda/cbj/ImageGeneration/Self-main/results/dwbg_pool_seed7859/sd2_2000_s42_msdf_v3/Plastic_Bomo/01_Flash_point/image/14.jpg,7859
dwbg_0_7859_15_000173,0,False,False,,0.0,0.0013000532053411007,/mnt/sda/cbj/ImageGeneration/Self-main/results/dwbg_pool_seed7859/sd2_2000_s42_msdf_v3/Plastic_Bomo/01_Flash_point/image/15.jpg,7859
dwbg_0_7859_16_000174,0,True,True,0.8014193392124949,0.5748003125190735,0.04308869689702988,/mnt/sda/cbj/ImageGeneration/Self-main/results/dwbg_pool_seed7859/sd2_2000_s42_msdf_v3/Plastic_Bomo/01_Flash_point/image/16.jpg,7859
dwbg_0_7859_17_000175,0,False,False,,0.0,0.2175612449645996,/mnt/sda/cbj/ImageGeneration/Self-main/results/dwbg_pool_seed7859/sd2_2000_s42_msdf_v3/Plastic_Bomo/01_Flash_point/image/17.jpg,7859
dwbg_0_7859_18_000176,0,True,True,0.7670668978559084,0.46135568618774414,0.021360961720347404,/mnt/sda/cbj/ImageGeneration/Self-main/results/dwbg_pool_seed7859/sd2_2000_s42_msdf_v3/Plastic_Bomo/01_Flash_point/image/18.jpg,7859
dwbg_0_7859_19_000177,0,True,True,0.7689150423389837,0.7754598259925842,0.0023931171745061874,/mnt/sda/cbj/ImageGeneration/Self-main/results/dwbg_pool_seed7859/sd2_2000_s42_msdf_v3/Plastic_Bomo/01_Flash_point/image/19.jpg,7859
dwbg_0_7859_2_000178,0,False,False,,0.5547181963920593,0.005841173697263002,/mnt/sda/cbj/ImageGeneration/Self-main/results/dwbg_pool_seed7859/sd2_2000_s42_msdf_v3/Plastic_Bomo/01_Flash_point/image/2.jpg,7859
dwbg_0_7859_20_000179,0,True,True,0.6589299011381475,0.8351340889930725,0.073618084192276,/mnt/sda/cbj/ImageGeneration/Self-main/results/dwbg_pool_seed7859/sd2_2000_s42_msdf_v3/Plastic_Bomo/01_Flash_point/image/20.jpg,7859
dwbg_0_7859_21_000180,0,True,True,0.797745354073964,0.706309974193573,0.19988398253917694,/mnt/sda/cbj/ImageGeneration/Self-main/results/dwbg_pool_seed7859/sd2_2000_s42_msdf_v3/Plastic_Bomo/01_Flash_point/image/21.jpg,7859
dwbg_0_7859_22_000181,0,True,True,0.8202670092935354,0.664821982383728,0.07123897224664688,/mnt/sda/cbj/ImageGeneration/Self-main/results/dwbg_pool_seed7859/sd2_2000_s42_msdf_v3/Plastic_Bomo/01_Flash_point/image/22.jpg,7859
dwbg_0_7859_23_000182,0,False,False,,0.6611770987510681,0.023740455508232117,/mnt/sda/cbj/ImageGeneration/Self-main/results/dwbg_pool_seed7859/sd2_2000_s42_msdf_v3/Plastic_Bomo/01_Flash_point/image/23.jpg,7859
dwbg_0_7859_24_000183,0,False,False,,0.0,0.002046560402959585,/mnt/sda/cbj/ImageGeneration/Self-main/results/dwbg_pool_seed7859/sd2_2000_s42_msdf_v3/Plastic_Bomo/01_Flash_point/image/24.jpg,7859
dwbg_0_7859_25_000184,0,True,True,0.6966538291299481,0.652989387512207,0.0015105558559298515,/mnt/sda/cbj/ImageGeneration/Self-main/results/dwbg_pool_seed7859/sd2_2000_s42_msdf_v3/Plastic_Bomo/01_Flash_point/image/25.jpg,7859
dwbg_0_7859_26_000185,0,True,True,0.4730304251599951,0.7043785452842712,0.014195448718965054,/mnt/sda/cbj/ImageGeneration/Self-main/results/dwbg_pool_seed7859/sd2_2000_s42_msdf_v3/Plastic_Bomo/01_Flash_point/image/26.jpg,7859
dwbg_0_7859_28_000186,0,True,True,0.8334756942656109,0.5760238766670227,0.27980196475982666,/mnt/sda/cbj/ImageGeneration/Self-main/results/dwbg_pool_seed7859/sd2_2000_s42_msdf_v3/Plastic_Bomo/01_Flash_point/image/28.jpg,7859
dwbg_0_7859_29_000187,0,True,True,0.80424073704555,0.6899563074111938,0.11003109812736511,/mnt/sda/cbj/ImageGeneration/Self-main/results/dwbg_pool_seed7859/sd2_2000_s42_msdf_v3/Plastic_Bomo/01_Flash_point/image/29.jpg,7859
dwbg_0_7859_30_000188,0,False,False,,0.7399081587791443,0.0020792344585061073,/mnt/sda/cbj/ImageGeneration/Self-main/results/dwbg_pool_seed7859/sd2_2000_s42_msdf_v3/Plastic_Bomo/01_Flash_point/image/30.jpg,7859
dwbg_0_7859_32_000189,0,True,True,0.7620587447894936,0.6128474473953247,0.0018676299368962646,/mnt/sda/cbj/ImageGeneration/Self-main/results/dwbg_pool_seed7859/sd2_2000_s42_msdf_v3/Plastic_Bomo/01_Flash_point/image/32.jpg,7859
dwbg_0_7859_33_000190,0,True,True,0.793007450895687,0.5242445468902588,0.006831805687397718,/mnt/sda/cbj/ImageGeneration/Self-main/results/dwbg_pool_seed7859/sd2_2000_s42_msdf_v3/Plastic_Bomo/01_Flash_point/image/33.jpg,7859
dwbg_0_7859_34_000191,0,True,True,0.7963774574564695,0.7688340544700623,0.03775369003415108,/mnt/sda/cbj/ImageGeneration/Self-main/results/dwbg_pool_seed7859/sd2_2000_s42_msdf_v3/Plastic_Bomo/01_Flash_point/image/34.jpg,7859
dwbg_0_7859_35_000192,0,True,True,0.7866844452431798,0.755121111869812,0.03668563812971115,/mnt/sda/cbj/ImageGeneration/Self-main/results/dwbg_pool_seed7859/sd2_2000_s42_msdf_v3/Plastic_Bomo/01_Flash_point/image/35.jpg,7859
dwbg_0_7859_36_000193,0,True,True,0.8053225001749325,0.7742723822593689,0.07575498521327972,/mnt/sda/cbj/ImageGeneration/Self-main/results/dwbg_pool_seed7859/sd2_2000_s42_msdf_v3/Plastic_Bomo/01_Flash_point/image/36.jpg,7859
dwbg_0_7859_37_000194,0,True,True,0.8431929073259965,0.6386584639549255,0.20119546353816986,/mnt/sda/cbj/ImageGeneration/Self-main/results/dwbg_pool_seed7859/sd2_2000_s42_msdf_v3/Plastic_Bomo/01_Flash_point/image/37.jpg,7859
dwbg_0_7859_38_000195,0,True,True,0.7953784563292142,0.7788664102554321,0.15571726858615875,/mnt/sda/cbj/ImageGeneration/Self-main/results/dwbg_pool_seed7859/sd2_2000_s42_msdf_v3/Plastic_Bomo/01_Flash_point/image/38.jpg,7859
dwbg_0_7859_4_000196,0,False,False,,0.6121822595596313,0.014556501992046833,/mnt/sda/cbj/ImageGeneration/Self-main/results/dwbg_pool_seed7859/sd2_2000_s42_msdf_v3/Plastic_Bomo/01_Flash_point/image/4.jpg,7859
dwbg_0_7859_40_000197,0,True,True,0.7877151216176249,0.7584754824638367,0.09129010140895844,/mnt/sda/cbj/ImageGeneration/Self-main/results/dwbg_pool_seed7859/sd2_2000_s42_msdf_v3/Plastic_Bomo/01_Flash_point/image/40.jpg,7859
dwbg_0_7859_41_000198,0,True,True,0.6928224212731593,0.6729573011398315,0.3011131286621094,/mnt/sda/cbj/ImageGeneration/Self-main/results/dwbg_pool_seed7859/sd2_2000_s42_msdf_v3/Plastic_Bomo/01_Flash_point/image/41.jpg,7859
dwbg_0_7859_42_000199,0,False,False,,0.8233951330184937,0.1321408897638321,/mnt/sda/cbj/ImageGeneration/Self-main/results/dwbg_pool_seed7859/sd2_2000_s42_msdf_v3/Plastic_Bomo/01_Flash_point/image/42.jpg,7859
dwbg_0_7859_43_000200,0,True,True,0.8398106388514114,0.6237958073616028,0.002214290201663971,/mnt/sda/cbj/ImageGeneration/Self-main/results/dwbg_pool_seed7859/sd2_2000_s42_msdf_v3/Plastic_Bomo/01_Flash_point/image/43.jpg,7859
dwbg_0_7859_44_000201,0,False,False,,0.48977455496788025,0.005690647754818201,/mnt/sda/cbj/ImageGeneration/Self-main/results/dwbg_pool_seed7859/sd2_2000_s42_msdf_v3/Plastic_Bomo/01_Flash_point/image/44.jpg,7859
dwbg_0_7859_45_000202,0,True,True,0.8213266257282439,0.6634513139724731,0.2586798667907715,/mnt/sda/cbj/ImageGeneration/Self-main/results/dwbg_pool_seed7859/sd2_2000_s42_msdf_v3/Plastic_Bomo/01_Flash_point/image/45.jpg,7859
dwbg_0_7859_46_000203,0,False,False,,0.6811133623123169,0.034312788397073746,/mnt/sda/cbj/ImageGeneration/Self-main/results/dwbg_pool_seed7859/sd2_2000_s42_msdf_v3/Plastic_Bomo/01_Flash_point/image/46.jpg,7859
dwbg_0_7859_47_000204,0,False,False,,0.0,0.0,/mnt/sda/cbj/ImageGeneration/Self-main/results/dwbg_pool_seed7859/sd2_2000_s42_msdf_v3/Plastic_Bomo/01_Flash_point/image/47.jpg,7859
dwbg_0_7859_48_000205,0,False,False,,0.740723729133606,0.18691669404506683,/mnt/sda/cbj/ImageGeneration/Self-main/results/dwbg_pool_seed7859/sd2_2000_s42_msdf_v3/Plastic_Bomo/01_Flash_point/image/48.jpg,7859
dwbg_0_7859_49_000206,0,True,True,0.8052758204866904,0.6162174344062805,0.0034835701808333397,/mnt/sda/cbj/ImageGeneration/Self-main/results/dwbg_pool_seed7859/sd2_2000_s42_msdf_v3/Plastic_Bomo/01_Flash_point/image/49.jpg,7859
dwbg_0_7859_5_000207,0,False,False,,0.5292080044746399,0.005498907063156366,/mnt/sda/cbj/ImageGeneration/Self-main/results/dwbg_pool_seed7859/sd2_2000_s42_msdf_v3/Plastic_Bomo/01_Flash_point/image/5.jpg,7859
dwbg_0_7859_50_000208,0,True,True,0.814922335108766,0.5899758338928223,0.008386085741221905,/mnt/sda/cbj/ImageGeneration/Self-main/results/dwbg_pool_seed7859/sd2_2000_s42_msdf_v3/Plastic_Bomo/01_Flash_point/image/50.jpg,7859
dwbg_0_7859_52_000209,0,True,True,0.807365075618065,0.39692580699920654,0.002417605370283127,/mnt/sda/cbj/ImageGeneration/Self-main/results/dwbg_pool_seed7859/sd2_2000_s42_msdf_v3/Plastic_Bomo/01_Flash_point/image/52.jpg,7859
dwbg_0_7859_53_000210,0,True,True,0.6603577708992636,0.4922860264778137,0.06667038053274155,/mnt/sda/cbj/ImageGeneration/Self-main/results/dwbg_pool_seed7859/sd2_2000_s42_msdf_v3/Plastic_Bomo/01_Flash_point/image/53.jpg,7859
dwbg_0_7859_54_000211,0,True,True,0.6438971053638327,0.5265079140663147,0.20263560116291046,/mnt/sda/cbj/ImageGeneration/Self-main/results/dwbg_pool_seed7859/sd2_2000_s42_msdf_v3/Plastic_Bomo/01_Flash_point/image/54.jpg,7859
dwbg_0_7859_55_000212,0,True,True,0.735765806206343,0.600937008857727,0.10481414198875427,/mnt/sda/cbj/ImageGeneration/Self-main/results/dwbg_pool_seed7859/sd2_2000_s42_msdf_v3/Plastic_Bomo/01_Flash_point/image/55.jpg,7859
dwbg_0_7859_56_000213,0,True,True,0.7841120389799778,0.7497500777244568,0.13683192431926727,/mnt/sda/cbj/ImageGeneration/Self-main/results/dwbg_pool_seed7859/sd2_2000_s42_msdf_v3/Plastic_Bomo/01_Flash_point/image/56.jpg,7859
dwbg_0_7859_58_000214,0,True,True,0.5809070374686197,0.6922151446342468,0.19260860979557037,/mnt/sda/cbj/ImageGeneration/Self-main/results/dwbg_pool_seed7859/sd2_2000_s42_msdf_v3/Plastic_Bomo/01_Flash_point/image/58.jpg,7859
dwbg_0_7859_59_000215,0,True,True,0.6568826537360917,0.8413050770759583,0.4435471296310425,/mnt/sda/cbj/ImageGeneration/Self-main/results/dwbg_pool_seed7859/sd2_2000_s42_msdf_v3/Plastic_Bomo/01_Flash_point/image/59.jpg,7859
dwbg_0_7859_60_000216,0,True,True,0.7712129293227774,0.6178596615791321,0.00446142815053463,/mnt/sda/cbj/ImageGeneration/Self-main/results/dwbg_pool_seed7859/sd2_2000_s42_msdf_v3/Plastic_Bomo/01_Flash_point/image/60.jpg,7859
dwbg_0_7859_61_000217,0,False,False,,0.0,0.11017423123121262,/mnt/sda/cbj/ImageGeneration/Self-main/results/dwbg_pool_seed7859/sd2_2000_s42_msdf_v3/Plastic_Bomo/01_Flash_point/image/61.jpg,7859
dwbg_0_7859_62_000218,0,False,False,,0.5602580904960632,0.0882992297410965,/mnt/sda/cbj/ImageGeneration/Self-main/results/dwbg_pool_seed7859/sd2_2000_s42_msdf_v3/Plastic_Bomo/01_Flash_point/image/62.jpg,7859
dwbg_0_7859_63_000219,0,True,True,0.7660200336677655,0.6521113514900208,0.006184614263474941,/mnt/sda/cbj/ImageGeneration/Self-main/results/dwbg_pool_seed7859/sd2_2000_s42_msdf_v3/Plastic_Bomo/01_Flash_point/image/63.jpg,7859
dwbg_0_7859_65_000220,0,True,True,0.75638397309947,0.7144625186920166,0.015745043754577637,/mnt/sda/cbj/ImageGeneration/Self-main/results/dwbg_pool_seed7859/sd2_2000_s42_msdf_v3/Plastic_Bomo/01_Flash_point/image/65.jpg,7859
dwbg_0_7859_66_000221,0,True,True,0.2352336971813483,0.8278582096099854,0.03380381688475609,/mnt/sda/cbj/ImageGeneration/Self-main/results/dwbg_pool_seed7859/sd2_2000_s42_msdf_v3/Plastic_Bomo/01_Flash_point/image/66.jpg,7859
dwbg_0_7859_67_000222,0,True,True,0.7487284433941425,0.5258268117904663,0.06090131774544716,/mnt/sda/cbj/ImageGeneration/Self-main/results/dwbg_pool_seed7859/sd2_2000_s42_msdf_v3/Plastic_Bomo/01_Flash_point/image/67.jpg,7859
dwbg_0_7859_68_000223,0,False,False,,0.0,0.0,/mnt/sda/cbj/ImageGeneration/Self-main/results/dwbg_pool_seed7859/sd2_2000_s42_msdf_v3/Plastic_Bomo/01_Flash_point/image/68.jpg,7859
dwbg_0_7859_69_000224,0,False,False,,0.8705500960350037,0.001724373665638268,/mnt/sda/cbj/ImageGeneration/Self-main/results/dwbg_pool_seed7859/sd2_2000_s42_msdf_v3/Plastic_Bomo/01_Flash_point/image/69.jpg,7859
dwbg_0_7859_7_000225,0,True,True,0.6735598150991622,0.7150457501411438,0.006356112193316221,/mnt/sda/cbj/ImageGeneration/Self-main/results/dwbg_pool_seed7859/sd2_2000_s42_msdf_v3/Plastic_Bomo/01_Flash_point/image/7.jpg,7859
dwbg_0_7859_70_000226,0,False,False,,0.0,0.0,/mnt/sda/cbj/ImageGeneration/Self-main/results/dwbg_pool_seed7859/sd2_2000_s42_msdf_v3/Plastic_Bomo/01_Flash_point/image/70.jpg,7859
dwbg_0_7859_71_000227,0,True,True,0.7209330147781674,0.5551002621650696,0.1963307410478592,/mnt/sda/cbj/ImageGeneration/Self-main/results/dwbg_pool_seed7859/sd2_2000_s42_msdf_v3/Plastic_Bomo/01_Flash_point/image/71.jpg,7859
dwbg_0_7859_72_000228,0,True,True,0.7694598768237855,0.6033098697662354,0.38507890701293945,/mnt/sda/cbj/ImageGeneration/Self-main/results/dwbg_pool_seed7859/sd2_2000_s42_msdf_v3/Plastic_Bomo/01_Flash_point/image/72.jpg,7859
dwbg_0_7859_73_000229,0,True,True,0.7753545491410071,0.5092951655387878,0.028499122709035873,/mnt/sda/cbj/ImageGeneration/Self-main/results/dwbg_pool_seed7859/sd2_2000_s42_msdf_v3/Plastic_Bomo/01_Flash_point/image/73.jpg,7859
dwbg_0_7859_74_000230,0,True,True,0.7998066621617362,0.5797356367111206,0.024749476462602615,/mnt/sda/cbj/ImageGeneration/Self-main/results/dwbg_pool_seed7859/sd2_2000_s42_msdf_v3/Plastic_Bomo/01_Flash_point/image/74.jpg,7859
dwbg_0_7859_75_000231,0,True,True,0.7877155635912805,0.7603282928466797,0.00306964130140841,/mnt/sda/cbj/ImageGeneration/Self-main/results/dwbg_pool_seed7859/sd2_2000_s42_msdf_v3/Plastic_Bomo/01_Flash_point/image/75.jpg,7859
dwbg_0_7859_8_000232,0,True,True,0.6810350057900859,0.7241341471672058,0.5172660946846008,/mnt/sda/cbj/ImageGeneration/Self-main/results/dwbg_pool_seed7859/sd2_2000_s42_msdf_v3/Plastic_Bomo/01_Flash_point/image/8.jpg,7859
dwbg_1_7859_1_000233,1,True,True,0.7338064464017899,0.8750644326210022,0.600080132484436,/mnt/sda/cbj/ImageGeneration/Self-main/results/dwbg_pool_seed7859/sd2_2000_s42_msdf_v3/Plastic_Bomo/02_Big_black_spots/image/1.jpg,7859
dwbg_1_7859_10_000234,1,True,True,0.7049727589215149,0.6751025319099426,0.38118064403533936,/mnt/sda/cbj/ImageGeneration/Self-main/results/dwbg_pool_seed7859/sd2_2000_s42_msdf_v3/Plastic_Bomo/02_Big_black_spots/image/10.jpg,7859
dwbg_1_7859_12_000235,1,True,True,0.7284842566199011,0.5830968618392944,0.39987480640411377,/mnt/sda/cbj/ImageGeneration/Self-main/results/dwbg_pool_seed7859/sd2_2000_s42_msdf_v3/Plastic_Bomo/02_Big_black_spots/image/12.jpg,7859
dwbg_1_7859_14_000236,1,True,True,0.500305976762323,0.6043472290039062,0.6423739790916443,/mnt/sda/cbj/ImageGeneration/Self-main/results/dwbg_pool_seed7859/sd2_2000_s42_msdf_v3/Plastic_Bomo/02_Big_black_spots/image/14.jpg,7859
dwbg_1_7859_16_000237,1,True,True,0.7072807765828252,0.5681735277175903,0.14250408113002777,/mnt/sda/cbj/ImageGeneration/Self-main/results/dwbg_pool_seed7859/sd2_2000_s42_msdf_v3/Plastic_Bomo/02_Big_black_spots/image/16.jpg,7859
dwbg_1_7859_19_000238,1,False,False,,0.47077447175979614,0.2531043291091919,/mnt/sda/cbj/ImageGeneration/Self-main/results/dwbg_pool_seed7859/sd2_2000_s42_msdf_v3/Plastic_Bomo/02_Big_black_spots/image/19.jpg,7859
dwbg_1_7859_20_000239,1,True,True,0.7438013362477858,0.6722589135169983,0.6190645098686218,/mnt/sda/cbj/ImageGeneration/Self-main/results/dwbg_pool_seed7859/sd2_2000_s42_msdf_v3/Plastic_Bomo/02_Big_black_spots/image/20.jpg,7859
dwbg_1_7859_21_000240,1,True,True,0.6598620034773829,0.59110426902771,0.5765389204025269,/mnt/sda/cbj/ImageGeneration/Self-main/results/dwbg_pool_seed7859/sd2_2000_s42_msdf_v3/Plastic_Bomo/02_Big_black_spots/image/21.jpg,7859
dwbg_1_7859_23_000241,1,True,True,0.5678258844348218,0.5208006501197815,0.6102538704872131,/mnt/sda/cbj/ImageGeneration/Self-main/results/dwbg_pool_seed7859/sd2_2000_s42_msdf_v3/Plastic_Bomo/02_Big_black_spots/image/23.jpg,7859
dwbg_1_7859_24_000242,1,True,True,0.7297373035971905,0.22121623158454895,0.3816918432712555,/mnt/sda/cbj/ImageGeneration/Self-main/results/dwbg_pool_seed7859/sd2_2000_s42_msdf_v3/Plastic_Bomo/02_Big_black_spots/image/24.jpg,7859
dwbg_1_7859_25_000243,1,True,True,0.6307095205069773,0.42890751361846924,0.08917372673749924,/mnt/sda/cbj/ImageGeneration/Self-main/results/dwbg_pool_seed7859/sd2_2000_s42_msdf_v3/Plastic_Bomo/02_Big_black_spots/image/25.jpg,7859
dwbg_1_7859_26_000244,1,True,True,0.3661936170551162,0.7532353401184082,0.2892008125782013,/mnt/sda/cbj/ImageGeneration/Self-main/results/dwbg_pool_seed7859/sd2_2000_s42_msdf_v3/Plastic_Bomo/02_Big_black_spots/image/26.jpg,7859
dwbg_1_7859_27_000245,1,True,True,0.7307754567355379,0.44675731658935547,0.456030011177063,/mnt/sda/cbj/ImageGeneration/Self-main/results/dwbg_pool_seed7859/sd2_2000_s42_msdf_v3/Plastic_Bomo/02_Big_black_spots/image/27.jpg,7859
dwbg_1_7859_28_000246,1,True,True,0.7003153497934032,0.7857105731964111,0.6275333762168884,/mnt/sda/cbj/ImageGeneration/Self-main/results/dwbg_pool_seed7859/sd2_2000_s42_msdf_v3/Plastic_Bomo/02_Big_black_spots/image/28.jpg,7859
dwbg_1_7859_29_000247,1,True,True,0.7237025665345845,0.8081320524215698,0.6747480630874634,/mnt/sda/cbj/ImageGeneration/Self-main/results/dwbg_pool_seed7859/sd2_2000_s42_msdf_v3/Plastic_Bomo/02_Big_black_spots/image/29.jpg,7859
dwbg_1_7859_34_000248,1,True,True,0.7062944326275599,0.6400067806243896,0.5972729921340942,/mnt/sda/cbj/ImageGeneration/Self-main/results/dwbg_pool_seed7859/sd2_2000_s42_msdf_v3/Plastic_Bomo/02_Big_black_spots/image/34.jpg,7859
dwbg_1_7859_35_000249,1,True,True,0.7173043435460246,0.5981079936027527,0.5387133359909058,/mnt/sda/cbj/ImageGeneration/Self-main/results/dwbg_pool_seed7859/sd2_2000_s42_msdf_v3/Plastic_Bomo/02_Big_black_spots/image/35.jpg,7859
dwbg_1_7859_4_000250,1,True,True,0.4271733014579461,0.21564461290836334,0.30196061730384827,/mnt/sda/cbj/ImageGeneration/Self-main/results/dwbg_pool_seed7859/sd2_2000_s42_msdf_v3/Plastic_Bomo/02_Big_black_spots/image/4.jpg,7859
dwbg_1_7859_5_000251,1,True,True,0.7077204113713066,0.8139896392822266,0.5574799180030823,/mnt/sda/cbj/ImageGeneration/Self-main/results/dwbg_pool_seed7859/sd2_2000_s42_msdf_v3/Plastic_Bomo/02_Big_black_spots/image/5.jpg,7859
dwbg_1_7859_6_000252,1,True,True,0.7058210214986194,0.4412447214126587,0.01198769174516201,/mnt/sda/cbj/ImageGeneration/Self-main/results/dwbg_pool_seed7859/sd2_2000_s42_msdf_v3/Plastic_Bomo/02_Big_black_spots/image/6.jpg,7859
dwbg_1_7859_8_000253,1,True,True,0.6743465570029328,0.7131031155586243,0.5878978371620178,/mnt/sda/cbj/ImageGeneration/Self-main/results/dwbg_pool_seed7859/sd2_2000_s42_msdf_v3/Plastic_Bomo/02_Big_black_spots/image/8.jpg,7859
dwbg_0_12011_0_000254,0,True,True,0.7907057582509088,0.632989764213562,0.18260610103607178,/mnt/sda/cbj/ImageGeneration/Self-main/results/dwbg_pool_seed12011/sd2_2000_s42_msdf_v3/Plastic_Bomo/01_Flash_point/image/0.jpg,12011
dwbg_0_12011_10_000255,0,True,True,0.7736021906080264,0.0,0.0,/mnt/sda/cbj/ImageGeneration/Self-main/results/dwbg_pool_seed12011/sd2_2000_s42_msdf_v3/Plastic_Bomo/01_Flash_point/image/10.jpg,12011
dwbg_0_12011_11_000256,0,False,False,,0.7375240325927734,0.05200257524847984,/mnt/sda/cbj/ImageGeneration/Self-main/results/dwbg_pool_seed12011/sd2_2000_s42_msdf_v3/Plastic_Bomo/01_Flash_point/image/11.jpg,12011
dwbg_0_12011_12_000257,0,False,False,,0.0,0.0,/mnt/sda/cbj/ImageGeneration/Self-main/results/dwbg_pool_seed12011/sd2_2000_s42_msdf_v3/Plastic_Bomo/01_Flash_point/image/12.jpg,12011
dwbg_0_12011_13_000258,0,True,True,0.8036650596855137,0.7047595977783203,0.0022763211745768785,/mnt/sda/cbj/ImageGeneration/Self-main/results/dwbg_pool_seed12011/sd2_2000_s42_msdf_v3/Plastic_Bomo/01_Flash_point/image/13.jpg,12011
dwbg_0_12011_14_000259,0,False,False,,0.5699865818023682,0.001562737743370235,/mnt/sda/cbj/ImageGeneration/Self-main/results/dwbg_pool_seed12011/sd2_2000_s42_msdf_v3/Plastic_Bomo/01_Flash_point/image/14.jpg,12011
dwbg_0_12011_15_000260,0,False,False,,0.5320044755935669,0.008213847875595093,/mnt/sda/cbj/ImageGeneration/Self-main/results/dwbg_pool_seed12011/sd2_2000_s42_msdf_v3/Plastic_Bomo/01_Flash_point/image/15.jpg,12011
dwbg_0_12011_16_000261,0,True,True,0.7514099283313251,0.0,0.0,/mnt/sda/cbj/ImageGeneration/Self-main/results/dwbg_pool_seed12011/sd2_2000_s42_msdf_v3/Plastic_Bomo/01_Flash_point/image/16.jpg,12011
dwbg_0_12011_17_000262,0,True,True,0.6605675944957256,0.8059895634651184,0.48665621876716614,/mnt/sda/cbj/ImageGeneration/Self-main/results/dwbg_pool_seed12011/sd2_2000_s42_msdf_v3/Plastic_Bomo/01_Flash_point/image/17.jpg,12011
dwbg_0_12011_18_000263,0,True,True,0.81375755840489,0.5299975872039795,0.03195090591907501,/mnt/sda/cbj/ImageGeneration/Self-main/results/dwbg_pool_seed12011/sd2_2000_s42_msdf_v3/Plastic_Bomo/01_Flash_point/image/18.jpg,12011
dwbg_0_12011_2_000264,0,True,True,0.7872973589258963,0.5420563220977783,0.06475313007831573,/mnt/sda/cbj/ImageGeneration/Self-main/results/dwbg_pool_seed12011/sd2_2000_s42_msdf_v3/Plastic_Bomo/01_Flash_point/image/2.jpg,12011
dwbg_0_12011_22_000265,0,True,True,0.7903995206726444,0.7371106743812561,0.5116297602653503,/mnt/sda/cbj/ImageGeneration/Self-main/results/dwbg_pool_seed12011/sd2_2000_s42_msdf_v3/Plastic_Bomo/01_Flash_point/image/22.jpg,12011
dwbg_0_12011_23_000266,0,True,True,0.7833240413647433,0.5790520310401917,0.13724131882190704,/mnt/sda/cbj/ImageGeneration/Self-main/results/dwbg_pool_seed12011/sd2_2000_s42_msdf_v3/Plastic_Bomo/01_Flash_point/image/23.jpg,12011
dwbg_0_12011_24_000267,0,False,False,,0.0,0.004133916925638914,/mnt/sda/cbj/ImageGeneration/Self-main/results/dwbg_pool_seed12011/sd2_2000_s42_msdf_v3/Plastic_Bomo/01_Flash_point/image/24.jpg,12011
dwbg_0_12011_25_000268,0,True,True,0.7738486582671005,0.795473575592041,0.4911000728607178,/mnt/sda/cbj/ImageGeneration/Self-main/results/dwbg_pool_seed12011/sd2_2000_s42_msdf_v3/Plastic_Bomo/01_Flash_point/image/25.jpg,12011
dwbg_0_12011_27_000269,0,False,False,,0.0,0.0,/mnt/sda/cbj/ImageGeneration/Self-main/results/dwbg_pool_seed12011/sd2_2000_s42_msdf_v3/Plastic_Bomo/01_Flash_point/image/27.jpg,12011
dwbg_0_12011_28_000270,0,True,True,0.7427836286029673,0.6470025777816772,0.030950676649808884,/mnt/sda/cbj/ImageGeneration/Self-main/results/dwbg_pool_seed12011/sd2_2000_s42_msdf_v3/Plastic_Bomo/01_Flash_point/image/28.jpg,12011
dwbg_0_12011_29_000271,0,True,True,0.7864380294630109,0.6034573316574097,0.0010201401310041547,/mnt/sda/cbj/ImageGeneration/Self-main/results/dwbg_pool_seed12011/sd2_2000_s42_msdf_v3/Plastic_Bomo/01_Flash_point/image/29.jpg,12011
dwbg_0_12011_3_000272,0,True,True,0.7820738592943405,0.0,0.0,/mnt/sda/cbj/ImageGeneration/Self-main/results/dwbg_pool_seed12011/sd2_2000_s42_msdf_v3/Plastic_Bomo/01_Flash_point/image/3.jpg,12011
dwbg_0_12011_31_000273,0,True,True,0.7952272111051863,0.5917141437530518,0.18686488270759583,/mnt/sda/cbj/ImageGeneration/Self-main/results/dwbg_pool_seed12011/sd2_2000_s42_msdf_v3/Plastic_Bomo/01_Flash_point/image/31.jpg,12011
dwbg_0_12011_32_000274,0,False,False,,0.0,0.02603200636804104,/mnt/sda/cbj/ImageGeneration/Self-main/results/dwbg_pool_seed12011/sd2_2000_s42_msdf_v3/Plastic_Bomo/01_Flash_point/image/32.jpg,12011
dwbg_0_12011_33_000275,0,False,False,,0.5613530874252319,0.02383171208202839,/mnt/sda/cbj/ImageGeneration/Self-main/results/dwbg_pool_seed12011/sd2_2000_s42_msdf_v3/Plastic_Bomo/01_Flash_point/image/33.jpg,12011
dwbg_0_12011_35_000276,0,True,True,0.7600974473794181,0.6816548109054565,0.04814465716481209,/mnt/sda/cbj/ImageGeneration/Self-main/results/dwbg_pool_seed12011/sd2_2000_s42_msdf_v3/Plastic_Bomo/01_Flash_point/image/35.jpg,12011
dwbg_0_12011_37_000277,0,True,True,0.8145900623114963,0.701770544052124,0.00912825483828783,/mnt/sda/cbj/ImageGeneration/Self-main/results/dwbg_pool_seed12011/sd2_2000_s42_msdf_v3/Plastic_Bomo/01_Flash_point/image/37.jpg,12011
dwbg_0_12011_4_000278,0,False,False,,0.46109506487846375,0.00592863280326128,/mnt/sda/cbj/ImageGeneration/Self-main/results/dwbg_pool_seed12011/sd2_2000_s42_msdf_v3/Plastic_Bomo/01_Flash_point/image/4.jpg,12011
dwbg_0_12011_41_000279,0,False,False,,0.41186749935150146,0.09000778198242188,/mnt/sda/cbj/ImageGeneration/Self-main/results/dwbg_pool_seed12011/sd2_2000_s42_msdf_v3/Plastic_Bomo/01_Flash_point/image/41.jpg,12011
dwbg_0_12011_42_000280,0,True,True,0.7867313263457757,0.5080773830413818,0.012919316999614239,/mnt/sda/cbj/ImageGeneration/Self-main/results/dwbg_pool_seed12011/sd2_2000_s42_msdf_v3/Plastic_Bomo/01_Flash_point/image/42.jpg,12011
dwbg_0_12011_43_000281,0,True,True,0.7826894423563535,0.7126153111457825,0.0020107163581997156,/mnt/sda/cbj/ImageGeneration/Self-main/results/dwbg_pool_seed12011/sd2_2000_s42_msdf_v3/Plastic_Bomo/01_Flash_point/image/43.jpg,12011
dwbg_0_12011_44_000282,0,False,False,,0.565596342086792,0.0016429751412943006,/mnt/sda/cbj/ImageGeneration/Self-main/results/dwbg_pool_seed12011/sd2_2000_s42_msdf_v3/Plastic_Bomo/01_Flash_point/image/44.jpg,12011
dwbg_0_12011_45_000283,0,False,False,,0.5802061557769775,0.0051555028185248375,/mnt/sda/cbj/ImageGeneration/Self-main/results/dwbg_pool_seed12011/sd2_2000_s42_msdf_v3/Plastic_Bomo/01_Flash_point/image/45.jpg,12011
dwbg_0_12011_46_000284,0,False,False,,0.4959421157836914,0.18173165619373322,/mnt/sda/cbj/ImageGeneration/Self-main/results/dwbg_pool_seed12011/sd2_2000_s42_msdf_v3/Plastic_Bomo/01_Flash_point/image/46.jpg,12011
dwbg_0_12011_47_000285,0,True,True,0.7571175824130608,0.0,0.004827057011425495,/mnt/sda/cbj/ImageGeneration/Self-main/results/dwbg_pool_seed12011/sd2_2000_s42_msdf_v3/Plastic_Bomo/01_Flash_point/image/47.jpg,12011
dwbg_0_12011_49_000286,0,True,True,0.7916507262788345,0.5959504842758179,0.09431375563144684,/mnt/sda/cbj/ImageGeneration/Self-main/results/dwbg_pool_seed12011/sd2_2000_s42_msdf_v3/Plastic_Bomo/01_Flash_point/image/49.jpg,12011
dwbg_0_12011_50_000287,0,True,True,0.8119407082085977,0.7285684943199158,0.36307308077812195,/mnt/sda/cbj/ImageGeneration/Self-main/results/dwbg_pool_seed12011/sd2_2000_s42_msdf_v3/Plastic_Bomo/01_Flash_point/image/50.jpg,12011
dwbg_0_12011_51_000288,0,True,True,0.8084372317546723,0.67154860496521,0.27407369017601013,/mnt/sda/cbj/ImageGeneration/Self-main/results/dwbg_pool_seed12011/sd2_2000_s42_msdf_v3/Plastic_Bomo/01_Flash_point/image/51.jpg,12011
dwbg_0_12011_53_000289,0,False,False,,0.5519928336143494,0.010283563286066055,/mnt/sda/cbj/ImageGeneration/Self-main/results/dwbg_pool_seed12011/sd2_2000_s42_msdf_v3/Plastic_Bomo/01_Flash_point/image/53.jpg,12011
dwbg_0_12011_54_000290,0,False,False,,0.5982409715652466,0.009434917010366917,/mnt/sda/cbj/ImageGeneration/Self-main/results/dwbg_pool_seed12011/sd2_2000_s42_msdf_v3/Plastic_Bomo/01_Flash_point/image/54.jpg,12011
dwbg_0_12011_55_000291,0,True,True,0.82141896384243,0.49132856726646423,0.0076301987282931805,/mnt/sda/cbj/ImageGeneration/Self-main/results/dwbg_pool_seed12011/sd2_2000_s42_msdf_v3/Plastic_Bomo/01_Flash_point/image/55.jpg,12011
dwbg_0_12011_56_000292,0,True,True,0.79129562086079,0.0,0.001710958662442863,/mnt/sda/cbj/ImageGeneration/Self-main/results/dwbg_pool_seed12011/sd2_2000_s42_msdf_v3/Plastic_Bomo/01_Flash_point/image/56.jpg,12011
dwbg_0_12011_58_000293,0,True,True,0.7485055242516295,0.5521987080574036,0.01296773087233305,/mnt/sda/cbj/ImageGeneration/Self-main/results/dwbg_pool_seed12011/sd2_2000_s42_msdf_v3/Plastic_Bomo/01_Flash_point/image/58.jpg,12011
dwbg_0_12011_6_000294,0,True,True,0.7982342941153171,0.8163676261901855,0.012667126022279263,/mnt/sda/cbj/ImageGeneration/Self-main/results/dwbg_pool_seed12011/sd2_2000_s42_msdf_v3/Plastic_Bomo/01_Flash_point/image/6.jpg,12011
dwbg_0_12011_61_000295,0,True,True,0.7764166562639185,0.5586555004119873,0.33748945593833923,/mnt/sda/cbj/ImageGeneration/Self-main/results/dwbg_pool_seed12011/sd2_2000_s42_msdf_v3/Plastic_Bomo/01_Flash_point/image/61.jpg,12011
dwbg_0_12011_62_000296,0,True,True,0.7856620137843944,0.7329691052436829,0.007791969925165176,/mnt/sda/cbj/ImageGeneration/Self-main/results/dwbg_pool_seed12011/sd2_2000_s42_msdf_v3/Plastic_Bomo/01_Flash_point/image/62.jpg,12011
dwbg_0_12011_63_000297,0,False,False,,0.5299097299575806,0.029332034289836884,/mnt/sda/cbj/ImageGeneration/Self-main/results/dwbg_pool_seed12011/sd2_2000_s42_msdf_v3/Plastic_Bomo/01_Flash_point/image/63.jpg,12011
dwbg_0_12011_64_000298,0,True,True,0.8321671137849466,0.7337466478347778,0.21023067831993103,/mnt/sda/cbj/ImageGeneration/Self-main/results/dwbg_pool_seed12011/sd2_2000_s42_msdf_v3/Plastic_Bomo/01_Flash_point/image/64.jpg,12011
dwbg_0_12011_65_000299,0,True,True,0.8301630173912775,0.7493822574615479,0.0010967290727421641,/mnt/sda/cbj/ImageGeneration/Self-main/results/dwbg_pool_seed12011/sd2_2000_s42_msdf_v3/Plastic_Bomo/01_Flash_point/image/65.jpg,12011
dwbg_0_12011_66_000300,0,True,True,0.7977140518741239,0.5366892218589783,0.34784674644470215,/mnt/sda/cbj/ImageGeneration/Self-main/results/dwbg_pool_seed12011/sd2_2000_s42_msdf_v3/Plastic_Bomo/01_Flash_point/image/66.jpg,12011
dwbg_0_12011_67_000301,0,True,True,0.7568928511037027,0.692430853843689,0.03205106407403946,/mnt/sda/cbj/ImageGeneration/Self-main/results/dwbg_pool_seed12011/sd2_2000_s42_msdf_v3/Plastic_Bomo/01_Flash_point/image/67.jpg,12011
dwbg_0_12011_68_000302,0,False,False,,0.6831799149513245,0.005394942592829466,/mnt/sda/cbj/ImageGeneration/Self-main/results/dwbg_pool_seed12011/sd2_2000_s42_msdf_v3/Plastic_Bomo/01_Flash_point/image/68.jpg,12011
dwbg_0_12011_69_000303,0,True,True,0.6870840304651578,0.628157913684845,0.08934315294027328,/mnt/sda/cbj/ImageGeneration/Self-main/results/dwbg_pool_seed12011/sd2_2000_s42_msdf_v3/Plastic_Bomo/01_Flash_point/image/69.jpg,12011
dwbg_0_12011_7_000304,0,True,True,0.8487726902175581,0.5592373609542847,0.3775218427181244,/mnt/sda/cbj/ImageGeneration/Self-main/results/dwbg_pool_seed12011/sd2_2000_s42_msdf_v3/Plastic_Bomo/01_Flash_point/image/7.jpg,12011
dwbg_0_12011_70_000305,0,True,True,0.8045610089879596,0.7769201397895813,0.0016668291063979268,/mnt/sda/cbj/ImageGeneration/Self-main/results/dwbg_pool_seed12011/sd2_2000_s42_msdf_v3/Plastic_Bomo/01_Flash_point/image/70.jpg,12011
dwbg_0_12011_71_000306,0,False,False,,0.35598719120025635,0.0036373776383697987,/mnt/sda/cbj/ImageGeneration/Self-main/results/dwbg_pool_seed12011/sd2_2000_s42_msdf_v3/Plastic_Bomo/01_Flash_point/image/71.jpg,12011
dwbg_0_12011_72_000307,0,False,False,,0.5499523878097534,0.008507850579917431,/mnt/sda/cbj/ImageGeneration/Self-main/results/dwbg_pool_seed12011/sd2_2000_s42_msdf_v3/Plastic_Bomo/01_Flash_point/image/72.jpg,12011
dwbg_0_12011_73_000308,0,False,False,,0.52692049741745,0.005195883568376303,/mnt/sda/cbj/ImageGeneration/Self-main/results/dwbg_pool_seed12011/sd2_2000_s42_msdf_v3/Plastic_Bomo/01_Flash_point/image/73.jpg,12011
dwbg_0_12011_74_000309,0,False,False,,0.7216910123825073,0.006675242446362972,/mnt/sda/cbj/ImageGeneration/Self-main/results/dwbg_pool_seed12011/sd2_2000_s42_msdf_v3/Plastic_Bomo/01_Flash_point/image/74.jpg,12011
dwbg_0_12011_75_000310,0,True,True,0.7947609504440236,0.7706433534622192,0.015556085854768753,/mnt/sda/cbj/ImageGeneration/Self-main/results/dwbg_pool_seed12011/sd2_2000_s42_msdf_v3/Plastic_Bomo/01_Flash_point/image/75.jpg,12011
dwbg_0_12011_8_000311,0,True,True,0.8188651316728118,0.6698048114776611,0.3029468059539795,/mnt/sda/cbj/ImageGeneration/Self-main/results/dwbg_pool_seed12011/sd2_2000_s42_msdf_v3/Plastic_Bomo/01_Flash_point/image/8.jpg,12011
dwbg_0_12011_9_000312,0,True,True,0.7968751550143287,0.37263286113739014,0.29211458563804626,/mnt/sda/cbj/ImageGeneration/Self-main/results/dwbg_pool_seed12011/sd2_2000_s42_msdf_v3/Plastic_Bomo/01_Flash_point/image/9.jpg,12011
dwbg_1_12011_1_000313,1,True,True,0.7072210272248912,0.6928324103355408,0.5835310816764832,/mnt/sda/cbj/ImageGeneration/Self-main/results/dwbg_pool_seed12011/sd2_2000_s42_msdf_v3/Plastic_Bomo/02_Big_black_spots/image/1.jpg,12011
dwbg_1_12011_10_000314,1,True,True,0.6874043309354722,0.4247864782810211,0.22829744219779968,/mnt/sda/cbj/ImageGeneration/Self-main/results/dwbg_pool_seed12011/sd2_2000_s42_msdf_v3/Plastic_Bomo/02_Big_black_spots/image/10.jpg,12011
dwbg_1_12011_11_000315,1,True,True,0.7137709053136473,0.6149757504463196,0.3327701687812805,/mnt/sda/cbj/ImageGeneration/Self-main/results/dwbg_pool_seed12011/sd2_2000_s42_msdf_v3/Plastic_Bomo/02_Big_black_spots/image/11.jpg,12011
dwbg_1_12011_12_000316,1,True,True,0.7160626114210651,0.5924085974693298,0.47810038924217224,/mnt/sda/cbj/ImageGeneration/Self-main/results/dwbg_pool_seed12011/sd2_2000_s42_msdf_v3/Plastic_Bomo/02_Big_black_spots/image/12.jpg,12011
dwbg_1_12011_13_000317,1,True,True,0.7052816585266007,0.33668947219848633,0.19618074595928192,/mnt/sda/cbj/ImageGeneration/Self-main/results/dwbg_pool_seed12011/sd2_2000_s42_msdf_v3/Plastic_Bomo/02_Big_black_spots/image/13.jpg,12011
dwbg_1_12011_14_000318,1,True,True,0.7084055258276586,0.6263543367385864,0.6451246738433838,/mnt/sda/cbj/ImageGeneration/Self-main/results/dwbg_pool_seed12011/sd2_2000_s42_msdf_v3/Plastic_Bomo/02_Big_black_spots/image/14.jpg,12011
dwbg_1_12011_15_000319,1,True,True,0.7429530321074906,0.42600077390670776,0.3562648892402649,/mnt/sda/cbj/ImageGeneration/Self-main/results/dwbg_pool_seed12011/sd2_2000_s42_msdf_v3/Plastic_Bomo/02_Big_black_spots/image/15.jpg,12011
dwbg_1_12011_16_000320,1,True,True,0.7311830484676445,0.5228907465934753,0.2565736770629883,/mnt/sda/cbj/ImageGeneration/Self-main/results/dwbg_pool_seed12011/sd2_2000_s42_msdf_v3/Plastic_Bomo/02_Big_black_spots/image/16.jpg,12011
dwbg_1_12011_18_000321,1,True,True,0.4512547895128859,0.3609815537929535,0.023968473076820374,/mnt/sda/cbj/ImageGeneration/Self-main/results/dwbg_pool_seed12011/sd2_2000_s42_msdf_v3/Plastic_Bomo/02_Big_black_spots/image/18.jpg,12011
dwbg_1_12011_19_000322,1,True,True,0.7198478309733212,0.7534679770469666,0.08185291290283203,/mnt/sda/cbj/ImageGeneration/Self-main/results/dwbg_pool_seed12011/sd2_2000_s42_msdf_v3/Plastic_Bomo/02_Big_black_spots/image/19.jpg,12011
dwbg_1_12011_2_000323,1,True,True,0.6899134012294799,0.7316368818283081,0.7238256335258484,/mnt/sda/cbj/ImageGeneration/Self-main/results/dwbg_pool_seed12011/sd2_2000_s42_msdf_v3/Plastic_Bomo/02_Big_black_spots/image/2.jpg,12011
dwbg_1_12011_21_000324,1,True,True,0.6846795868061849,0.5322584509849548,0.15406949818134308,/mnt/sda/cbj/ImageGeneration/Self-main/results/dwbg_pool_seed12011/sd2_2000_s42_msdf_v3/Plastic_Bomo/02_Big_black_spots/image/21.jpg,12011
dwbg_1_12011_22_000325,1,True,True,0.6649685304746138,0.6857467889785767,0.617038369178772,/mnt/sda/cbj/ImageGeneration/Self-main/results/dwbg_pool_seed12011/sd2_2000_s42_msdf_v3/Plastic_Bomo/02_Big_black_spots/image/22.jpg,12011
dwbg_1_12011_23_000326,1,True,True,0.7245983571882849,0.32183143496513367,0.38794854283332825,/mnt/sda/cbj/ImageGeneration/Self-main/results/dwbg_pool_seed12011/sd2_2000_s42_msdf_v3/Plastic_Bomo/02_Big_black_spots/image/23.jpg,12011
dwbg_1_12011_24_000327,1,True,True,0.7130467532403427,0.7391886115074158,0.529099702835083,/mnt/sda/cbj/ImageGeneration/Self-main/results/dwbg_pool_seed12011/sd2_2000_s42_msdf_v3/Plastic_Bomo/02_Big_black_spots/image/24.jpg,12011
dwbg_1_12011_26_000328,1,True,True,0.6599820261286745,0.7414699792861938,0.009953010827302933,/mnt/sda/cbj/ImageGeneration/Self-main/results/dwbg_pool_seed12011/sd2_2000_s42_msdf_v3/Plastic_Bomo/02_Big_black_spots/image/26.jpg,12011
dwbg_1_12011_28_000329,1,True,True,0.7482472557228,0.5823363065719604,0.22232502698898315,/mnt/sda/cbj/ImageGeneration/Self-main/results/dwbg_pool_seed12011/sd2_2000_s42_msdf_v3/Plastic_Bomo/02_Big_black_spots/image/28.jpg,12011
dwbg_1_12011_29_000330,1,True,True,0.508590512915455,0.5215332508087158,0.1949743777513504,/mnt/sda/cbj/ImageGeneration/Self-main/results/dwbg_pool_seed12011/sd2_2000_s42_msdf_v3/Plastic_Bomo/02_Big_black_spots/image/29.jpg,12011
dwbg_1_12011_30_000331,1,True,True,0.7241084476225522,0.4889630973339081,0.08393096178770065,/mnt/sda/cbj/ImageGeneration/Self-main/results/dwbg_pool_seed12011/sd2_2000_s42_msdf_v3/Plastic_Bomo/02_Big_black_spots/image/30.jpg,12011
dwbg_1_12011_31_000332,1,True,True,0.6939108399338562,0.6829638481140137,0.7155281901359558,/mnt/sda/cbj/ImageGeneration/Self-main/results/dwbg_pool_seed12011/sd2_2000_s42_msdf_v3/Plastic_Bomo/02_Big_black_spots/image/31.jpg,12011
dwbg_1_12011_32_000333,1,True,True,0.6519954088969577,0.839564859867096,0.5931228399276733,/mnt/sda/cbj/ImageGeneration/Self-main/results/dwbg_pool_seed12011/sd2_2000_s42_msdf_v3/Plastic_Bomo/02_Big_black_spots/image/32.jpg,12011
dwbg_1_12011_33_000334,1,False,False,,0.46227726340293884,0.0036097257398068905,/mnt/sda/cbj/ImageGeneration/Self-main/results/dwbg_pool_seed12011/sd2_2000_s42_msdf_v3/Plastic_Bomo/02_Big_black_spots/image/33.jpg,12011
dwbg_1_12011_34_000335,1,True,True,0.584088997870113,0.42562422156333923,0.5596609711647034,/mnt/sda/cbj/ImageGeneration/Self-main/results/dwbg_pool_seed12011/sd2_2000_s42_msdf_v3/Plastic_Bomo/02_Big_black_spots/image/34.jpg,12011
dwbg_1_12011_35_000336,1,True,True,0.6482278187505413,0.5322879552841187,0.579771101474762,/mnt/sda/cbj/ImageGeneration/Self-main/results/dwbg_pool_seed12011/sd2_2000_s42_msdf_v3/Plastic_Bomo/02_Big_black_spots/image/35.jpg,12011
dwbg_0_15683_0_000337,0,True,True,0.7948516198630886,0.6138126254081726,0.11498431116342545,/mnt/sda/cbj/ImageGeneration/Self-main/results/dwbg_pool_seed15683/sd2_2000_s42_msdf_v3/Plastic_Bomo/01_Flash_point/image/0.jpg,15683
dwbg_0_15683_10_000338,0,True,True,0.7812018557755209,0.7437005639076233,0.00718185119330883,/mnt/sda/cbj/ImageGeneration/Self-main/results/dwbg_pool_seed15683/sd2_2000_s42_msdf_v3/Plastic_Bomo/01_Flash_point/image/10.jpg,15683
dwbg_0_15683_12_000339,0,True,True,0.7711562631112721,0.7259305715560913,0.21483664214611053,/mnt/sda/cbj/ImageGeneration/Self-main/results/dwbg_pool_seed15683/sd2_2000_s42_msdf_v3/Plastic_Bomo/01_Flash_point/image/12.jpg,15683
dwbg_0_15683_13_000340,0,True,True,0.6044397671763897,0.6336290240287781,0.013442867435514927,/mnt/sda/cbj/ImageGeneration/Self-main/results/dwbg_pool_seed15683/sd2_2000_s42_msdf_v3/Plastic_Bomo/01_Flash_point/image/13.jpg,15683
dwbg_0_15683_14_000341,0,False,False,,0.0,0.0021108565852046013,/mnt/sda/cbj/ImageGeneration/Self-main/results/dwbg_pool_seed15683/sd2_2000_s42_msdf_v3/Plastic_Bomo/01_Flash_point/image/14.jpg,15683
dwbg_0_15683_16_000342,0,True,True,0.7490533899017001,0.6966952681541443,0.015806740149855614,/mnt/sda/cbj/ImageGeneration/Self-main/results/dwbg_pool_seed15683/sd2_2000_s42_msdf_v3/Plastic_Bomo/01_Flash_point/image/16.jpg,15683
dwbg_0_15683_17_000343,0,False,False,,0.0,0.2312629073858261,/mnt/sda/cbj/ImageGeneration/Self-main/results/dwbg_pool_seed15683/sd2_2000_s42_msdf_v3/Plastic_Bomo/01_Flash_point/image/17.jpg,15683
dwbg_0_15683_18_000344,0,False,False,,0.0,0.0023863031528890133,/mnt/sda/cbj/ImageGeneration/Self-main/results/dwbg_pool_seed15683/sd2_2000_s42_msdf_v3/Plastic_Bomo/01_Flash_point/image/18.jpg,15683
dwbg_0_15683_19_000345,0,True,True,0.73917707373541,0.6267591118812561,0.0039348481222987175,/mnt/sda/cbj/ImageGeneration/Self-main/results/dwbg_pool_seed15683/sd2_2000_s42_msdf_v3/Plastic_Bomo/01_Flash_point/image/19.jpg,15683
dwbg_0_15683_20_000346,0,True,True,0.751403114349512,0.6536367535591125,0.0010159428929910064,/mnt/sda/cbj/ImageGeneration/Self-main/results/dwbg_pool_seed15683/sd2_2000_s42_msdf_v3/Plastic_Bomo/01_Flash_point/image/20.jpg,15683
dwbg_0_15683_22_000347,0,True,True,0.8161572511309496,0.6274576783180237,0.10997609794139862,/mnt/sda/cbj/ImageGeneration/Self-main/results/dwbg_pool_seed15683/sd2_2000_s42_msdf_v3/Plastic_Bomo/01_Flash_point/image/22.jpg,15683
dwbg_0_15683_23_000348,0,True,True,0.731875919971771,0.666569173336029,0.010265191085636616,/mnt/sda/cbj/ImageGeneration/Self-main/results/dwbg_pool_seed15683/sd2_2000_s42_msdf_v3/Plastic_Bomo/01_Flash_point/image/23.jpg,15683
dwbg_0_15683_24_000349,0,False,False,,0.0,0.04762773960828781,/mnt/sda/cbj/ImageGeneration/Self-main/results/dwbg_pool_seed15683/sd2_2000_s42_msdf_v3/Plastic_Bomo/01_Flash_point/image/24.jpg,15683
dwbg_0_15683_26_000350,0,True,True,0.7844441605036123,0.5848011374473572,0.23034533858299255,/mnt/sda/cbj/ImageGeneration/Self-main/results/dwbg_pool_seed15683/sd2_2000_s42_msdf_v3/Plastic_Bomo/01_Flash_point/image/26.jpg,15683
dwbg_0_15683_27_000351,0,True,True,0.8516891976455182,0.8240697979927063,0.006788967177271843,/mnt/sda/cbj/ImageGeneration/Self-main/results/dwbg_pool_seed15683/sd2_2000_s42_msdf_v3/Plastic_Bomo/01_Flash_point/image/27.jpg,15683
dwbg_0_15683_28_000352,0,True,True,0.7756385221144526,0.6752975583076477,0.010010035708546638,/mnt/sda/cbj/ImageGeneration/Self-main/results/dwbg_pool_seed15683/sd2_2000_s42_msdf_v3/Plastic_Bomo/01_Flash_point/image/28.jpg,15683
dwbg_0_15683_29_000353,0,True,True,0.8086007481135931,0.5237953066825867,0.01489744521677494,/mnt/sda/cbj/ImageGeneration/Self-main/results/dwbg_pool_seed15683/sd2_2000_s42_msdf_v3/Plastic_Bomo/01_Flash_point/image/29.jpg,15683
dwbg_0_15683_30_000354,0,False,False,,0.7462156414985657,0.07631179690361023,/mnt/sda/cbj/ImageGeneration/Self-main/results/dwbg_pool_seed15683/sd2_2000_s42_msdf_v3/Plastic_Bomo/01_Flash_point/image/30.jpg,15683
dwbg_0_15683_31_000355,0,True,True,0.76752042959267,0.48509201407432556,0.004533587023615837,/mnt/sda/cbj/ImageGeneration/Self-main/results/dwbg_pool_seed15683/sd2_2000_s42_msdf_v3/Plastic_Bomo/01_Flash_point/image/31.jpg,15683
dwbg_0_15683_32_000356,0,True,True,0.7576913222083838,0.5813700556755066,0.015653396025300026,/mnt/sda/cbj/ImageGeneration/Self-main/results/dwbg_pool_seed15683/sd2_2000_s42_msdf_v3/Plastic_Bomo/01_Flash_point/image/32.jpg,15683
dwbg_0_15683_33_000357,0,False,False,,0.6803715229034424,0.03290216624736786,/mnt/sda/cbj/ImageGeneration/Self-main/results/dwbg_pool_seed15683/sd2_2000_s42_msdf_v3/Plastic_Bomo/01_Flash_point/image/33.jpg,15683
dwbg_0_15683_34_000358,0,False,False,,0.0,0.0,/mnt/sda/cbj/ImageGeneration/Self-main/results/dwbg_pool_seed15683/sd2_2000_s42_msdf_v3/Plastic_Bomo/01_Flash_point/image/34.jpg,15683
dwbg_0_15683_35_000359,0,True,True,0.7726958153037986,0.7759098410606384,0.026947226375341415,/mnt/sda/cbj/ImageGeneration/Self-main/results/dwbg_pool_seed15683/sd2_2000_s42_msdf_v3/Plastic_Bomo/01_Flash_point/image/35.jpg,15683
dwbg_0_15683_37_000360,0,False,False,,0.7374545931816101,0.21990492939949036,/mnt/sda/cbj/ImageGeneration/Self-main/results/dwbg_pool_seed15683/sd2_2000_s42_msdf_v3/Plastic_Bomo/01_Flash_point/image/37.jpg,15683
dwbg_0_15683_39_000361,0,True,True,0.779914675457595,0.770107626914978,0.05073777958750725,/mnt/sda/cbj/ImageGeneration/Self-main/results/dwbg_pool_seed15683/sd2_2000_s42_msdf_v3/Plastic_Bomo/01_Flash_point/image/39.jpg,15683
dwbg_0_15683_42_000362,0,True,True,0.7836327570908664,0.7532637119293213,0.15639451146125793,/mnt/sda/cbj/ImageGeneration/Self-main/results/dwbg_pool_seed15683/sd2_2000_s42_msdf_v3/Plastic_Bomo/01_Flash_point/image/42.jpg,15683
dwbg_0_15683_43_000363,0,True,True,0.7664903642559506,0.5691059827804565,0.1498570591211319,/mnt/sda/cbj/ImageGeneration/Self-main/results/dwbg_pool_seed15683/sd2_2000_s42_msdf_v3/Plastic_Bomo/01_Flash_point/image/43.jpg,15683
dwbg_0_15683_44_000364,0,True,True,0.6867598082607744,0.7854633331298828,0.015778472647070885,/mnt/sda/cbj/ImageGeneration/Self-main/results/dwbg_pool_seed15683/sd2_2000_s42_msdf_v3/Plastic_Bomo/01_Flash_point/image/44.jpg,15683
dwbg_0_15683_45_000365,0,True,True,0.7339482914608726,0.6404837965965271,0.012517966330051422,/mnt/sda/cbj/ImageGeneration/Self-main/results/dwbg_pool_seed15683/sd2_2000_s42_msdf_v3/Plastic_Bomo/01_Flash_point/image/45.jpg,15683
dwbg_0_15683_46_000366,0,True,True,0.7984916819617585,0.733261227607727,0.0013782181777060032,/mnt/sda/cbj/ImageGeneration/Self-main/results/dwbg_pool_seed15683/sd2_2000_s42_msdf_v3/Plastic_Bomo/01_Flash_point/image/46.jpg,15683
dwbg_0_15683_47_000367,0,True,True,0.7714189542151525,0.7167810797691345,0.0021251672878861427,/mnt/sda/cbj/ImageGeneration/Self-main/results/dwbg_pool_seed15683/sd2_2000_s42_msdf_v3/Plastic_Bomo/01_Flash_point/image/47.jpg,15683
dwbg_0_15683_49_000368,0,True,True,0.794640791675777,0.6295011043548584,0.0035744966007769108,/mnt/sda/cbj/ImageGeneration/Self-main/results/dwbg_pool_seed15683/sd2_2000_s42_msdf_v3/Plastic_Bomo/01_Flash_point/image/49.jpg,15683
dwbg_0_15683_5_000369,0,False,False,,0.0,0.0,/mnt/sda/cbj/ImageGeneration/Self-main/results/dwbg_pool_seed15683/sd2_2000_s42_msdf_v3/Plastic_Bomo/01_Flash_point/image/5.jpg,15683
dwbg_0_15683_50_000370,0,False,False,,0.0,0.5984066724777222,/mnt/sda/cbj/ImageGeneration/Self-main/results/dwbg_pool_seed15683/sd2_2000_s42_msdf_v3/Plastic_Bomo/01_Flash_point/image/50.jpg,15683
dwbg_0_15683_52_000371,0,True,True,0.7770937369665704,0.7142035365104675,0.010127696208655834,/mnt/sda/cbj/ImageGeneration/Self-main/results/dwbg_pool_seed15683/sd2_2000_s42_msdf_v3/Plastic_Bomo/01_Flash_point/image/52.jpg,15683
dwbg_0_15683_53_000372,0,False,False,,0.678998589515686,0.005595918279141188,/mnt/sda/cbj/ImageGeneration/Self-main/results/dwbg_pool_seed15683/sd2_2000_s42_msdf_v3/Plastic_Bomo/01_Flash_point/image/53.jpg,15683
dwbg_0_15683_54_000373,0,True,True,0.8600036372259463,0.7311633825302124,0.008419391699135303,/mnt/sda/cbj/ImageGeneration/Self-main/results/dwbg_pool_seed15683/sd2_2000_s42_msdf_v3/Plastic_Bomo/01_Flash_point/image/54.jpg,15683
dwbg_0_15683_55_000374,0,True,True,0.7938408062528894,0.7351698875427246,0.00638156570494175,/mnt/sda/cbj/ImageGeneration/Self-main/results/dwbg_pool_seed15683/sd2_2000_s42_msdf_v3/Plastic_Bomo/01_Flash_point/image/55.jpg,15683
dwbg_0_15683_56_000375,0,True,True,0.7622872921867998,0.5414845943450928,0.006159885786473751,/mnt/sda/cbj/ImageGeneration/Self-main/results/dwbg_pool_seed15683/sd2_2000_s42_msdf_v3/Plastic_Bomo/01_Flash_point/image/56.jpg,15683
dwbg_0_15683_6_000376,0,True,True,0.8036541090480103,0.5117309093475342,0.37178581953048706,/mnt/sda/cbj/ImageGeneration/Self-main/results/dwbg_pool_seed15683/sd2_2000_s42_msdf_v3/Plastic_Bomo/01_Flash_point/image/6.jpg,15683
dwbg_0_15683_61_000377,0,False,False,,0.46474575996398926,0.0015851741190999746,/mnt/sda/cbj/ImageGeneration/Self-main/results/dwbg_pool_seed15683/sd2_2000_s42_msdf_v3/Plastic_Bomo/01_Flash_point/image/61.jpg,15683
dwbg_0_15683_62_000378,0,False,False,,0.0,0.0013920074561610818,/mnt/sda/cbj/ImageGeneration/Self-main/results/dwbg_pool_seed15683/sd2_2000_s42_msdf_v3/Plastic_Bomo/01_Flash_point/image/62.jpg,15683
dwbg_0_15683_63_000379,0,False,False,,0.0,0.0022719164844602346,/mnt/sda/cbj/ImageGeneration/Self-main/results/dwbg_pool_seed15683/sd2_2000_s42_msdf_v3/Plastic_Bomo/01_Flash_point/image/63.jpg,15683
dwbg_0_15683_64_000380,0,False,False,,0.0,0.030485760420560837,/mnt/sda/cbj/ImageGeneration/Self-main/results/dwbg_pool_seed15683/sd2_2000_s42_msdf_v3/Plastic_Bomo/01_Flash_point/image/64.jpg,15683
dwbg_0_15683_65_000381,0,True,True,0.7535621540929732,0.7049863338470459,0.001845754450187087,/mnt/sda/cbj/ImageGeneration/Self-main/results/dwbg_pool_seed15683/sd2_2000_s42_msdf_v3/Plastic_Bomo/01_Flash_point/image/65.jpg,15683
dwbg_0_15683_66_000382,0,True,True,0.6688700506071789,0.6671546101570129,0.0035701768938452005,/mnt/sda/cbj/ImageGeneration/Self-main/results/dwbg_pool_seed15683/sd2_2000_s42_msdf_v3/Plastic_Bomo/01_Flash_point/image/66.jpg,15683
dwbg_0_15683_67_000383,0,True,True,0.8161716095164966,0.800857663154602,0.0013432312989607453,/mnt/sda/cbj/ImageGeneration/Self-main/results/dwbg_pool_seed15683/sd2_2000_s42_msdf_v3/Plastic_Bomo/01_Flash_point/image/67.jpg,15683
dwbg_0_15683_68_000384,0,False,False,,0.0,0.0,/mnt/sda/cbj/ImageGeneration/Self-main/results/dwbg_pool_seed15683/sd2_2000_s42_msdf_v3/Plastic_Bomo/01_Flash_point/image/68.jpg,15683
dwbg_0_15683_69_000385,0,False,False,,0.7042186856269836,0.001454631332308054,/mnt/sda/cbj/ImageGeneration/Self-main/results/dwbg_pool_seed15683/sd2_2000_s42_msdf_v3/Plastic_Bomo/01_Flash_point/image/69.jpg,15683
dwbg_0_15683_7_000386,0,True,True,0.8324239683435508,0.7101602554321289,0.13613620400428772,/mnt/sda/cbj/ImageGeneration/Self-main/results/dwbg_pool_seed15683/sd2_2000_s42_msdf_v3/Plastic_Bomo/01_Flash_point/image/7.jpg,15683
dwbg_0_15683_70_000387,0,True,True,0.7826126367024117,0.6309944987297058,0.1402137577533722,/mnt/sda/cbj/ImageGeneration/Self-main/results/dwbg_pool_seed15683/sd2_2000_s42_msdf_v3/Plastic_Bomo/01_Flash_point/image/70.jpg,15683
dwbg_0_15683_71_000388,0,False,False,,0.7591418027877808,0.12850116193294525,/mnt/sda/cbj/ImageGeneration/Self-main/results/dwbg_pool_seed15683/sd2_2000_s42_msdf_v3/Plastic_Bomo/01_Flash_point/image/71.jpg,15683
dwbg_0_15683_74_000389,0,False,False,,0.0,0.007947138510644436,/mnt/sda/cbj/ImageGeneration/Self-main/results/dwbg_pool_seed15683/sd2_2000_s42_msdf_v3/Plastic_Bomo/01_Flash_point/image/74.jpg,15683
dwbg_0_15683_75_000390,0,True,True,0.7971128379837797,0.6584873795509338,0.004980792757123709,/mnt/sda/cbj/ImageGeneration/Self-main/results/dwbg_pool_seed15683/sd2_2000_s42_msdf_v3/Plastic_Bomo/01_Flash_point/image/75.jpg,15683
dwbg_0_15683_9_000391,0,False,False,,0.6307240128517151,0.03257225081324577,/mnt/sda/cbj/ImageGeneration/Self-main/results/dwbg_pool_seed15683/sd2_2000_s42_msdf_v3/Plastic_Bomo/01_Flash_point/image/9.jpg,15683
dwbg_1_15683_11_000392,1,True,True,0.7086379056610165,0.5751878023147583,0.08247406780719757,/mnt/sda/cbj/ImageGeneration/Self-main/results/dwbg_pool_seed15683/sd2_2000_s42_msdf_v3/Plastic_Bomo/02_Big_black_spots/image/11.jpg,15683
dwbg_1_15683_12_000393,1,True,True,0.7160983787555536,0.7862029671669006,0.55311119556427,/mnt/sda/cbj/ImageGeneration/Self-main/results/dwbg_pool_seed15683/sd2_2000_s42_msdf_v3/Plastic_Bomo/02_Big_black_spots/image/12.jpg,15683
dwbg_1_15683_13_000394,1,True,True,0.6971395652748171,0.6133679747581482,0.6888027787208557,/mnt/sda/cbj/ImageGeneration/Self-main/results/dwbg_pool_seed15683/sd2_2000_s42_msdf_v3/Plastic_Bomo/02_Big_black_spots/image/13.jpg,15683
dwbg_1_15683_14_000395,1,True,True,0.7074380472085275,0.4700333774089813,0.3132057785987854,/mnt/sda/cbj/ImageGeneration/Self-main/results/dwbg_pool_seed15683/sd2_2000_s42_msdf_v3/Plastic_Bomo/02_Big_black_spots/image/14.jpg,15683
dwbg_1_15683_15_000396,1,True,True,0.7276297094016597,0.7170122265815735,0.019145524129271507,/mnt/sda/cbj/ImageGeneration/Self-main/results/dwbg_pool_seed15683/sd2_2000_s42_msdf_v3/Plastic_Bomo/02_Big_black_spots/image/15.jpg,15683
dwbg_1_15683_16_000397,1,True,True,0.7062029442755295,0.5816680788993835,0.006152720656245947,/mnt/sda/cbj/ImageGeneration/Self-main/results/dwbg_pool_seed15683/sd2_2000_s42_msdf_v3/Plastic_Bomo/02_Big_black_spots/image/16.jpg,15683
dwbg_1_15683_17_000398,1,True,True,0.655897097361468,0.3056580126285553,0.005871580448001623,/mnt/sda/cbj/ImageGeneration/Self-main/results/dwbg_pool_seed15683/sd2_2000_s42_msdf_v3/Plastic_Bomo/02_Big_black_spots/image/17.jpg,15683
dwbg_1_15683_18_000399,1,True,True,0.6898571684123561,0.3860204815864563,0.6479039192199707,/mnt/sda/cbj/ImageGeneration/Self-main/results/dwbg_pool_seed15683/sd2_2000_s42_msdf_v3/Plastic_Bomo/02_Big_black_spots/image/18.jpg,15683
dwbg_1_15683_2_000400,1,True,True,0.7056576170959055,0.5047542452812195,0.22709693014621735,/mnt/sda/cbj/ImageGeneration/Self-main/results/dwbg_pool_seed15683/sd2_2000_s42_msdf_v3/Plastic_Bomo/02_Big_black_spots/image/2.jpg,15683
dwbg_1_15683_20_000401,1,True,True,0.6752390923737064,0.5817059278488159,0.007198615465313196,/mnt/sda/cbj/ImageGeneration/Self-main/results/dwbg_pool_seed15683/sd2_2000_s42_msdf_v3/Plastic_Bomo/02_Big_black_spots/image/20.jpg,15683
dwbg_1_15683_21_000402,1,True,True,0.7271323678945277,0.4590253233909607,0.21993708610534668,/mnt/sda/cbj/ImageGeneration/Self-main/results/dwbg_pool_seed15683/sd2_2000_s42_msdf_v3/Plastic_Bomo/02_Big_black_spots/image/21.jpg,15683
dwbg_1_15683_22_000403,1,True,True,0.6798600068754326,0.66102135181427,0.6525014042854309,/mnt/sda/cbj/ImageGeneration/Self-main/results/dwbg_pool_seed15683/sd2_2000_s42_msdf_v3/Plastic_Bomo/02_Big_black_spots/image/22.jpg,15683
dwbg_1_15683_24_000404,1,False,False,,0.0,0.0591575987637043,/mnt/sda/cbj/ImageGeneration/Self-main/results/dwbg_pool_seed15683/sd2_2000_s42_msdf_v3/Plastic_Bomo/02_Big_black_spots/image/24.jpg,15683
dwbg_1_15683_25_000405,1,True,True,0.5731548765112868,0.5987226963043213,0.519408106803894,/mnt/sda/cbj/ImageGeneration/Self-main/results/dwbg_pool_seed15683/sd2_2000_s42_msdf_v3/Plastic_Bomo/02_Big_black_spots/image/25.jpg,15683
dwbg_1_15683_26_000406,1,True,True,0.7740504271735109,0.5244081020355225,0.2758939266204834,/mnt/sda/cbj/ImageGeneration/Self-main/results/dwbg_pool_seed15683/sd2_2000_s42_msdf_v3/Plastic_Bomo/02_Big_black_spots/image/26.jpg,15683
dwbg_1_15683_27_000407,1,True,True,0.699553463308422,0.6614747643470764,0.5552350878715515,/mnt/sda/cbj/ImageGeneration/Self-main/results/dwbg_pool_seed15683/sd2_2000_s42_msdf_v3/Plastic_Bomo/02_Big_black_spots/image/27.jpg,15683
dwbg_1_15683_32_000408,1,True,True,0.7189260681136755,0.6090536713600159,0.01429978758096695,/mnt/sda/cbj/ImageGeneration/Self-main/results/dwbg_pool_seed15683/sd2_2000_s42_msdf_v3/Plastic_Bomo/02_Big_black_spots/image/32.jpg,15683
dwbg_1_15683_33_000409,1,True,True,0.6539849677815779,0.6781864762306213,0.705716073513031,/mnt/sda/cbj/ImageGeneration/Self-main/results/dwbg_pool_seed15683/sd2_2000_s42_msdf_v3/Plastic_Bomo/02_Big_black_spots/image/33.jpg,15683
dwbg_1_15683_34_000410,1,True,True,0.7418314863749459,0.7709361910820007,0.6562790870666504,/mnt/sda/cbj/ImageGeneration/Self-main/results/dwbg_pool_seed15683/sd2_2000_s42_msdf_v3/Plastic_Bomo/02_Big_black_spots/image/34.jpg,15683
dwbg_1_15683_35_000411,1,True,True,0.7290689931628412,0.5111080408096313,0.42077764868736267,/mnt/sda/cbj/ImageGeneration/Self-main/results/dwbg_pool_seed15683/sd2_2000_s42_msdf_v3/Plastic_Bomo/02_Big_black_spots/image/35.jpg,15683
dwbg_1_15683_4_000412,1,True,True,0.6752054566389223,0.75764000415802,0.5489280819892883,/mnt/sda/cbj/ImageGeneration/Self-main/results/dwbg_pool_seed15683/sd2_2000_s42_msdf_v3/Plastic_Bomo/02_Big_black_spots/image/4.jpg,15683
dwbg_1_15683_5_000413,1,True,True,0.705323355989229,0.6514785289764404,0.2703031599521637,/mnt/sda/cbj/ImageGeneration/Self-main/results/dwbg_pool_seed15683/sd2_2000_s42_msdf_v3/Plastic_Bomo/02_Big_black_spots/image/5.jpg,15683
dwbg_1_15683_6_000414,1,True,True,0.527456458002429,0.4906539022922516,0.010505465790629387,/mnt/sda/cbj/ImageGeneration/Self-main/results/dwbg_pool_seed15683/sd2_2000_s42_msdf_v3/Plastic_Bomo/02_Big_black_spots/image/6.jpg,15683
dwbg_1_15683_9_000415,1,True,True,0.698547292938888,0.0,0.0051441434770822525,/mnt/sda/cbj/ImageGeneration/Self-main/results/dwbg_pool_seed15683/sd2_2000_s42_msdf_v3/Plastic_Bomo/02_Big_black_spots/image/9.jpg,15683
dwbg_0_19997_0_000416,0,False,False,,0.6301745772361755,0.013046632520854473,/mnt/sda/cbj/ImageGeneration/Self-main/results/dwbg_pool_seed19997/sd2_2000_s42_msdf_v3/Plastic_Bomo/01_Flash_point/image/0.jpg,19997
dwbg_0_19997_10_000417,0,True,True,0.8025362208702407,0.5765443444252014,0.02142821066081524,/mnt/sda/cbj/ImageGeneration/Self-main/results/dwbg_pool_seed19997/sd2_2000_s42_msdf_v3/Plastic_Bomo/01_Flash_point/image/10.jpg,19997
dwbg_0_19997_11_000418,0,True,True,0.8333848104004805,0.7278079390525818,0.0029424375388771296,/mnt/sda/cbj/ImageGeneration/Self-main/results/dwbg_pool_seed19997/sd2_2000_s42_msdf_v3/Plastic_Bomo/01_Flash_point/image/11.jpg,19997
dwbg_0_19997_12_000419,0,True,True,0.8117773649030793,0.6771087050437927,0.19437028467655182,/mnt/sda/cbj/ImageGeneration/Self-main/results/dwbg_pool_seed19997/sd2_2000_s42_msdf_v3/Plastic_Bomo/01_Flash_point/image/12.jpg,19997
dwbg_0_19997_14_000420,0,True,True,0.8181198577586783,0.6163524389266968,0.052018772810697556,/mnt/sda/cbj/ImageGeneration/Self-main/results/dwbg_pool_seed19997/sd2_2000_s42_msdf_v3/Plastic_Bomo/01_Flash_point/image/14.jpg,19997
dwbg_0_19997_15_000421,0,True,True,0.7736856572471976,0.5926663875579834,0.032375868409872055,/mnt/sda/cbj/ImageGeneration/Self-main/results/dwbg_pool_seed19997/sd2_2000_s42_msdf_v3/Plastic_Bomo/01_Flash_point/image/15.jpg,19997
dwbg_0_19997_16_000422,0,True,True,0.7683183765658876,0.671329915523529,0.010300582274794579,/mnt/sda/cbj/ImageGeneration/Self-main/results/dwbg_pool_seed19997/sd2_2000_s42_msdf_v3/Plastic_Bomo/01_Flash_point/image/16.jpg,19997
dwbg_0_19997_17_000423,0,True,True,0.830822921049166,0.6237590909004211,0.42698004841804504,/mnt/sda/cbj/ImageGeneration/Self-main/results/dwbg_pool_seed19997/sd2_2000_s42_msdf_v3/Plastic_Bomo/01_Flash_point/image/17.jpg,19997
dwbg_0_19997_18_000424,0,True,True,0.5734515926314414,0.751959502696991,0.0548236146569252,/mnt/sda/cbj/ImageGeneration/Self-main/results/dwbg_pool_seed19997/sd2_2000_s42_msdf_v3/Plastic_Bomo/01_Flash_point/image/18.jpg,19997
dwbg_0_19997_2_000425,0,True,True,0.5979838027213514,0.7114064693450928,0.45092517137527466,/mnt/sda/cbj/ImageGeneration/Self-main/results/dwbg_pool_seed19997/sd2_2000_s42_msdf_v3/Plastic_Bomo/01_Flash_point/image/2.jpg,19997
dwbg_0_19997_20_000426,0,True,True,0.8144989662860249,0.6557740569114685,0.017931951209902763,/mnt/sda/cbj/ImageGeneration/Self-main/results/dwbg_pool_seed19997/sd2_2000_s42_msdf_v3/Plastic_Bomo/01_Flash_point/image/20.jpg,19997
dwbg_0_19997_21_000427,0,True,True,0.740856998414761,0.6822311282157898,0.011659233830869198,/mnt/sda/cbj/ImageGeneration/Self-main/results/dwbg_pool_seed19997/sd2_2000_s42_msdf_v3/Plastic_Bomo/01_Flash_point/image/21.jpg,19997
dwbg_0_19997_22_000428,0,True,True,0.7515216203788025,0.7550482153892517,0.0018053974490612745,/mnt/sda/cbj/ImageGeneration/Self-main/results/dwbg_pool_seed19997/sd2_2000_s42_msdf_v3/Plastic_Bomo/01_Flash_point/image/22.jpg,19997
dwbg_0_19997_23_000429,0,False,False,,0.0,0.002151146763935685,/mnt/sda/cbj/ImageGeneration/Self-main/results/dwbg_pool_seed19997/sd2_2000_s42_msdf_v3/Plastic_Bomo/01_Flash_point/image/23.jpg,19997
dwbg_0_19997_24_000430,0,True,True,0.8039421329958263,0.8515901565551758,0.0015208624536171556,/mnt/sda/cbj/ImageGeneration/Self-main/results/dwbg_pool_seed19997/sd2_2000_s42_msdf_v3/Plastic_Bomo/01_Flash_point/image/24.jpg,19997
dwbg_0_19997_25_000431,0,True,True,0.8385104176600262,0.7174572944641113,0.017174793407320976,/mnt/sda/cbj/ImageGeneration/Self-main/results/dwbg_pool_seed19997/sd2_2000_s42_msdf_v3/Plastic_Bomo/01_Flash_point/image/25.jpg,19997
dwbg_0_19997_26_000432,0,True,True,0.7369190062202235,0.5162936449050903,0.39954322576522827,/mnt/sda/cbj/ImageGeneration/Self-main/results/dwbg_pool_seed19997/sd2_2000_s42_msdf_v3/Plastic_Bomo/01_Flash_point/image/26.jpg,19997
dwbg_0_19997_27_000433,0,True,True,0.8028893820452853,0.7161023020744324,0.01748534105718136,/mnt/sda/cbj/ImageGeneration/Self-main/results/dwbg_pool_seed19997/sd2_2000_s42_msdf_v3/Plastic_Bomo/01_Flash_point/image/27.jpg,19997
dwbg_0_19997_28_000434,0,True,True,0.7224446189132592,0.8551875948905945,0.019590288400650024,/mnt/sda/cbj/ImageGeneration/Self-main/results/dwbg_pool_seed19997/sd2_2000_s42_msdf_v3/Plastic_Bomo/01_Flash_point/image/28.jpg,19997
dwbg_0_19997_29_000435,0,True,True,0.8268419278518886,0.8654278516769409,0.0027903642039746046,/mnt/sda/cbj/ImageGeneration/Self-main/results/dwbg_pool_seed19997/sd2_2000_s42_msdf_v3/Plastic_Bomo/01_Flash_point/image/29.jpg,19997
dwbg_0_19997_3_000436,0,False,False,,0.0,0.0723315104842186,/mnt/sda/cbj/ImageGeneration/Self-main/results/dwbg_pool_seed19997/sd2_2000_s42_msdf_v3/Plastic_Bomo/01_Flash_point/image/3.jpg,19997
dwbg_0_19997_31_000437,0,True,True,0.7921694346331265,0.7438030242919922,0.00279041426256299,/mnt/sda/cbj/ImageGeneration/Self-main/results/dwbg_pool_seed19997/sd2_2000_s42_msdf_v3/Plastic_Bomo/01_Flash_point/image/31.jpg,19997
dwbg_0_19997_32_000438,0,False,False,,0.0,0.012194541282951832,/mnt/sda/cbj/ImageGeneration/Self-main/results/dwbg_pool_seed19997/sd2_2000_s42_msdf_v3/Plastic_Bomo/01_Flash_point/image/32.jpg,19997
dwbg_0_19997_34_000439,0,True,True,0.8012755728574885,0.7333733439445496,0.02747892215847969,/mnt/sda/cbj/ImageGeneration/Self-main/results/dwbg_pool_seed19997/sd2_2000_s42_msdf_v3/Plastic_Bomo/01_Flash_point/image/34.jpg,19997
dwbg_0_19997_35_000440,0,True,True,0.8216617855802656,0.7603356242179871,0.00404566153883934,/mnt/sda/cbj/ImageGeneration/Self-main/results/dwbg_pool_seed19997/sd2_2000_s42_msdf_v3/Plastic_Bomo/01_Flash_point/image/35.jpg,19997
dwbg_0_19997_36_000441,0,True,True,0.8294919815892121,0.46157106757164,0.08317974209785461,/mnt/sda/cbj/ImageGeneration/Self-main/results/dwbg_pool_seed19997/sd2_2000_s42_msdf_v3/Plastic_Bomo/01_Flash_point/image/36.jpg,19997
dwbg_0_19997_38_000442,0,False,False,,0.0,0.001271771383471787,/mnt/sda/cbj/ImageGeneration/Self-main/results/dwbg_pool_seed19997/sd2_2000_s42_msdf_v3/Plastic_Bomo/01_Flash_point/image/38.jpg,19997
dwbg_0_19997_39_000443,0,True,True,0.8285356554140764,0.6975581049919128,0.0015476002590730786,/mnt/sda/cbj/ImageGeneration/Self-main/results/dwbg_pool_seed19997/sd2_2000_s42_msdf_v3/Plastic_Bomo/01_Flash_point/image/39.jpg,19997
dwbg_0_19997_4_000444,0,True,True,0.7837650993626308,0.7018887996673584,0.00256171403452754,/mnt/sda/cbj/ImageGeneration/Self-main/results/dwbg_pool_seed19997/sd2_2000_s42_msdf_v3/Plastic_Bomo/01_Flash_point/image/4.jpg,19997
dwbg_0_19997_41_000445,0,True,True,0.8088744096796526,0.763918936252594,0.16256055235862732,/mnt/sda/cbj/ImageGeneration/Self-main/results/dwbg_pool_seed19997/sd2_2000_s42_msdf_v3/Plastic_Bomo/01_Flash_point/image/41.jpg,19997
dwbg_0_19997_42_000446,0,False,False,,0.0,0.0,/mnt/sda/cbj/ImageGeneration/Self-main/results/dwbg_pool_seed19997/sd2_2000_s42_msdf_v3/Plastic_Bomo/01_Flash_point/image/42.jpg,19997
dwbg_0_19997_43_000447,0,False,False,,0.0,0.004130961839109659,/mnt/sda/cbj/ImageGeneration/Self-main/results/dwbg_pool_seed19997/sd2_2000_s42_msdf_v3/Plastic_Bomo/01_Flash_point/image/43.jpg,19997
dwbg_0_19997_44_000448,0,False,False,,0.7157026529312134,0.0017754557775333524,/mnt/sda/cbj/ImageGeneration/Self-main/results/dwbg_pool_seed19997/sd2_2000_s42_msdf_v3/Plastic_Bomo/01_Flash_point/image/44.jpg,19997
dwbg_0_19997_45_000449,0,True,True,0.7809610126536102,0.7598096132278442,0.0019924186635762453,/mnt/sda/cbj/ImageGeneration/Self-main/results/dwbg_pool_seed19997/sd2_2000_s42_msdf_v3/Plastic_Bomo/01_Flash_point/image/45.jpg,19997
dwbg_0_19997_46_000450,0,False,False,,0.6328778266906738,0.07526672631502151,/mnt/sda/cbj/ImageGeneration/Self-main/results/dwbg_pool_seed19997/sd2_2000_s42_msdf_v3/Plastic_Bomo/01_Flash_point/image/46.jpg,19997
dwbg_0_19997_47_000451,0,False,False,,0.48867058753967285,0.10894820094108582,/mnt/sda/cbj/ImageGeneration/Self-main/results/dwbg_pool_seed19997/sd2_2000_s42_msdf_v3/Plastic_Bomo/01_Flash_point/image/47.jpg,19997
dwbg_0_19997_49_000452,0,True,True,0.8220245677364948,0.6366508603096008,0.0034060191828757524,/mnt/sda/cbj/ImageGeneration/Self-main/results/dwbg_pool_seed19997/sd2_2000_s42_msdf_v3/Plastic_Bomo/01_Flash_point/image/49.jpg,19997
dwbg_0_19997_5_000453,0,False,False,,0.8081897497177124,0.008732661604881287,/mnt/sda/cbj/ImageGeneration/Self-main/results/dwbg_pool_seed19997/sd2_2000_s42_msdf_v3/Plastic_Bomo/01_Flash_point/image/5.jpg,19997
dwbg_0_19997_50_000454,0,True,True,0.8395719289625094,0.5894846320152283,0.34504225850105286,/mnt/sda/cbj/ImageGeneration/Self-main/results/dwbg_pool_seed19997/sd2_2000_s42_msdf_v3/Plastic_Bomo/01_Flash_point/image/50.jpg,19997
dwbg_0_19997_52_000455,0,True,True,0.6480710868933,0.6756447553634644,0.02325740084052086,/mnt/sda/cbj/ImageGeneration/Self-main/results/dwbg_pool_seed19997/sd2_2000_s42_msdf_v3/Plastic_Bomo/01_Flash_point/image/52.jpg,19997
dwbg_0_19997_53_000456,0,True,True,0.8400583415241692,0.638766884803772,0.2208830863237381,/mnt/sda/cbj/ImageGeneration/Self-main/results/dwbg_pool_seed19997/sd2_2000_s42_msdf_v3/Plastic_Bomo/01_Flash_point/image/53.jpg,19997
dwbg_0_19997_54_000457,0,True,True,0.7859553715375952,0.5924296379089355,0.46924927830696106,/mnt/sda/cbj/ImageGeneration/Self-main/results/dwbg_pool_seed19997/sd2_2000_s42_msdf_v3/Plastic_Bomo/01_Flash_point/image/54.jpg,19997
dwbg_0_19997_56_000458,0,False,False,,0.0,0.0028588888235390186,/mnt/sda/cbj/ImageGeneration/Self-main/results/dwbg_pool_seed19997/sd2_2000_s42_msdf_v3/Plastic_Bomo/01_Flash_point/image/56.jpg,19997
dwbg_0_19997_58_000459,0,False,False,,0.0,0.007787253707647324,/mnt/sda/cbj/ImageGeneration/Self-main/results/dwbg_pool_seed19997/sd2_2000_s42_msdf_v3/Plastic_Bomo/01_Flash_point/image/58.jpg,19997
dwbg_0_19997_6_000460,0,True,True,0.773004138027341,0.6243994235992432,0.002209870843216777,/mnt/sda/cbj/ImageGeneration/Self-main/results/dwbg_pool_seed19997/sd2_2000_s42_msdf_v3/Plastic_Bomo/01_Flash_point/image/6.jpg,19997
dwbg_0_19997_60_000461,0,True,True,0.796784115508703,0.6427757143974304,0.03088066354393959,/mnt/sda/cbj/ImageGeneration/Self-main/results/dwbg_pool_seed19997/sd2_2000_s42_msdf_v3/Plastic_Bomo/01_Flash_point/image/60.jpg,19997
dwbg_0_19997_61_000462,0,True,True,0.825596143985296,0.5065536499023438,0.22748392820358276,/mnt/sda/cbj/ImageGeneration/Self-main/results/dwbg_pool_seed19997/sd2_2000_s42_msdf_v3/Plastic_Bomo/01_Flash_point/image/61.jpg,19997
dwbg_0_19997_62_000463,0,True,True,0.7936276688376785,0.8108258843421936,0.00805674958974123,/mnt/sda/cbj/ImageGeneration/Self-main/results/dwbg_pool_seed19997/sd2_2000_s42_msdf_v3/Plastic_Bomo/01_Flash_point/image/62.jpg,19997
dwbg_0_19997_63_000464,0,False,False,,0.0,0.0,/mnt/sda/cbj/ImageGeneration/Self-main/results/dwbg_pool_seed19997/sd2_2000_s42_msdf_v3/Plastic_Bomo/01_Flash_point/image/63.jpg,19997
dwbg_0_19997_64_000465,0,True,True,0.7707073991439178,0.6476246118545532,0.006670982111245394,/mnt/sda/cbj/ImageGeneration/Self-main/results/dwbg_pool_seed19997/sd2_2000_s42_msdf_v3/Plastic_Bomo/01_Flash_point/image/64.jpg,19997
dwbg_0_19997_65_000466,0,False,False,,0.6345575451850891,0.011537695303559303,/mnt/sda/cbj/ImageGeneration/Self-main/results/dwbg_pool_seed19997/sd2_2000_s42_msdf_v3/Plastic_Bomo/01_Flash_point/image/65.jpg,19997
dwbg_0_19997_66_000467,0,True,True,0.8052582491600684,0.8185853958129883,0.02872178517282009,/mnt/sda/cbj/ImageGeneration/Self-main/results/dwbg_pool_seed19997/sd2_2000_s42_msdf_v3/Plastic_Bomo/01_Flash_point/image/66.jpg,19997
dwbg_0_19997_67_000468,0,False,False,,0.0,0.0010747602209448814,/mnt/sda/cbj/ImageGeneration/Self-main/results/dwbg_pool_seed19997/sd2_2000_s42_msdf_v3/Plastic_Bomo/01_Flash_point/image/67.jpg,19997
dwbg_0_19997_68_000469,0,False,False,,0.0,0.002136793453246355,/mnt/sda/cbj/ImageGeneration/Self-main/results/dwbg_pool_seed19997/sd2_2000_s42_msdf_v3/Plastic_Bomo/01_Flash_point/image/68.jpg,19997
dwbg_0_19997_69_000470,0,True,True,0.8117911475738044,0.7647475600242615,0.035845741629600525,/mnt/sda/cbj/ImageGeneration/Self-main/results/dwbg_pool_seed19997/sd2_2000_s42_msdf_v3/Plastic_Bomo/01_Flash_point/image/69.jpg,19997
dwbg_0_19997_7_000471,0,True,True,0.28467880780593746,0.6579084396362305,0.004018991254270077,/mnt/sda/cbj/ImageGeneration/Self-main/results/dwbg_pool_seed19997/sd2_2000_s42_msdf_v3/Plastic_Bomo/01_Flash_point/image/7.jpg,19997
dwbg_0_19997_73_000472,0,True,True,0.7437750521424733,0.0,0.001710900105535984,/mnt/sda/cbj/ImageGeneration/Self-main/results/dwbg_pool_seed19997/sd2_2000_s42_msdf_v3/Plastic_Bomo/01_Flash_point/image/73.jpg,19997
dwbg_0_19997_74_000473,0,True,True,0.5471573971770561,0.7004408240318298,0.07680144160985947,/mnt/sda/cbj/ImageGeneration/Self-main/results/dwbg_pool_seed19997/sd2_2000_s42_msdf_v3/Plastic_Bomo/01_Flash_point/image/74.jpg,19997
dwbg_0_19997_75_000474,0,True,True,0.7678697618194236,0.6809667348861694,0.04429356008768082,/mnt/sda/cbj/ImageGeneration/Self-main/results/dwbg_pool_seed19997/sd2_2000_s42_msdf_v3/Plastic_Bomo/01_Flash_point/image/75.jpg,19997
dwbg_0_19997_8_000475,0,True,True,0.8092011943630966,0.7354109883308411,0.005738130770623684,/mnt/sda/cbj/ImageGeneration/Self-main/results/dwbg_pool_seed19997/sd2_2000_s42_msdf_v3/Plastic_Bomo/01_Flash_point/image/8.jpg,19997
dwbg_0_19997_9_000476,0,True,True,0.8197220596030615,0.5527076721191406,0.01092058140784502,/mnt/sda/cbj/ImageGeneration/Self-main/results/dwbg_pool_seed19997/sd2_2000_s42_msdf_v3/Plastic_Bomo/01_Flash_point/image/9.jpg,19997
dwbg_1_19997_10_000477,1,True,True,0.7153007673971029,0.36268365383148193,0.10545588284730911,/mnt/sda/cbj/ImageGeneration/Self-main/results/dwbg_pool_seed19997/sd2_2000_s42_msdf_v3/Plastic_Bomo/02_Big_black_spots/image/10.jpg,19997
dwbg_1_19997_11_000478,1,True,True,0.7410839423123742,0.7681849598884583,0.13429388403892517,/mnt/sda/cbj/ImageGeneration/Self-main/results/dwbg_pool_seed19997/sd2_2000_s42_msdf_v3/Plastic_Bomo/02_Big_black_spots/image/11.jpg,19997
dwbg_1_19997_13_000479,1,True,True,0.7242503318716726,0.35703161358833313,0.005789309740066528,/mnt/sda/cbj/ImageGeneration/Self-main/results/dwbg_pool_seed19997/sd2_2000_s42_msdf_v3/Plastic_Bomo/02_Big_black_spots/image/13.jpg,19997
dwbg_1_19997_14_000480,1,True,True,0.6876828808500687,0.5780594944953918,0.12188602983951569,/mnt/sda/cbj/ImageGeneration/Self-main/results/dwbg_pool_seed19997/sd2_2000_s42_msdf_v3/Plastic_Bomo/02_Big_black_spots/image/14.jpg,19997
dwbg_1_19997_15_000481,1,True,True,0.6079454784072112,0.6667030453681946,0.5014289617538452,/mnt/sda/cbj/ImageGeneration/Self-main/results/dwbg_pool_seed19997/sd2_2000_s42_msdf_v3/Plastic_Bomo/02_Big_black_spots/image/15.jpg,19997
dwbg_1_19997_16_000482,1,True,True,0.6552044937809812,0.5825347304344177,0.5468080639839172,/mnt/sda/cbj/ImageGeneration/Self-main/results/dwbg_pool_seed19997/sd2_2000_s42_msdf_v3/Plastic_Bomo/02_Big_black_spots/image/16.jpg,19997
dwbg_1_19997_19_000483,1,True,True,0.7408515771245094,0.4620361924171448,0.394762247800827,/mnt/sda/cbj/ImageGeneration/Self-main/results/dwbg_pool_seed19997/sd2_2000_s42_msdf_v3/Plastic_Bomo/02_Big_black_spots/image/19.jpg,19997
dwbg_1_19997_20_000484,1,True,True,0.7244882944723956,0.6427567005157471,0.6750121116638184,/mnt/sda/cbj/ImageGeneration/Self-main/results/dwbg_pool_seed19997/sd2_2000_s42_msdf_v3/Plastic_Bomo/02_Big_black_spots/image/20.jpg,19997
dwbg_1_19997_21_000485,1,True,True,0.6958571406908887,0.5745474696159363,0.6823819279670715,/mnt/sda/cbj/ImageGeneration/Self-main/results/dwbg_pool_seed19997/sd2_2000_s42_msdf_v3/Plastic_Bomo/02_Big_black_spots/image/21.jpg,19997
dwbg_1_19997_22_000486,1,True,True,0.6525807381438167,0.7029489278793335,0.4997731149196625,/mnt/sda/cbj/ImageGeneration/Self-main/results/dwbg_pool_seed19997/sd2_2000_s42_msdf_v3/Plastic_Bomo/02_Big_black_spots/image/22.jpg,19997
dwbg_1_19997_23_000487,1,True,True,0.6630408046249265,0.4428194463253021,0.015146838501095772,/mnt/sda/cbj/ImageGeneration/Self-main/results/dwbg_pool_seed19997/sd2_2000_s42_msdf_v3/Plastic_Bomo/02_Big_black_spots/image/23.jpg,19997
dwbg_1_19997_24_000488,1,True,True,0.5743340755049844,0.34521740674972534,0.47800177335739136,/mnt/sda/cbj/ImageGeneration/Self-main/results/dwbg_pool_seed19997/sd2_2000_s42_msdf_v3/Plastic_Bomo/02_Big_black_spots/image/24.jpg,19997
dwbg_1_19997_25_000489,1,True,True,0.6707483963111853,0.583940863609314,0.0019223749404773116,/mnt/sda/cbj/ImageGeneration/Self-main/results/dwbg_pool_seed19997/sd2_2000_s42_msdf_v3/Plastic_Bomo/02_Big_black_spots/image/25.jpg,19997
dwbg_1_19997_26_000490,1,False,False,,0.0,0.02846667729318142,/mnt/sda/cbj/ImageGeneration/Self-main/results/dwbg_pool_seed19997/sd2_2000_s42_msdf_v3/Plastic_Bomo/02_Big_black_spots/image/26.jpg,19997
dwbg_1_19997_27_000491,1,True,True,0.7075057403499649,0.46174195408821106,0.1685529500246048,/mnt/sda/cbj/ImageGeneration/Self-main/results/dwbg_pool_seed19997/sd2_2000_s42_msdf_v3/Plastic_Bomo/02_Big_black_spots/image/27.jpg,19997
dwbg_1_19997_29_000492,1,True,True,0.6559255854123568,0.5343505144119263,0.20547832548618317,/mnt/sda/cbj/ImageGeneration/Self-main/results/dwbg_pool_seed19997/sd2_2000_s42_msdf_v3/Plastic_Bomo/02_Big_black_spots/image/29.jpg,19997
dwbg_1_19997_30_000493,1,True,True,0.7397059967094015,0.539800226688385,0.14413972198963165,/mnt/sda/cbj/ImageGeneration/Self-main/results/dwbg_pool_seed19997/sd2_2000_s42_msdf_v3/Plastic_Bomo/02_Big_black_spots/image/30.jpg,19997
dwbg_1_19997_31_000494,1,True,True,0.7978758607038509,0.5900131464004517,0.5896421074867249,/mnt/sda/cbj/ImageGeneration/Self-main/results/dwbg_pool_seed19997/sd2_2000_s42_msdf_v3/Plastic_Bomo/02_Big_black_spots/image/31.jpg,19997
dwbg_1_19997_32_000495,1,True,True,0.23106396093001874,0.5963667035102844,0.30096232891082764,/mnt/sda/cbj/ImageGeneration/Self-main/results/dwbg_pool_seed19997/sd2_2000_s42_msdf_v3/Plastic_Bomo/02_Big_black_spots/image/32.jpg,19997
dwbg_1_19997_33_000496,1,True,True,0.7135946422479671,0.72721928358078,0.5022299289703369,/mnt/sda/cbj/ImageGeneration/Self-main/results/dwbg_pool_seed19997/sd2_2000_s42_msdf_v3/Plastic_Bomo/02_Big_black_spots/image/33.jpg,19997
dwbg_1_19997_34_000497,1,True,True,0.7203294889645808,0.4467651844024658,0.5875678658485413,/mnt/sda/cbj/ImageGeneration/Self-main/results/dwbg_pool_seed19997/sd2_2000_s42_msdf_v3/Plastic_Bomo/02_Big_black_spots/image/34.jpg,19997
dwbg_1_19997_35_000498,1,True,True,0.7090968288194618,0.864477276802063,0.5356290936470032,/mnt/sda/cbj/ImageGeneration/Self-main/results/dwbg_pool_seed19997/sd2_2000_s42_msdf_v3/Plastic_Bomo/02_Big_black_spots/image/35.jpg,19997
dwbg_1_19997_5_000499,1,True,True,0.7523808309325059,0.6864931583404541,0.1293584108352661,/mnt/sda/cbj/ImageGeneration/Self-main/results/dwbg_pool_seed19997/sd2_2000_s42_msdf_v3/Plastic_Bomo/02_Big_black_spots/image/5.jpg,19997
dwbg_1_19997_7_000500,1,True,True,0.8026038871114851,0.776732325553894,0.47073373198509216,/mnt/sda/cbj/ImageGeneration/Self-main/results/dwbg_pool_seed19997/sd2_2000_s42_msdf_v3/Plastic_Bomo/02_Big_black_spots/image/7.jpg,19997
dwbg_1_19997_8_000501,1,True,True,0.7098206023964498,0.28218790888786316,0.041643135249614716,/mnt/sda/cbj/ImageGeneration/Self-main/results/dwbg_pool_seed19997/sd2_2000_s42_msdf_v3/Plastic_Bomo/02_Big_black_spots/image/8.jpg,19997
dwbg_1_19997_9_000502,1,False,False,,0.0,0.023511400446295738,/mnt/sda/cbj/ImageGeneration/Self-main/results/dwbg_pool_seed19997/sd2_2000_s42_msdf_v3/Plastic_Bomo/02_Big_black_spots/image/9.jpg,19997
dwbg_0_24571_0_000503,0,True,True,0.6476601363824382,0.5164154171943665,0.06715234369039536,/mnt/sda/cbj/ImageGeneration/Self-main/results/dwbg_pool_seed24571/sd2_2000_s42_msdf_v3/Plastic_Bomo/01_Flash_point/image/0.jpg,24571
dwbg_0_24571_10_000504,0,True,True,0.795211043842182,0.4090147316455841,0.03689522296190262,/mnt/sda/cbj/ImageGeneration/Self-main/results/dwbg_pool_seed24571/sd2_2000_s42_msdf_v3/Plastic_Bomo/01_Flash_point/image/10.jpg,24571
dwbg_0_24571_11_000505,0,True,True,0.7444200605872817,0.6324133276939392,0.022384457290172577,/mnt/sda/cbj/ImageGeneration/Self-main/results/dwbg_pool_seed24571/sd2_2000_s42_msdf_v3/Plastic_Bomo/01_Flash_point/image/11.jpg,24571
dwbg_0_24571_12_000506,0,True,True,0.765319340131477,0.0,0.00826549343764782,/mnt/sda/cbj/ImageGeneration/Self-main/results/dwbg_pool_seed24571/sd2_2000_s42_msdf_v3/Plastic_Bomo/01_Flash_point/image/12.jpg,24571
dwbg_0_24571_13_000507,0,True,True,0.7329069076633303,0.6811368465423584,0.08130920678377151,/mnt/sda/cbj/ImageGeneration/Self-main/results/dwbg_pool_seed24571/sd2_2000_s42_msdf_v3/Plastic_Bomo/01_Flash_point/image/13.jpg,24571
dwbg_0_24571_15_000508,0,False,False,,0.0,0.0,/mnt/sda/cbj/ImageGeneration/Self-main/results/dwbg_pool_seed24571/sd2_2000_s42_msdf_v3/Plastic_Bomo/01_Flash_point/image/15.jpg,24571
dwbg_0_24571_16_000509,0,True,True,0.8464309990824286,0.7767756581306458,0.015864528715610504,/mnt/sda/cbj/ImageGeneration/Self-main/results/dwbg_pool_seed24571/sd2_2000_s42_msdf_v3/Plastic_Bomo/01_Flash_point/image/16.jpg,24571
dwbg_0_24571_19_000510,0,True,True,0.7908348888150065,0.611527144908905,0.007409838959574699,/mnt/sda/cbj/ImageGeneration/Self-main/results/dwbg_pool_seed24571/sd2_2000_s42_msdf_v3/Plastic_Bomo/01_Flash_point/image/19.jpg,24571
dwbg_0_24571_2_000511,0,False,False,,0.0,0.06917252391576767,/mnt/sda/cbj/ImageGeneration/Self-main/results/dwbg_pool_seed24571/sd2_2000_s42_msdf_v3/Plastic_Bomo/01_Flash_point/image/2.jpg,24571
dwbg_0_24571_20_000512,0,True,True,0.6440123203142021,0.5478901863098145,0.21649840474128723,/mnt/sda/cbj/ImageGeneration/Self-main/results/dwbg_pool_seed24571/sd2_2000_s42_msdf_v3/Plastic_Bomo/01_Flash_point/image/20.jpg,24571
dwbg_0_24571_21_000513,0,True,True,0.813553363691529,0.6789847612380981,0.0026139388792216778,/mnt/sda/cbj/ImageGeneration/Self-main/results/dwbg_pool_seed24571/sd2_2000_s42_msdf_v3/Plastic_Bomo/01_Flash_point/image/21.jpg,24571
dwbg_0_24571_22_000514,0,True,True,0.6968539363556662,0.6509810090065002,0.3157954216003418,/mnt/sda/cbj/ImageGeneration/Self-main/results/dwbg_pool_seed24571/sd2_2000_s42_msdf_v3/Plastic_Bomo/01_Flash_point/image/22.jpg,24571
dwbg_0_24571_24_000515,0,False,False,,0.0,0.40855005383491516,/mnt/sda/cbj/ImageGeneration/Self-main/results/dwbg_pool_seed24571/sd2_2000_s42_msdf_v3/Plastic_Bomo/01_Flash_point/image/24.jpg,24571
dwbg_0_24571_25_000516,0,False,False,,0.5878282785415649,0.006618922110646963,/mnt/sda/cbj/ImageGeneration/Self-main/results/dwbg_pool_seed24571/sd2_2000_s42_msdf_v3/Plastic_Bomo/01_Flash_point/image/25.jpg,24571
dwbg_0_24571_26_000517,0,True,True,0.8110975964599377,0.5008417367935181,0.2650705873966217,/mnt/sda/cbj/ImageGeneration/Self-main/results/dwbg_pool_seed24571/sd2_2000_s42_msdf_v3/Plastic_Bomo/01_Flash_point/image/26.jpg,24571
dwbg_0_24571_28_000518,0,False,False,,0.6457121968269348,0.181199312210083,/mnt/sda/cbj/ImageGeneration/Self-main/results/dwbg_pool_seed24571/sd2_2000_s42_msdf_v3/Plastic_Bomo/01_Flash_point/image/28.jpg,24571
dwbg_0_24571_29_000519,0,True,True,0.809163049591864,0.40994495153427124,0.0036841353867202997,/mnt/sda/cbj/ImageGeneration/Self-main/results/dwbg_pool_seed24571/sd2_2000_s42_msdf_v3/Plastic_Bomo/01_Flash_point/image/29.jpg,24571
dwbg_0_24571_3_000520,0,True,True,0.7568277670278247,0.7534737586975098,0.013856349512934685,/mnt/sda/cbj/ImageGeneration/Self-main/results/dwbg_pool_seed24571/sd2_2000_s42_msdf_v3/Plastic_Bomo/01_Flash_point/image/3.jpg,24571
dwbg_0_24571_30_000521,0,True,True,0.7908113146014206,0.6624179482460022,0.015141000039875507,/mnt/sda/cbj/ImageGeneration/Self-main/results/dwbg_pool_seed24571/sd2_2000_s42_msdf_v3/Plastic_Bomo/01_Flash_point/image/30.jpg,24571
dwbg_0_24571_32_000522,0,False,False,,0.0,0.006710709072649479,/mnt/sda/cbj/ImageGeneration/Self-main/results/dwbg_pool_seed24571/sd2_2000_s42_msdf_v3/Plastic_Bomo/01_Flash_point/image/32.jpg,24571
dwbg_0_24571_33_000523,0,True,True,0.7854049745767325,0.6467297077178955,0.00677629467099905,/mnt/sda/cbj/ImageGeneration/Self-main/results/dwbg_pool_seed24571/sd2_2000_s42_msdf_v3/Plastic_Bomo/01_Flash_point/image/33.jpg,24571
dwbg_0_24571_34_000524,0,False,False,,0.46000632643699646,0.005342815071344376,/mnt/sda/cbj/ImageGeneration/Self-main/results/dwbg_pool_seed24571/sd2_2000_s42_msdf_v3/Plastic_Bomo/01_Flash_point/image/34.jpg,24571
dwbg_0_24571_35_000525,0,True,True,0.8221476115203707,0.5798439979553223,0.0026055858470499516,/mnt/sda/cbj/ImageGeneration/Self-main/results/dwbg_pool_seed24571/sd2_2000_s42_msdf_v3/Plastic_Bomo/01_Flash_point/image/35.jpg,24571
dwbg_0_24571_36_000526,0,True,True,0.7467923345138171,0.35545244812965393,0.005251004360616207,/mnt/sda/cbj/ImageGeneration/Self-main/results/dwbg_pool_seed24571/sd2_2000_s42_msdf_v3/Plastic_Bomo/01_Flash_point/image/36.jpg,24571
dwbg_0_24571_37_000527,0,False,False,,0.6245995759963989,0.006189299281686544,/mnt/sda/cbj/ImageGeneration/Self-main/results/dwbg_pool_seed24571/sd2_2000_s42_msdf_v3/Plastic_Bomo/01_Flash_point/image/37.jpg,24571
dwbg_0_24571_4_000528,0,True,True,0.6655647365851147,0.7172492146492004,0.18520158529281616,/mnt/sda/cbj/ImageGeneration/Self-main/results/dwbg_pool_seed24571/sd2_2000_s42_msdf_v3/Plastic_Bomo/01_Flash_point/image/4.jpg,24571
dwbg_0_24571_40_000529,0,False,False,,0.0,0.047629214823246,/mnt/sda/cbj/ImageGeneration/Self-main/results/dwbg_pool_seed24571/sd2_2000_s42_msdf_v3/Plastic_Bomo/01_Flash_point/image/40.jpg,24571
dwbg_0_24571_41_000530,0,True,True,0.8387885548614509,0.7019619941711426,0.007573720999062061,/mnt/sda/cbj/ImageGeneration/Self-main/results/dwbg_pool_seed24571/sd2_2000_s42_msdf_v3/Plastic_Bomo/01_Flash_point/image/41.jpg,24571
dwbg_0_24571_42_000531,0,True,True,0.7983071634021033,0.7379729747772217,0.0037139691412448883,/mnt/sda/cbj/ImageGeneration/Self-main/results/dwbg_pool_seed24571/sd2_2000_s42_msdf_v3/Plastic_Bomo/01_Flash_point/image/42.jpg,24571
dwbg_0_24571_43_000532,0,True,True,0.8305771569119311,0.7969926595687866,0.013679462485015392,/mnt/sda/cbj/ImageGeneration/Self-main/results/dwbg_pool_seed24571/sd2_2000_s42_msdf_v3/Plastic_Bomo/01_Flash_point/image/43.jpg,24571
dwbg_0_24571_45_000533,0,True,True,0.6922124491545948,0.846900463104248,0.11572720855474472,/mnt/sda/cbj/ImageGeneration/Self-main/results/dwbg_pool_seed24571/sd2_2000_s42_msdf_v3/Plastic_Bomo/01_Flash_point/image/45.jpg,24571
dwbg_0_24571_46_000534,0,True,True,0.7598886562699672,0.662859320640564,0.015963099896907806,/mnt/sda/cbj/ImageGeneration/Self-main/results/dwbg_pool_seed24571/sd2_2000_s42_msdf_v3/Plastic_Bomo/01_Flash_point/image/46.jpg,24571
dwbg_0_24571_47_000535,0,False,False,,0.41664743423461914,0.09838716685771942,/mnt/sda/cbj/ImageGeneration/Self-main/results/dwbg_pool_seed24571/sd2_2000_s42_msdf_v3/Plastic_Bomo/01_Flash_point/image/47.jpg,24571
dwbg_0_24571_5_000536,0,True,True,0.8049078324510786,0.7620198726654053,0.31614819169044495,/mnt/sda/cbj/ImageGeneration/Self-main/results/dwbg_pool_seed24571/sd2_2000_s42_msdf_v3/Plastic_Bomo/01_Flash_point/image/5.jpg,24571
dwbg_0_24571_51_000537,0,False,False,,0.5677542090415955,0.0026210632640868425,/mnt/sda/cbj/ImageGeneration/Self-main/results/dwbg_pool_seed24571/sd2_2000_s42_msdf_v3/Plastic_Bomo/01_Flash_point/image/51.jpg,24571
dwbg_0_24571_52_000538,0,True,True,0.734995431515582,0.7847809195518494,0.43080565333366394,/mnt/sda/cbj/ImageGeneration/Self-main/results/dwbg_pool_seed24571/sd2_2000_s42_msdf_v3/Plastic_Bomo/01_Flash_point/image/52.jpg,24571
dwbg_0_24571_53_000539,0,True,True,0.48233053287995603,0.37053945660591125,0.011104698292911053,/mnt/sda/cbj/ImageGeneration/Self-main/results/dwbg_pool_seed24571/sd2_2000_s42_msdf_v3/Plastic_Bomo/01_Flash_point/image/53.jpg,24571
dwbg_0_24571_55_000540,0,False,False,,0.0,0.0,/mnt/sda/cbj/ImageGeneration/Self-main/results/dwbg_pool_seed24571/sd2_2000_s42_msdf_v3/Plastic_Bomo/01_Flash_point/image/55.jpg,24571
dwbg_0_24571_56_000541,0,True,True,0.7856633609881902,0.5694937109947205,0.049470432102680206,/mnt/sda/cbj/ImageGeneration/Self-main/results/dwbg_pool_seed24571/sd2_2000_s42_msdf_v3/Plastic_Bomo/01_Flash_point/image/56.jpg,24571
dwbg_0_24571_57_000542,0,False,False,,0.5853303074836731,0.044810496270656586,/mnt/sda/cbj/ImageGeneration/Self-main/results/dwbg_pool_seed24571/sd2_2000_s42_msdf_v3/Plastic_Bomo/01_Flash_point/image/57.jpg,24571
dwbg_0_24571_58_000543,0,True,True,0.8199579970335409,0.5939562320709229,0.3955783545970917,/mnt/sda/cbj/ImageGeneration/Self-main/results/dwbg_pool_seed24571/sd2_2000_s42_msdf_v3/Plastic_Bomo/01_Flash_point/image/58.jpg,24571
dwbg_0_24571_60_000544,0,True,True,0.725837135031675,0.5054291486740112,0.10619276016950607,/mnt/sda/cbj/ImageGeneration/Self-main/results/dwbg_pool_seed24571/sd2_2000_s42_msdf_v3/Plastic_Bomo/01_Flash_point/image/60.jpg,24571
dwbg_0_24571_61_000545,0,True,True,0.7813262696739787,0.5485599637031555,0.0040281713008880615,/mnt/sda/cbj/ImageGeneration/Self-main/results/dwbg_pool_seed24571/sd2_2000_s42_msdf_v3/Plastic_Bomo/01_Flash_point/image/61.jpg,24571
dwbg_0_24571_62_000546,0,True,True,0.8435866925761057,0.7250518798828125,0.04075172170996666,/mnt/sda/cbj/ImageGeneration/Self-main/results/dwbg_pool_seed24571/sd2_2000_s42_msdf_v3/Plastic_Bomo/01_Flash_point/image/62.jpg,24571
dwbg_0_24571_63_000547,0,False,False,,0.4887090027332306,0.01036346610635519,/mnt/sda/cbj/ImageGeneration/Self-main/results/dwbg_pool_seed24571/sd2_2000_s42_msdf_v3/Plastic_Bomo/01_Flash_point/image/63.jpg,24571
dwbg_0_24571_64_000548,0,True,True,0.7589677267512485,0.5909470915794373,0.007979263551533222,/mnt/sda/cbj/ImageGeneration/Self-main/results/dwbg_pool_seed24571/sd2_2000_s42_msdf_v3/Plastic_Bomo/01_Flash_point/image/64.jpg,24571
dwbg_0_24571_66_000549,0,False,False,,0.0,0.0,/mnt/sda/cbj/ImageGeneration/Self-main/results/dwbg_pool_seed24571/sd2_2000_s42_msdf_v3/Plastic_Bomo/01_Flash_point/image/66.jpg,24571
dwbg_0_24571_67_000550,0,True,True,0.7877991709537817,0.647609293460846,0.08631891757249832,/mnt/sda/cbj/ImageGeneration/Self-main/results/dwbg_pool_seed24571/sd2_2000_s42_msdf_v3/Plastic_Bomo/01_Flash_point/image/67.jpg,24571
dwbg_0_24571_68_000551,0,False,False,,0.0,0.01943187788128853,/mnt/sda/cbj/ImageGeneration/Self-main/results/dwbg_pool_seed24571/sd2_2000_s42_msdf_v3/Plastic_Bomo/01_Flash_point/image/68.jpg,24571
dwbg_0_24571_69_000552,0,True,True,0.6420991738797974,0.5977821946144104,0.012091884389519691,/mnt/sda/cbj/ImageGeneration/Self-main/results/dwbg_pool_seed24571/sd2_2000_s42_msdf_v3/Plastic_Bomo/01_Flash_point/image/69.jpg,24571
dwbg_0_24571_7_000553,0,True,True,0.7673928897229879,0.6408019065856934,0.0179755762219429,/mnt/sda/cbj/ImageGeneration/Self-main/results/dwbg_pool_seed24571/sd2_2000_s42_msdf_v3/Plastic_Bomo/01_Flash_point/image/7.jpg,24571
dwbg_0_24571_70_000554,0,False,False,,0.0,0.32071274518966675,/mnt/sda/cbj/ImageGeneration/Self-main/results/dwbg_pool_seed24571/sd2_2000_s42_msdf_v3/Plastic_Bomo/01_Flash_point/image/70.jpg,24571
dwbg_0_24571_71_000555,0,True,True,0.7972540175824423,0.5204775929450989,0.0011335905874148011,/mnt/sda/cbj/ImageGeneration/Self-main/results/dwbg_pool_seed24571/sd2_2000_s42_msdf_v3/Plastic_Bomo/01_Flash_point/image/71.jpg,24571
dwbg_0_24571_73_000556,0,True,True,0.7952665270586288,0.6759514808654785,0.008869744837284088,/mnt/sda/cbj/ImageGeneration/Self-main/results/dwbg_pool_seed24571/sd2_2000_s42_msdf_v3/Plastic_Bomo/01_Flash_point/image/73.jpg,24571
dwbg_0_24571_74_000557,0,True,True,0.8059151065139555,0.687735915184021,0.01570979878306389,/mnt/sda/cbj/ImageGeneration/Self-main/results/dwbg_pool_seed24571/sd2_2000_s42_msdf_v3/Plastic_Bomo/01_Flash_point/image/74.jpg,24571
dwbg_0_24571_75_000558,0,True,True,0.81638741752622,0.6259354948997498,0.013357428833842278,/mnt/sda/cbj/ImageGeneration/Self-main/results/dwbg_pool_seed24571/sd2_2000_s42_msdf_v3/Plastic_Bomo/01_Flash_point/image/75.jpg,24571
dwbg_0_24571_8_000559,0,True,True,0.7876444949753252,0.7307795882225037,0.617575466632843,/mnt/sda/cbj/ImageGeneration/Self-main/results/dwbg_pool_seed24571/sd2_2000_s42_msdf_v3/Plastic_Bomo/01_Flash_point/image/8.jpg,24571
dwbg_0_24571_9_000560,0,False,False,,0.771697998046875,0.10731595009565353,/mnt/sda/cbj/ImageGeneration/Self-main/results/dwbg_pool_seed24571/sd2_2000_s42_msdf_v3/Plastic_Bomo/01_Flash_point/image/9.jpg,24571
dwbg_1_24571_0_000561,1,True,True,0.7174898467998828,0.46855202317237854,0.02662341482937336,/mnt/sda/cbj/ImageGeneration/Self-main/results/dwbg_pool_seed24571/sd2_2000_s42_msdf_v3/Plastic_Bomo/02_Big_black_spots/image/0.jpg,24571
dwbg_1_24571_11_000562,1,True,True,0.723383090448493,0.5340588092803955,0.2916249632835388,/mnt/sda/cbj/ImageGeneration/Self-main/results/dwbg_pool_seed24571/sd2_2000_s42_msdf_v3/Plastic_Bomo/02_Big_black_spots/image/11.jpg,24571
dwbg_1_24571_12_000563,1,True,True,0.7199785926300305,0.6752899289131165,0.5789780616760254,/mnt/sda/cbj/ImageGeneration/Self-main/results/dwbg_pool_seed24571/sd2_2000_s42_msdf_v3/Plastic_Bomo/02_Big_black_spots/image/12.jpg,24571
dwbg_1_24571_13_000564,1,True,True,0.5007918629643108,0.414791464805603,0.27679112553596497,/mnt/sda/cbj/ImageGeneration/Self-main/results/dwbg_pool_seed24571/sd2_2000_s42_msdf_v3/Plastic_Bomo/02_Big_black_spots/image/13.jpg,24571
dwbg_1_24571_14_000565,1,True,True,0.7189667075684909,0.4747132360935211,0.3283161520957947,/mnt/sda/cbj/ImageGeneration/Self-main/results/dwbg_pool_seed24571/sd2_2000_s42_msdf_v3/Plastic_Bomo/02_Big_black_spots/image/14.jpg,24571
dwbg_1_24571_15_000566,1,True,True,0.77733664963355,0.6581403613090515,0.6325255632400513,/mnt/sda/cbj/ImageGeneration/Self-main/results/dwbg_pool_seed24571/sd2_2000_s42_msdf_v3/Plastic_Bomo/02_Big_black_spots/image/15.jpg,24571
dwbg_1_24571_16_000567,1,True,True,0.7489264271409972,0.6041638255119324,0.15040986239910126,/mnt/sda/cbj/ImageGeneration/Self-main/results/dwbg_pool_seed24571/sd2_2000_s42_msdf_v3/Plastic_Bomo/02_Big_black_spots/image/16.jpg,24571
dwbg_1_24571_18_000568,1,True,True,0.7392552746764652,0.5130665898323059,0.21721084415912628,/mnt/sda/cbj/ImageGeneration/Self-main/results/dwbg_pool_seed24571/sd2_2000_s42_msdf_v3/Plastic_Bomo/02_Big_black_spots/image/18.jpg,24571
dwbg_1_24571_19_000569,1,True,True,0.7136398921136825,0.7414810657501221,0.28057360649108887,/mnt/sda/cbj/ImageGeneration/Self-main/results/dwbg_pool_seed24571/sd2_2000_s42_msdf_v3/Plastic_Bomo/02_Big_black_spots/image/19.jpg,24571
dwbg_1_24571_2_000570,1,True,True,0.7232571264175417,0.4753066897392273,0.02456836774945259,/mnt/sda/cbj/ImageGeneration/Self-main/results/dwbg_pool_seed24571/sd2_2000_s42_msdf_v3/Plastic_Bomo/02_Big_black_spots/image/2.jpg,24571
dwbg_1_24571_20_000571,1,True,True,0.5763888742501307,0.6756815910339355,0.6146897077560425,/mnt/sda/cbj/ImageGeneration/Self-main/results/dwbg_pool_seed24571/sd2_2000_s42_msdf_v3/Plastic_Bomo/02_Big_black_spots/image/20.jpg,24571
dwbg_1_24571_22_000572,1,True,True,0.7030173886572361,0.6027254462242126,0.13410916924476624,/mnt/sda/cbj/ImageGeneration/Self-main/results/dwbg_pool_seed24571/sd2_2000_s42_msdf_v3/Plastic_Bomo/02_Big_black_spots/image/22.jpg,24571
dwbg_1_24571_23_000573,1,True,True,0.7212521774010419,0.668918251991272,0.02398831397294998,/mnt/sda/cbj/ImageGeneration/Self-main/results/dwbg_pool_seed24571/sd2_2000_s42_msdf_v3/Plastic_Bomo/02_Big_black_spots/image/23.jpg,24571
dwbg_1_24571_24_000574,1,True,True,0.7037354441776951,0.7658703923225403,0.6083638668060303,/mnt/sda/cbj/ImageGeneration/Self-main/results/dwbg_pool_seed24571/sd2_2000_s42_msdf_v3/Plastic_Bomo/02_Big_black_spots/image/24.jpg,24571
dwbg_1_24571_25_000575,1,True,True,0.7258389731053587,0.6139842867851257,0.044019896537065506,/mnt/sda/cbj/ImageGeneration/Self-main/results/dwbg_pool_seed24571/sd2_2000_s42_msdf_v3/Plastic_Bomo/02_Big_black_spots/image/25.jpg,24571
dwbg_1_24571_28_000576,1,False,False,,0.33085957169532776,0.23329907655715942,/mnt/sda/cbj/ImageGeneration/Self-main/results/dwbg_pool_seed24571/sd2_2000_s42_msdf_v3/Plastic_Bomo/02_Big_black_spots/image/28.jpg,24571
dwbg_1_24571_3_000577,1,True,True,0.726033334567612,0.6064745783805847,0.63083416223526,/mnt/sda/cbj/ImageGeneration/Self-main/results/dwbg_pool_seed24571/sd2_2000_s42_msdf_v3/Plastic_Bomo/02_Big_black_spots/image/3.jpg,24571
dwbg_1_24571_30_000578,1,True,True,0.7088994362206289,0.6524959206581116,0.003634548280388117,/mnt/sda/cbj/ImageGeneration/Self-main/results/dwbg_pool_seed24571/sd2_2000_s42_msdf_v3/Plastic_Bomo/02_Big_black_spots/image/30.jpg,24571
dwbg_1_24571_31_000579,1,True,True,0.7544036696729195,0.726705014705658,0.4462429881095886,/mnt/sda/cbj/ImageGeneration/Self-main/results/dwbg_pool_seed24571/sd2_2000_s42_msdf_v3/Plastic_Bomo/02_Big_black_spots/image/31.jpg,24571
dwbg_1_24571_32_000580,1,True,True,0.7090566984046728,0.791059672832489,0.34061264991760254,/mnt/sda/cbj/ImageGeneration/Self-main/results/dwbg_pool_seed24571/sd2_2000_s42_msdf_v3/Plastic_Bomo/02_Big_black_spots/image/32.jpg,24571
dwbg_1_24571_34_000581,1,True,True,0.6454689440008936,0.6940977573394775,0.5077653527259827,/mnt/sda/cbj/ImageGeneration/Self-main/results/dwbg_pool_seed24571/sd2_2000_s42_msdf_v3/Plastic_Bomo/02_Big_black_spots/image/34.jpg,24571
dwbg_1_24571_35_000582,1,True,True,0.5953566713367995,0.6192873120307922,0.5868558287620544,/mnt/sda/cbj/ImageGeneration/Self-main/results/dwbg_pool_seed24571/sd2_2000_s42_msdf_v3/Plastic_Bomo/02_Big_black_spots/image/35.jpg,24571
dwbg_1_24571_5_000583,1,True,True,0.544938985672615,0.47048476338386536,0.036026500165462494,/mnt/sda/cbj/ImageGeneration/Self-main/results/dwbg_pool_seed24571/sd2_2000_s42_msdf_v3/Plastic_Bomo/02_Big_black_spots/image/5.jpg,24571
dwbg_1_24571_7_000584,1,True,True,0.7035334435911245,0.6873264312744141,0.6077081561088562,/mnt/sda/cbj/ImageGeneration/Self-main/results/dwbg_pool_seed24571/sd2_2000_s42_msdf_v3/Plastic_Bomo/02_Big_black_spots/image/7.jpg,24571
dwbg_1_24571_9_000585,1,True,True,0.5677152308873223,0.7248460054397583,0.005498656537383795,/mnt/sda/cbj/ImageGeneration/Self-main/results/dwbg_pool_seed24571/sd2_2000_s42_msdf_v3/Plastic_Bomo/02_Big_black_spots/image/9.jpg,24571
dwbg_0_30103_0_000586,0,True,True,0.7548683740291033,0.5276155471801758,0.0034143312368541956,/mnt/sda/cbj/ImageGeneration/Self-main/results/dwbg_pool_seed30103/sd2_2000_s42_msdf_v3/Plastic_Bomo/01_Flash_point/image/0.jpg,30103
dwbg_0_30103_10_000587,0,False,False,,0.4914931058883667,0.004668126348406076,/mnt/sda/cbj/ImageGeneration/Self-main/results/dwbg_pool_seed30103/sd2_2000_s42_msdf_v3/Plastic_Bomo/01_Flash_point/image/10.jpg,30103
dwbg_0_30103_11_000588,0,True,True,0.7674334690493964,0.6535192131996155,0.2573604881763458,/mnt/sda/cbj/ImageGeneration/Self-main/results/dwbg_pool_seed30103/sd2_2000_s42_msdf_v3/Plastic_Bomo/01_Flash_point/image/11.jpg,30103
dwbg_0_30103_13_000589,0,True,True,0.7996701812580214,0.6970714330673218,0.034922193735837936,/mnt/sda/cbj/ImageGeneration/Self-main/results/dwbg_pool_seed30103/sd2_2000_s42_msdf_v3/Plastic_Bomo/01_Flash_point/image/13.jpg,30103
dwbg_0_30103_14_000590,0,True,True,0.8017856929798953,0.5235379338264465,0.007939180359244347,/mnt/sda/cbj/ImageGeneration/Self-main/results/dwbg_pool_seed30103/sd2_2000_s42_msdf_v3/Plastic_Bomo/01_Flash_point/image/14.jpg,30103
dwbg_0_30103_15_000591,0,False,False,,0.0,0.0,/mnt/sda/cbj/ImageGeneration/Self-main/results/dwbg_pool_seed30103/sd2_2000_s42_msdf_v3/Plastic_Bomo/01_Flash_point/image/15.jpg,30103
dwbg_0_30103_16_000592,0,True,True,0.8279675833810356,0.6361983418464661,0.016731057316064835,/mnt/sda/cbj/ImageGeneration/Self-main/results/dwbg_pool_seed30103/sd2_2000_s42_msdf_v3/Plastic_Bomo/01_Flash_point/image/16.jpg,30103
dwbg_0_30103_17_000593,0,True,True,0.7753155793331182,0.5309218168258667,0.06611808389425278,/mnt/sda/cbj/ImageGeneration/Self-main/results/dwbg_pool_seed30103/sd2_2000_s42_msdf_v3/Plastic_Bomo/01_Flash_point/image/17.jpg,30103
dwbg_0_30103_18_000594,0,False,False,,0.6378768682479858,0.0416906401515007,/mnt/sda/cbj/ImageGeneration/Self-main/results/dwbg_pool_seed30103/sd2_2000_s42_msdf_v3/Plastic_Bomo/01_Flash_point/image/18.jpg,30103
dwbg_0_30103_19_000595,0,True,True,0.5667071920778772,0.657281756401062,0.0014910742174834013,/mnt/sda/cbj/ImageGeneration/Self-main/results/dwbg_pool_seed30103/sd2_2000_s42_msdf_v3/Plastic_Bomo/01_Flash_point/image/19.jpg,30103
dwbg_0_30103_2_000596,0,False,False,,0.0,0.0,/mnt/sda/cbj/ImageGeneration/Self-main/results/dwbg_pool_seed30103/sd2_2000_s42_msdf_v3/Plastic_Bomo/01_Flash_point/image/2.jpg,30103
dwbg_0_30103_20_000597,0,False,False,,0.7486929893493652,0.012342086061835289,/mnt/sda/cbj/ImageGeneration/Self-main/results/dwbg_pool_seed30103/sd2_2000_s42_msdf_v3/Plastic_Bomo/01_Flash_point/image/20.jpg,30103
dwbg_0_30103_21_000598,0,True,True,0.628158387645783,0.7494562864303589,0.31684303283691406,/mnt/sda/cbj/ImageGeneration/Self-main/results/dwbg_pool_seed30103/sd2_2000_s42_msdf_v3/Plastic_Bomo/01_Flash_point/image/21.jpg,30103
dwbg_0_30103_22_000599,0,True,True,0.7582737093843643,0.7818746566772461,0.005980392452329397,/mnt/sda/cbj/ImageGeneration/Self-main/results/dwbg_pool_seed30103/sd2_2000_s42_msdf_v3/Plastic_Bomo/01_Flash_point/image/22.jpg,30103
dwbg_0_30103_23_000600,0,False,False,,0.0,0.0,/mnt/sda/cbj/ImageGeneration/Self-main/results/dwbg_pool_seed30103/sd2_2000_s42_msdf_v3/Plastic_Bomo/01_Flash_point/image/23.jpg,30103
dwbg_0_30103_24_000601,0,False,False,,0.0,0.006544793955981731,/mnt/sda/cbj/ImageGeneration/Self-main/results/dwbg_pool_seed30103/sd2_2000_s42_msdf_v3/Plastic_Bomo/01_Flash_point/image/24.jpg,30103
dwbg_0_30103_26_000602,0,True,True,0.7825563539429348,0.6908643245697021,0.010534879751503468,/mnt/sda/cbj/ImageGeneration/Self-main/results/dwbg_pool_seed30103/sd2_2000_s42_msdf_v3/Plastic_Bomo/01_Flash_point/image/26.jpg,30103
dwbg_0_30103_27_000603,0,True,True,0.8123630910838068,0.33243298530578613,0.12123748660087585,/mnt/sda/cbj/ImageGeneration/Self-main/results/dwbg_pool_seed30103/sd2_2000_s42_msdf_v3/Plastic_Bomo/01_Flash_point/image/27.jpg,30103
dwbg_0_30103_28_000604,0,True,True,0.7721351693245755,0.5375393629074097,0.14712129533290863,/mnt/sda/cbj/ImageGeneration/Self-main/results/dwbg_pool_seed30103/sd2_2000_s42_msdf_v3/Plastic_Bomo/01_Flash_point/image/28.jpg,30103
dwbg_0_30103_3_000605,0,True,True,0.5633636343827039,0.8309900760650635,0.010354329831898212,/mnt/sda/cbj/ImageGeneration/Self-main/results/dwbg_pool_seed30103/sd2_2000_s42_msdf_v3/Plastic_Bomo/01_Flash_point/image/3.jpg,30103
dwbg_0_30103_30_000606,0,True,True,0.7555086072605222,0.5869250893592834,0.13038049638271332,/mnt/sda/cbj/ImageGeneration/Self-main/results/dwbg_pool_seed30103/sd2_2000_s42_msdf_v3/Plastic_Bomo/01_Flash_point/image/30.jpg,30103
dwbg_0_30103_31_000607,0,True,True,0.6392091948830713,0.726071298122406,0.036564841866493225,/mnt/sda/cbj/ImageGeneration/Self-main/results/dwbg_pool_seed30103/sd2_2000_s42_msdf_v3/Plastic_Bomo/01_Flash_point/image/31.jpg,30103
dwbg_0_30103_32_000608,0,True,True,0.8088179411015393,0.7631344199180603,0.06378895789384842,/mnt/sda/cbj/ImageGeneration/Self-main/results/dwbg_pool_seed30103/sd2_2000_s42_msdf_v3/Plastic_Bomo/01_Flash_point/image/32.jpg,30103
dwbg_0_30103_33_000609,0,False,False,,0.5042639970779419,0.11954750120639801,/mnt/sda/cbj/ImageGeneration/Self-main/results/dwbg_pool_seed30103/sd2_2000_s42_msdf_v3/Plastic_Bomo/01_Flash_point/image/33.jpg,30103
dwbg_0_30103_34_000610,0,True,True,0.8153428878579749,0.6191449165344238,0.0018757900688797235,/mnt/sda/cbj/ImageGeneration/Self-main/results/dwbg_pool_seed30103/sd2_2000_s42_msdf_v3/Plastic_Bomo/01_Flash_point/image/34.jpg,30103
dwbg_0_30103_35_000611,0,True,True,0.8038989947241144,0.7794595956802368,0.08040885627269745,/mnt/sda/cbj/ImageGeneration/Self-main/results/dwbg_pool_seed30103/sd2_2000_s42_msdf_v3/Plastic_Bomo/01_Flash_point/image/35.jpg,30103
dwbg_0_30103_36_000612,0,True,True,0.5641630421748053,0.7250773906707764,0.005437794607132673,/mnt/sda/cbj/ImageGeneration/Self-main/results/dwbg_pool_seed30103/sd2_2000_s42_msdf_v3/Plastic_Bomo/01_Flash_point/image/36.jpg,30103
dwbg_0_30103_37_000613,0,True,True,0.7766779430192846,0.6573376059532166,0.0022403860930353403,/mnt/sda/cbj/ImageGeneration/Self-main/results/dwbg_pool_seed30103/sd2_2000_s42_msdf_v3/Plastic_Bomo/01_Flash_point/image/37.jpg,30103
dwbg_0_30103_38_000614,0,True,True,0.5155569647085992,0.7468965649604797,0.003847727319225669,/mnt/sda/cbj/ImageGeneration/Self-main/results/dwbg_pool_seed30103/sd2_2000_s42_msdf_v3/Plastic_Bomo/01_Flash_point/image/38.jpg,30103
dwbg_0_30103_4_000615,0,True,True,0.8373671899201994,0.7042990326881409,0.4483145773410797,/mnt/sda/cbj/ImageGeneration/Self-main/results/dwbg_pool_seed30103/sd2_2000_s42_msdf_v3/Plastic_Bomo/01_Flash_point/image/4.jpg,30103
dwbg_0_30103_40_000616,0,False,False,,0.5432519316673279,0.2353978306055069,/mnt/sda/cbj/ImageGeneration/Self-main/results/dwbg_pool_seed30103/sd2_2000_s42_msdf_v3/Plastic_Bomo/01_Flash_point/image/40.jpg,30103
dwbg_0_30103_41_000617,0,True,True,0.7898415663993515,0.6572233438491821,0.12927097082138062,/mnt/sda/cbj/ImageGeneration/Self-main/results/dwbg_pool_seed30103/sd2_2000_s42_msdf_v3/Plastic_Bomo/01_Flash_point/image/41.jpg,30103
dwbg_0_30103_42_000618,0,False,False,,0.7139810919761658,0.11736929416656494,/mnt/sda/cbj/ImageGeneration/Self-main/results/dwbg_pool_seed30103/sd2_2000_s42_msdf_v3/Plastic_Bomo/01_Flash_point/image/42.jpg,30103
dwbg_0_30103_43_000619,0,True,True,0.8126145341342392,0.7049315571784973,0.06928049027919769,/mnt/sda/cbj/ImageGeneration/Self-main/results/dwbg_pool_seed30103/sd2_2000_s42_msdf_v3/Plastic_Bomo/01_Flash_point/image/43.jpg,30103
dwbg_0_30103_44_000620,0,False,False,,0.0,0.00882202573120594,/mnt/sda/cbj/ImageGeneration/Self-main/results/dwbg_pool_seed30103/sd2_2000_s42_msdf_v3/Plastic_Bomo/01_Flash_point/image/44.jpg,30103
dwbg_0_30103_45_000621,0,False,False,,0.0,0.0,/mnt/sda/cbj/ImageGeneration/Self-main/results/dwbg_pool_seed30103/sd2_2000_s42_msdf_v3/Plastic_Bomo/01_Flash_point/image/45.jpg,30103
dwbg_0_30103_46_000622,0,True,True,0.7778662781735977,0.5467968583106995,0.017306094989180565,/mnt/sda/cbj/ImageGeneration/Self-main/results/dwbg_pool_seed30103/sd2_2000_s42_msdf_v3/Plastic_Bomo/01_Flash_point/image/46.jpg,30103
dwbg_0_30103_49_000623,0,True,True,0.8218050418818013,0.6301141977310181,0.036981645971536636,/mnt/sda/cbj/ImageGeneration/Self-main/results/dwbg_pool_seed30103/sd2_2000_s42_msdf_v3/Plastic_Bomo/01_Flash_point/image/49.jpg,30103
dwbg_0_30103_5_000624,0,True,True,0.7803840217376816,0.6009729504585266,0.007637460250407457,/mnt/sda/cbj/ImageGeneration/Self-main/results/dwbg_pool_seed30103/sd2_2000_s42_msdf_v3/Plastic_Bomo/01_Flash_point/image/5.jpg,30103
dwbg_0_30103_50_000625,0,True,True,0.8316614608618224,0.5718703269958496,0.007453567814081907,/mnt/sda/cbj/ImageGeneration/Self-main/results/dwbg_pool_seed30103/sd2_2000_s42_msdf_v3/Plastic_Bomo/01_Flash_point/image/50.jpg,30103
dwbg_0_30103_52_000626,0,True,True,0.7377751699928927,0.6200690865516663,0.01616256684064865,/mnt/sda/cbj/ImageGeneration/Self-main/results/dwbg_pool_seed30103/sd2_2000_s42_msdf_v3/Plastic_Bomo/01_Flash_point/image/52.jpg,30103
dwbg_0_30103_53_000627,0,True,True,0.7532054121800533,0.8014576435089111,0.33427780866622925,/mnt/sda/cbj/ImageGeneration/Self-main/results/dwbg_pool_seed30103/sd2_2000_s42_msdf_v3/Plastic_Bomo/01_Flash_point/image/53.jpg,30103
dwbg_0_30103_54_000628,0,True,True,0.7727891413004311,0.5103103518486023,0.4367316961288452,/mnt/sda/cbj/ImageGeneration/Self-main/results/dwbg_pool_seed30103/sd2_2000_s42_msdf_v3/Plastic_Bomo/01_Flash_point/image/54.jpg,30103
dwbg_0_30103_55_000629,0,True,True,0.8266157737522677,0.6217561364173889,0.0028759404085576534,/mnt/sda/cbj/ImageGeneration/Self-main/results/dwbg_pool_seed30103/sd2_2000_s42_msdf_v3/Plastic_Bomo/01_Flash_point/image/55.jpg,30103
dwbg_0_30103_56_000630,0,True,True,0.7992537370660966,0.6435114741325378,0.01985931769013405,/mnt/sda/cbj/ImageGeneration/Self-main/results/dwbg_pool_seed30103/sd2_2000_s42_msdf_v3/Plastic_Bomo/01_Flash_point/image/56.jpg,30103
dwbg_0_30103_57_000631,0,True,True,0.8038015716413174,0.7857012748718262,0.002338762627914548,/mnt/sda/cbj/ImageGeneration/Self-main/results/dwbg_pool_seed30103/sd2_2000_s42_msdf_v3/Plastic_Bomo/01_Flash_point/image/57.jpg,30103
dwbg_0_30103_59_000632,0,True,True,0.737117159213849,0.7513909339904785,0.007249519228935242,/mnt/sda/cbj/ImageGeneration/Self-main/results/dwbg_pool_seed30103/sd2_2000_s42_msdf_v3/Plastic_Bomo/01_Flash_point/image/59.jpg,30103
dwbg_0_30103_6_000633,0,True,True,0.7561542901092855,0.6695057153701782,0.021166251972317696,/mnt/sda/cbj/ImageGeneration/Self-main/results/dwbg_pool_seed30103/sd2_2000_s42_msdf_v3/Plastic_Bomo/01_Flash_point/image/6.jpg,30103
dwbg_0_30103_60_000634,0,True,True,0.7805220053918074,0.6719186902046204,0.21591731905937195,/mnt/sda/cbj/ImageGeneration/Self-main/results/dwbg_pool_seed30103/sd2_2000_s42_msdf_v3/Plastic_Bomo/01_Flash_point/image/60.jpg,30103
dwbg_0_30103_61_000635,0,True,True,0.6839779075020973,0.5446953177452087,0.006012349855154753,/mnt/sda/cbj/ImageGeneration/Self-main/results/dwbg_pool_seed30103/sd2_2000_s42_msdf_v3/Plastic_Bomo/01_Flash_point/image/61.jpg,30103
dwbg_0_30103_62_000636,0,True,True,0.7864494263252954,0.0,0.0011359909549355507,/mnt/sda/cbj/ImageGeneration/Self-main/results/dwbg_pool_seed30103/sd2_2000_s42_msdf_v3/Plastic_Bomo/01_Flash_point/image/62.jpg,30103
dwbg_0_30103_63_000637,0,True,True,0.7965765296071772,0.3864552676677704,0.003995715640485287,/mnt/sda/cbj/ImageGeneration/Self-main/results/dwbg_pool_seed30103/sd2_2000_s42_msdf_v3/Plastic_Bomo/01_Flash_point/image/63.jpg,30103
dwbg_0_30103_64_000638,0,True,True,0.6864201507932179,0.7941316366195679,0.04233427718281746,/mnt/sda/cbj/ImageGeneration/Self-main/results/dwbg_pool_seed30103/sd2_2000_s42_msdf_v3/Plastic_Bomo/01_Flash_point/image/64.jpg,30103
dwbg_0_30103_65_000639,0,False,False,,0.686315655708313,0.002725475002080202,/mnt/sda/cbj/ImageGeneration/Self-main/results/dwbg_pool_seed30103/sd2_2000_s42_msdf_v3/Plastic_Bomo/01_Flash_point/image/65.jpg,30103
dwbg_0_30103_66_000640,0,True,True,0.8010118417386425,0.5460894703865051,0.014062662608921528,/mnt/sda/cbj/ImageGeneration/Self-main/results/dwbg_pool_seed30103/sd2_2000_s42_msdf_v3/Plastic_Bomo/01_Flash_point/image/66.jpg,30103
dwbg_0_30103_67_000641,0,True,True,0.7013278309142512,0.7449026107788086,0.6170246601104736,/mnt/sda/cbj/ImageGeneration/Self-main/results/dwbg_pool_seed30103/sd2_2000_s42_msdf_v3/Plastic_Bomo/01_Flash_point/image/67.jpg,30103
dwbg_0_30103_68_000642,0,False,False,,0.0,0.0,/mnt/sda/cbj/ImageGeneration/Self-main/results/dwbg_pool_seed30103/sd2_2000_s42_msdf_v3/Plastic_Bomo/01_Flash_point/image/68.jpg,30103
dwbg_0_30103_69_000643,0,False,False,,0.0,0.14702068269252777,/mnt/sda/cbj/ImageGeneration/Self-main/results/dwbg_pool_seed30103/sd2_2000_s42_msdf_v3/Plastic_Bomo/01_Flash_point/image/69.jpg,30103
dwbg_0_30103_70_000644,0,True,True,0.7736151486702814,0.6530344486236572,0.0027099084109067917,/mnt/sda/cbj/ImageGeneration/Self-main/results/dwbg_pool_seed30103/sd2_2000_s42_msdf_v3/Plastic_Bomo/01_Flash_point/image/70.jpg,30103
dwbg_0_30103_71_000645,0,True,True,0.7858258248057857,0.0,0.006299201864749193,/mnt/sda/cbj/ImageGeneration/Self-main/results/dwbg_pool_seed30103/sd2_2000_s42_msdf_v3/Plastic_Bomo/01_Flash_point/image/71.jpg,30103
dwbg_0_30103_72_000646,0,True,True,0.6960216265148088,0.7400544881820679,0.037055689841508865,/mnt/sda/cbj/ImageGeneration/Self-main/results/dwbg_pool_seed30103/sd2_2000_s42_msdf_v3/Plastic_Bomo/01_Flash_point/image/72.jpg,30103
dwbg_0_30103_73_000647,0,True,True,0.7876562831593067,0.6702141761779785,0.3419373333454132,/mnt/sda/cbj/ImageGeneration/Self-main/results/dwbg_pool_seed30103/sd2_2000_s42_msdf_v3/Plastic_Bomo/01_Flash_point/image/73.jpg,30103
dwbg_0_30103_74_000648,0,False,False,,0.0,0.0,/mnt/sda/cbj/ImageGeneration/Self-main/results/dwbg_pool_seed30103/sd2_2000_s42_msdf_v3/Plastic_Bomo/01_Flash_point/image/74.jpg,30103
dwbg_0_30103_8_000649,0,True,True,0.8180372734594272,0.7026239633560181,0.02368074841797352,/mnt/sda/cbj/ImageGeneration/Self-main/results/dwbg_pool_seed30103/sd2_2000_s42_msdf_v3/Plastic_Bomo/01_Flash_point/image/8.jpg,30103
dwbg_0_30103_9_000650,0,True,True,0.7566187073161845,0.6552141308784485,0.07995332777500153,/mnt/sda/cbj/ImageGeneration/Self-main/results/dwbg_pool_seed30103/sd2_2000_s42_msdf_v3/Plastic_Bomo/01_Flash_point/image/9.jpg,30103
dwbg_1_30103_0_000651,1,True,True,0.6997604191617528,0.4515042304992676,0.5119273662567139,/mnt/sda/cbj/ImageGeneration/Self-main/results/dwbg_pool_seed30103/sd2_2000_s42_msdf_v3/Plastic_Bomo/02_Big_black_spots/image/0.jpg,30103
dwbg_1_30103_1_000652,1,True,True,0.7068775118224385,0.6888272762298584,0.06190439313650131,/mnt/sda/cbj/ImageGeneration/Self-main/results/dwbg_pool_seed30103/sd2_2000_s42_msdf_v3/Plastic_Bomo/02_Big_black_spots/image/1.jpg,30103
dwbg_1_30103_10_000653,1,True,True,0.7661777103978492,0.6276804804801941,0.5091486573219299,/mnt/sda/cbj/ImageGeneration/Self-main/results/dwbg_pool_seed30103/sd2_2000_s42_msdf_v3/Plastic_Bomo/02_Big_black_spots/image/10.jpg,30103
dwbg_1_30103_12_000654,1,True,True,0.7303260013563162,0.7700412273406982,0.045696232467889786,/mnt/sda/cbj/ImageGeneration/Self-main/results/dwbg_pool_seed30103/sd2_2000_s42_msdf_v3/Plastic_Bomo/02_Big_black_spots/image/12.jpg,30103
dwbg_1_30103_13_000655,1,True,True,0.7782414949586844,0.5449852347373962,0.5677025318145752,/mnt/sda/cbj/ImageGeneration/Self-main/results/dwbg_pool_seed30103/sd2_2000_s42_msdf_v3/Plastic_Bomo/02_Big_black_spots/image/13.jpg,30103
dwbg_1_30103_14_000656,1,True,True,0.7266282626497742,0.8608600497245789,0.3279861509799957,/mnt/sda/cbj/ImageGeneration/Self-main/results/dwbg_pool_seed30103/sd2_2000_s42_msdf_v3/Plastic_Bomo/02_Big_black_spots/image/14.jpg,30103
dwbg_1_30103_15_000657,1,True,True,0.7262862191976746,0.5045373439788818,0.13915693759918213,/mnt/sda/cbj/ImageGeneration/Self-main/results/dwbg_pool_seed30103/sd2_2000_s42_msdf_v3/Plastic_Bomo/02_Big_black_spots/image/15.jpg,30103
dwbg_1_30103_16_000658,1,True,True,0.7331726395447591,0.6467456221580505,0.17973966896533966,/mnt/sda/cbj/ImageGeneration/Self-main/results/dwbg_pool_seed30103/sd2_2000_s42_msdf_v3/Plastic_Bomo/02_Big_black_spots/image/16.jpg,30103
dwbg_1_30103_19_000659,1,True,True,0.7222149742213193,0.5525719523429871,0.4595140516757965,/mnt/sda/cbj/ImageGeneration/Self-main/results/dwbg_pool_seed30103/sd2_2000_s42_msdf_v3/Plastic_Bomo/02_Big_black_spots/image/19.jpg,30103
dwbg_1_30103_2_000660,1,True,True,0.6930425144437556,0.6850143671035767,0.5929943919181824,/mnt/sda/cbj/ImageGeneration/Self-main/results/dwbg_pool_seed30103/sd2_2000_s42_msdf_v3/Plastic_Bomo/02_Big_black_spots/image/2.jpg,30103
dwbg_1_30103_20_000661,1,True,True,0.6690734841949072,0.48395755887031555,0.16553948819637299,/mnt/sda/cbj/ImageGeneration/Self-main/results/dwbg_pool_seed30103/sd2_2000_s42_msdf_v3/Plastic_Bomo/02_Big_black_spots/image/20.jpg,30103
dwbg_1_30103_22_000662,1,True,True,0.7049471425015384,0.701684296131134,0.5696852803230286,/mnt/sda/cbj/ImageGeneration/Self-main/results/dwbg_pool_seed30103/sd2_2000_s42_msdf_v3/Plastic_Bomo/02_Big_black_spots/image/22.jpg,30103
dwbg_1_30103_24_000663,1,True,True,0.6775654264234499,0.299270898103714,0.09519258141517639,/mnt/sda/cbj/ImageGeneration/Self-main/results/dwbg_pool_seed30103/sd2_2000_s42_msdf_v3/Plastic_Bomo/02_Big_black_spots/image/24.jpg,30103
dwbg_1_30103_25_000664,1,True,True,0.6499479648002401,0.6183119416236877,0.3612709939479828,/mnt/sda/cbj/ImageGeneration/Self-main/results/dwbg_pool_seed30103/sd2_2000_s42_msdf_v3/Plastic_Bomo/02_Big_black_spots/image/25.jpg,30103
dwbg_1_30103_26_000665,1,True,True,0.7185719575165284,0.6323444247245789,0.3782670795917511,/mnt/sda/cbj/ImageGeneration/Self-main/results/dwbg_pool_seed30103/sd2_2000_s42_msdf_v3/Plastic_Bomo/02_Big_black_spots/image/26.jpg,30103
dwbg_1_30103_27_000666,1,True,True,0.6261002026114195,0.3932567536830902,0.6366851925849915,/mnt/sda/cbj/ImageGeneration/Self-main/results/dwbg_pool_seed30103/sd2_2000_s42_msdf_v3/Plastic_Bomo/02_Big_black_spots/image/27.jpg,30103
dwbg_1_30103_28_000667,1,True,True,0.738388308217391,0.5588233470916748,0.48228850960731506,/mnt/sda/cbj/ImageGeneration/Self-main/results/dwbg_pool_seed30103/sd2_2000_s42_msdf_v3/Plastic_Bomo/02_Big_black_spots/image/28.jpg,30103
dwbg_1_30103_30_000668,1,True,True,0.6658236636435207,0.5324158072471619,0.047081150114536285,/mnt/sda/cbj/ImageGeneration/Self-main/results/dwbg_pool_seed30103/sd2_2000_s42_msdf_v3/Plastic_Bomo/02_Big_black_spots/image/30.jpg,30103
dwbg_1_30103_31_000669,1,True,True,0.7138987680310931,0.5101873278617859,0.1209103912115097,/mnt/sda/cbj/ImageGeneration/Self-main/results/dwbg_pool_seed30103/sd2_2000_s42_msdf_v3/Plastic_Bomo/02_Big_black_spots/image/31.jpg,30103
dwbg_1_30103_33_000670,1,False,False,,0.785481333732605,0.4185160994529724,/mnt/sda/cbj/ImageGeneration/Self-main/results/dwbg_pool_seed30103/sd2_2000_s42_msdf_v3/Plastic_Bomo/02_Big_black_spots/image/33.jpg,30103
dwbg_1_30103_34_000671,1,True,True,0.8044973426898805,0.5430814027786255,0.08823618292808533,/mnt/sda/cbj/ImageGeneration/Self-main/results/dwbg_pool_seed30103/sd2_2000_s42_msdf_v3/Plastic_Bomo/02_Big_black_spots/image/34.jpg,30103
dwbg_1_30103_35_000672,1,True,True,0.7097939432895501,0.4230838716030121,0.010979369282722473,/mnt/sda/cbj/ImageGeneration/Self-main/results/dwbg_pool_seed30103/sd2_2000_s42_msdf_v3/Plastic_Bomo/02_Big_black_spots/image/35.jpg,30103
dwbg_0_42_0_000000_c1001,0,True,True,0.7641683037739085,0.39336201548576355,0.012295589782297611,/mnt/sda/cbj/ImageGeneration/Self-main/results/dwbg_pool_seed42/sd2_2000_s42_msdf_v3/Plastic_Bomo/01_Flash_point/image/0.jpg,42
dwbg_0_7859_17_000001_c1001,0,True,True,0.6598814227066092,0.7739270925521851,0.007848614826798439,/mnt/sda/cbj/ImageGeneration/Self-main/results/dwbg_pool_seed7859/sd2_2000_s42_msdf_v3/Plastic_Bomo/01_Flash_point/image/17.jpg,7859
dwbg_0_7859_18_000002_c1001,0,True,True,0.7920616472934582,0.5239831209182739,0.11085300892591476,/mnt/sda/cbj/ImageGeneration/Self-main/results/dwbg_pool_seed7859/sd2_2000_s42_msdf_v3/Plastic_Bomo/01_Flash_point/image/18.jpg,7859
dwbg_0_19997_29_000003_c1001,0,True,True,0.8152532027681172,0.7998762726783752,0.006769279483705759,/mnt/sda/cbj/ImageGeneration/Self-main/results/dwbg_pool_seed19997/sd2_2000_s42_msdf_v3/Plastic_Bomo/01_Flash_point/image/29.jpg,19997
dwbg_0_24571_29_000004_c1001,0,False,False,,0.33245694637298584,0.2811267375946045,/mnt/sda/cbj/ImageGeneration/Self-main/results/dwbg_pool_seed24571/sd2_2000_s42_msdf_v3/Plastic_Bomo/01_Flash_point/image/29.jpg,24571
dwbg_0_30103_0_000005_c1001,0,True,True,0.789110674197038,0.5616731643676758,0.04700662940740585,/mnt/sda/cbj/ImageGeneration/Self-main/results/dwbg_pool_seed30103/sd2_2000_s42_msdf_v3/Plastic_Bomo/01_Flash_point/image/0.jpg,30103
dwbg_0_24571_0_000000_c2002,0,True,True,0.7918682855052783,0.6936995387077332,0.00984191708266735,/mnt/sda/cbj/ImageGeneration/Self-main/results/dwbg_pool_seed24571/sd2_2000_s42_msdf_v3/Plastic_Bomo/01_Flash_point/image/0.jpg,24571
dwbg_0_30103_0_000001_c2002,0,True,True,0.8365922493344169,0.3416427969932556,0.1342240571975708,/mnt/sda/cbj/ImageGeneration/Self-main/results/dwbg_pool_seed30103/sd2_2000_s42_msdf_v3/Plastic_Bomo/01_Flash_point/image/0.jpg,30103
dwbg_0_42_0_000000_c3003,0,True,True,0.7736184679054524,0.5217371582984924,0.029608000069856644,/mnt/sda/cbj/ImageGeneration/Self-main/results/dwbg_pool_seed42/sd2_2000_s42_msdf_v3/Plastic_Bomo/01_Flash_point/image/0.jpg,42
dwbg_0_12011_11_000001_c3003,0,True,True,0.8551527079337558,0.8062979578971863,0.005555572919547558,/mnt/sda/cbj/ImageGeneration/Self-main/results/dwbg_pool_seed12011/sd2_2000_s42_msdf_v3/Plastic_Bomo/01_Flash_point/image/11.jpg,12011
dwbg_0_15683_10_000002_c3003,0,True,True,0.8336299668521527,0.7773134112358093,0.011484209448099136,/mnt/sda/cbj/ImageGeneration/Self-main/results/dwbg_pool_seed15683/sd2_2000_s42_msdf_v3/Plastic_Bomo/01_Flash_point/image/10.jpg,15683
dwbg_0_42_0_000000_c4004,0,True,True,0.8151696635361443,0.4568798840045929,0.015094516798853874,/mnt/sda/cbj/ImageGeneration/Self-main/results/dwbg_pool_seed42/sd2_2000_s42_msdf_v3/Plastic_Bomo/01_Flash_point/image/0.jpg,42
dwbg_0_12011_11_000001_c4004,0,True,True,0.8556331420986174,0.8075667023658752,0.016884412616491318,/mnt/sda/cbj/ImageGeneration/Self-main/results/dwbg_pool_seed12011/sd2_2000_s42_msdf_v3/Plastic_Bomo/01_Flash_point/image/11.jpg,12011
dwbg_0_24571_0_000002_c4004,0,True,True,0.7855359016905118,0.5151216983795166,0.0013164801057428122,/mnt/sda/cbj/ImageGeneration/Self-main/results/dwbg_pool_seed24571/sd2_2000_s42_msdf_v3/Plastic_Bomo/01_Flash_point/image/0.jpg,24571
dwbg_0_42_0_000000_c5005,0,True,True,0.8370993493467851,0.6969552040100098,0.010341525077819824,/mnt/sda/cbj/ImageGeneration/Self-main/results/dwbg_pool_seed42/sd2_2000_s42_msdf_v3/Plastic_Bomo/01_Flash_point/image/0.jpg,42
dwbg_0_30103_0_000001_c5005,0,True,True,0.7973450957264803,0.5462687611579895,0.002667651977390051,/mnt/sda/cbj/ImageGeneration/Self-main/results/dwbg_pool_seed30103/sd2_2000_s42_msdf_v3/Plastic_Bomo/01_Flash_point/image/0.jpg,30103
dwbg_0_30103_22_000002_c5005,0,True,True,0.8192269437880234,0.6293576955795288,0.0028679578099399805,/mnt/sda/cbj/ImageGeneration/Self-main/results/dwbg_pool_seed30103/sd2_2000_s42_msdf_v3/Plastic_Bomo/01_Flash_point/image/22.jpg,30103
dwbg_0_42_0_000000_c6006,0,True,True,0.804606036962705,0.5043031573295593,0.014507259242236614,/mnt/sda/cbj/ImageGeneration/Self-main/results/dwbg_pool_seed42/sd2_2000_s42_msdf_v3/Plastic_Bomo/01_Flash_point/image/0.jpg,42
dwbg_0_42_32_000001_c6006,0,True,True,0.6197791301964146,0.7840425372123718,0.0036808201111853123,/mnt/sda/cbj/ImageGeneration/Self-main/results/dwbg_pool_seed42/sd2_2000_s42_msdf_v3/Plastic_Bomo/01_Flash_point/image/32.jpg,42
dwbg_0_42_5_000002_c6006,0,True,True,0.826384344479659,0.6344366669654846,0.3577990233898163,/mnt/sda/cbj/ImageGeneration/Self-main/results/dwbg_pool_seed42/sd2_2000_s42_msdf_v3/Plastic_Bomo/01_Flash_point/image/5.jpg,42
dwbg_0_7859_17_000003_c6006,0,True,True,0.8207683349725426,0.7170009016990662,0.0049544344656169415,/mnt/sda/cbj/ImageGeneration/Self-main/results/dwbg_pool_seed7859/sd2_2000_s42_msdf_v3/Plastic_Bomo/01_Flash_point/image/17.jpg,7859
dwbg_0_19997_12_000004_c6006,0,True,True,0.747111321150157,0.6405857801437378,0.11406759172677994,/mnt/sda/cbj/ImageGeneration/Self-main/results/dwbg_pool_seed19997/sd2_2000_s42_msdf_v3/Plastic_Bomo/01_Flash_point/image/12.jpg,19997
dwbg_0_12011_0_000000_c7007,0,True,True,0.8331615866957217,0.5077521800994873,0.04698542132973671,/mnt/sda/cbj/ImageGeneration/Self-main/results/dwbg_pool_seed12011/sd2_2000_s42_msdf_v3/Plastic_Bomo/01_Flash_point/image/0.jpg,12011
dwbg_0_12011_10_000001_c7007,0,True,True,0.851725879060828,0.6659005284309387,0.005804265383630991,/mnt/sda/cbj/ImageGeneration/Self-main/results/dwbg_pool_seed12011/sd2_2000_s42_msdf_v3/Plastic_Bomo/01_Flash_point/image/10.jpg,12011
dwbg_0_12011_11_000002_c7007,0,True,True,0.8199743686327741,0.8027390837669373,0.022004807367920876,/mnt/sda/cbj/ImageGeneration/Self-main/results/dwbg_pool_seed12011/sd2_2000_s42_msdf_v3/Plastic_Bomo/01_Flash_point/image/11.jpg,12011
dwbg_0_30103_52_000003_c7007,0,True,True,0.855584575668271,0.6088646054267883,0.013143370859324932,/mnt/sda/cbj/ImageGeneration/Self-main/results/dwbg_pool_seed30103/sd2_2000_s42_msdf_v3/Plastic_Bomo/01_Flash_point/image/52.jpg,30103
dwbg_0_7859_10_000000_c8008,0,True,True,0.8319771005926284,0.6084789037704468,0.009102129377424717,/mnt/sda/cbj/ImageGeneration/Self-main/results/dwbg_pool_seed7859/sd2_2000_s42_msdf_v3/Plastic_Bomo/01_Flash_point/image/10.jpg,7859
dwbg_0_30103_19_000000_c9009,0,True,True,0.5973243714046363,0.7319474220275879,0.006550451274961233,/mnt/sda/cbj/ImageGeneration/Self-main/results/dwbg_pool_seed30103/sd2_2000_s42_msdf_v3/Plastic_Bomo/01_Flash_point/image/19.jpg,30103
dwbg_0_15683_0_000000_c10010,0,True,True,0.8056376351431818,0.5019265413284302,0.003087985794991255,/mnt/sda/cbj/ImageGeneration/Self-main/results/dwbg_pool_seed15683/sd2_2000_s42_msdf_v3/Plastic_Bomo/01_Flash_point/image/0.jpg,15683
dwbg_0_19997_12_000001_c10010,0,True,True,0.8373252205446194,0.755250096321106,0.003210806753486395,/mnt/sda/cbj/ImageGeneration/Self-main/results/dwbg_pool_seed19997/sd2_2000_s42_msdf_v3/Plastic_Bomo/01_Flash_point/image/12.jpg,19997
dwbg_0_19997_17_000002_c10010,0,True,True,0.807114114209697,0.7026090025901794,0.00909130647778511,/mnt/sda/cbj/ImageGeneration/Self-main/results/dwbg_pool_seed19997/sd2_2000_s42_msdf_v3/Plastic_Bomo/01_Flash_point/image/17.jpg,19997
dwbg_0_42_0_000000_c11011,0,True,True,0.7866499244812125,0.7113370299339294,0.0019059005426242948,/mnt/sda/cbj/ImageGeneration/Self-main/results/dwbg_pool_seed42/sd2_2000_s42_msdf_v3/Plastic_Bomo/01_Flash_point/image/0.jpg,42
dwbg_0_3407_0_000001_c11011,0,True,True,0.7792523666986546,0.0,0.11018097400665283,/mnt/sda/cbj/ImageGeneration/Self-main/results/dwbg_pool_seed3407/sd2_2000_s42_msdf_v3/Plastic_Bomo/01_Flash_point/image/0.jpg,3407
dwbg_0_3407_13_000002_c11011,0,False,False,,0.38289764523506165,0.0018380387919023633,/mnt/sda/cbj/ImageGeneration/Self-main/results/dwbg_pool_seed3407/sd2_2000_s42_msdf_v3/Plastic_Bomo/01_Flash_point/image/13.jpg,3407
dwbg_0_7859_28_000003_c11011,0,True,True,0.8018644544316593,0.6902965307235718,0.006272101309150457,/mnt/sda/cbj/ImageGeneration/Self-main/results/dwbg_pool_seed7859/sd2_2000_s42_msdf_v3/Plastic_Bomo/01_Flash_point/image/28.jpg,7859
dwbg_0_12011_11_000004_c11011,0,False,False,,0.5137683749198914,0.0014405332040041685,/mnt/sda/cbj/ImageGeneration/Self-main/results/dwbg_pool_seed12011/sd2_2000_s42_msdf_v3/Plastic_Bomo/01_Flash_point/image/11.jpg,12011
dwbg_0_15683_10_000005_c11011,0,True,True,0.548044164320025,0.515533983707428,0.003865466918796301,/mnt/sda/cbj/ImageGeneration/Self-main/results/dwbg_pool_seed15683/sd2_2000_s42_msdf_v3/Plastic_Bomo/01_Flash_point/image/10.jpg,15683
dwbg_0_7859_10_000000_c12012,0,True,True,0.8185899531677111,0.31479325890541077,0.12296630442142487,/mnt/sda/cbj/ImageGeneration/Self-main/results/dwbg_pool_seed7859/sd2_2000_s42_msdf_v3/Plastic_Bomo/01_Flash_point/image/10.jpg,7859
dwbg_0_7859_11_000001_c12012,0,True,True,0.7522839997258348,0.0,0.08453661948442459,/mnt/sda/cbj/ImageGeneration/Self-main/results/dwbg_pool_seed7859/sd2_2000_s42_msdf_v3/Plastic_Bomo/01_Flash_point/image/11.jpg,7859
dwbg_0_12011_11_000002_c12012,0,True,True,0.8389097031364,0.8883287310600281,0.07505816966295242,/mnt/sda/cbj/ImageGeneration/Self-main/results/dwbg_pool_seed12011/sd2_2000_s42_msdf_v3/Plastic_Bomo/01_Flash_point/image/11.jpg,12011
dwbg_0_15683_35_000003_c12012,0,True,True,0.8511225445530528,0.6159268617630005,0.046449266374111176,/mnt/sda/cbj/ImageGeneration/Self-main/results/dwbg_pool_seed15683/sd2_2000_s42_msdf_v3/Plastic_Bomo/01_Flash_point/image/35.jpg,15683
dwbg_0_19997_10_000004_c12012,0,True,True,0.7909714637041111,0.7000278234481812,0.003639548784121871,/mnt/sda/cbj/ImageGeneration/Self-main/results/dwbg_pool_seed19997/sd2_2000_s42_msdf_v3/Plastic_Bomo/01_Flash_point/image/10.jpg,19997
dwbg_0_12011_10_000000_c14014,0,True,True,0.8434829257933213,0.5738018155097961,0.16431568562984467,/mnt/sda/cbj/ImageGeneration/Self-main/results/dwbg_pool_seed12011/sd2_2000_s42_msdf_v3/Plastic_Bomo/01_Flash_point/image/10.jpg,12011
dwbg_0_19997_10_000001_c14014,0,True,True,0.7392769060580628,0.45182153582572937,0.00410863570868969,/mnt/sda/cbj/ImageGeneration/Self-main/results/dwbg_pool_seed19997/sd2_2000_s42_msdf_v3/Plastic_Bomo/01_Flash_point/image/10.jpg,19997
dwbg_0_24571_0_000002_c14014,0,True,True,0.8162148152972759,0.3361782133579254,0.0012294217012822628,/mnt/sda/cbj/ImageGeneration/Self-main/results/dwbg_pool_seed24571/sd2_2000_s42_msdf_v3/Plastic_Bomo/01_Flash_point/image/0.jpg,24571
dwbg_0_30103_0_000003_c14014,0,True,True,0.8245223512879066,0.49376964569091797,0.0014966726303100586,/mnt/sda/cbj/ImageGeneration/Self-main/results/dwbg_pool_seed30103/sd2_2000_s42_msdf_v3/Plastic_Bomo/01_Flash_point/image/0.jpg,30103
dwbg_0_7859_0_000000_c15015,0,True,True,0.8422461542561105,0.4703001081943512,0.05331943556666374,/mnt/sda/cbj/ImageGeneration/Self-main/results/dwbg_pool_seed7859/sd2_2000_s42_msdf_v3/Plastic_Bomo/01_Flash_point/image/0.jpg,7859
dwbg_0_7859_17_000000_c16016,0,True,True,0.7413599858700914,0.7410552501678467,0.009327484294772148,/mnt/sda/cbj/ImageGeneration/Self-main/results/dwbg_pool_seed7859/sd2_2000_s42_msdf_v3/Plastic_Bomo/01_Flash_point/image/17.jpg,7859
dwbg_0_15683_35_000001_c16016,0,True,True,0.8376780874801123,0.5005741119384766,0.007362089119851589,/mnt/sda/cbj/ImageGeneration/Self-main/results/dwbg_pool_seed15683/sd2_2000_s42_msdf_v3/Plastic_Bomo/01_Flash_point/image/35.jpg,15683
dwbg_0_15683_0_000000_c17017,0,True,True,0.8202109538813056,0.7087188959121704,0.0015575174475088716,/mnt/sda/cbj/ImageGeneration/Self-main/results/dwbg_pool_seed15683/sd2_2000_s42_msdf_v3/Plastic_Bomo/01_Flash_point/image/0.jpg,15683
dwbg_0_19997_10_000001_c17017,0,True,True,0.8080306693358947,0.0,0.4190717041492462,/mnt/sda/cbj/ImageGeneration/Self-main/results/dwbg_pool_seed19997/sd2_2000_s42_msdf_v3/Plastic_Bomo/01_Flash_point/image/10.jpg,19997
dwbg_0_42_32_000000_c18018,0,True,True,0.8439307331111363,0.7850084900856018,0.004304851870983839,/mnt/sda/cbj/ImageGeneration/Self-main/results/dwbg_pool_seed42/sd2_2000_s42_msdf_v3/Plastic_Bomo/01_Flash_point/image/32.jpg,42
dwbg_0_3407_0_000001_c18018,0,False,False,,0.4324047267436981,0.004029571544378996,/mnt/sda/cbj/ImageGeneration/Self-main/results/dwbg_pool_seed3407/sd2_2000_s42_msdf_v3/Plastic_Bomo/01_Flash_point/image/0.jpg,3407
dwbg_0_12011_10_000002_c18018,0,True,True,0.6773288045067374,0.3613429665565491,0.003890244523063302,/mnt/sda/cbj/ImageGeneration/Self-main/results/dwbg_pool_seed12011/sd2_2000_s42_msdf_v3/Plastic_Bomo/01_Flash_point/image/10.jpg,12011
dwbg_0_19997_29_000000_c19019,0,True,True,0.7776843954936059,0.8092381358146667,0.03407345339655876,/mnt/sda/cbj/ImageGeneration/Self-main/results/dwbg_pool_seed19997/sd2_2000_s42_msdf_v3/Plastic_Bomo/01_Flash_point/image/29.jpg,19997
dwbg_0_24571_0_000001_c19019,0,True,True,0.8260869874682735,0.4584709107875824,0.0168171226978302,/mnt/sda/cbj/ImageGeneration/Self-main/results/dwbg_pool_seed24571/sd2_2000_s42_msdf_v3/Plastic_Bomo/01_Flash_point/image/0.jpg,24571
dwbg_0_24571_19_000002_c19019,0,False,False,,0.0,0.0010233124485239387,/mnt/sda/cbj/ImageGeneration/Self-main/results/dwbg_pool_seed24571/sd2_2000_s42_msdf_v3/Plastic_Bomo/01_Flash_point/image/19.jpg,24571
dwbg_0_24571_2_000003_c19019,0,True,True,0.8331365992975287,0.694473385810852,0.02423296682536602,/mnt/sda/cbj/ImageGeneration/Self-main/results/dwbg_pool_seed24571/sd2_2000_s42_msdf_v3/Plastic_Bomo/01_Flash_point/image/2.jpg,24571
dwbg_0_42_0_000000_c20020,0,True,True,0.8254645111621199,0.35544732213020325,0.01551760546863079,/mnt/sda/cbj/ImageGeneration/Self-main/results/dwbg_pool_seed42/sd2_2000_s42_msdf_v3/Plastic_Bomo/01_Flash_point/image/0.jpg,42
dwbg_0_42_10_000001_c20020,0,True,True,0.6599846164441027,0.6414399743080139,0.03119855374097824,/mnt/sda/cbj/ImageGeneration/Self-main/results/dwbg_pool_seed42/sd2_2000_s42_msdf_v3/Plastic_Bomo/01_Flash_point/image/10.jpg,42
dwbg_0_15683_10_000002_c20020,0,True,True,0.7823390107565118,0.6905333995819092,0.0039346725679934025,/mnt/sda/cbj/ImageGeneration/Self-main/results/dwbg_pool_seed15683/sd2_2000_s42_msdf_v3/Plastic_Bomo/01_Flash_point/image/10.jpg,15683
dwbg_0_30103_22_000003_c20020,0,True,True,0.7712570047128342,0.5777184963226318,0.00689351512119174,/mnt/sda/cbj/ImageGeneration/Self-main/results/dwbg_pool_seed30103/sd2_2000_s42_msdf_v3/Plastic_Bomo/01_Flash_point/image/22.jpg,30103
dwbg_0_12011_0_000000_c21021,0,True,True,0.8505877831188753,0.4355577230453491,0.4535907208919525,/mnt/sda/cbj/ImageGeneration/Self-main/results/dwbg_pool_seed12011/sd2_2000_s42_msdf_v3/Plastic_Bomo/01_Flash_point/image/0.jpg,12011
dwbg_0_15683_0_000001_c21021,0,True,True,0.8519226685221475,0.815593957901001,0.004455476067960262,/mnt/sda/cbj/ImageGeneration/Self-main/results/dwbg_pool_seed15683/sd2_2000_s42_msdf_v3/Plastic_Bomo/01_Flash_point/image/0.jpg,15683
dwbg_0_19997_10_000002_c21021,0,True,True,0.7882922260516454,0.5734014511108398,0.014167563989758492,/mnt/sda/cbj/ImageGeneration/Self-main/results/dwbg_pool_seed19997/sd2_2000_s42_msdf_v3/Plastic_Bomo/01_Flash_point/image/10.jpg,19997
dwbg_0_24571_0_000003_c21021,0,True,True,0.7972768946520221,0.4900150001049042,0.01687638834118843,/mnt/sda/cbj/ImageGeneration/Self-main/results/dwbg_pool_seed24571/sd2_2000_s42_msdf_v3/Plastic_Bomo/01_Flash_point/image/0.jpg,24571
dwbg_0_42_23_000000_c22022,0,True,True,0.8479611085294794,0.7045549750328064,0.21664442121982574,/mnt/sda/cbj/ImageGeneration/Self-main/results/dwbg_pool_seed42/sd2_2000_s42_msdf_v3/Plastic_Bomo/01_Flash_point/image/23.jpg,42
dwbg_0_7859_17_000001_c22022,0,True,True,0.8063547190853422,0.6724274754524231,0.0033805654384195805,/mnt/sda/cbj/ImageGeneration/Self-main/results/dwbg_pool_seed7859/sd2_2000_s42_msdf_v3/Plastic_Bomo/01_Flash_point/image/17.jpg,7859
dwbg_0_12011_10_000002_c22022,0,True,True,0.8422930985488115,0.7366424202919006,0.001948252902366221,/mnt/sda/cbj/ImageGeneration/Self-main/results/dwbg_pool_seed12011/sd2_2000_s42_msdf_v3/Plastic_Bomo/01_Flash_point/image/10.jpg,12011
dwbg_0_19997_10_000003_c22022,0,True,True,0.7697876649028581,0.6638780832290649,0.006750390864908695,/mnt/sda/cbj/ImageGeneration/Self-main/results/dwbg_pool_seed19997/sd2_2000_s42_msdf_v3/Plastic_Bomo/01_Flash_point/image/10.jpg,19997
dwbg_0_24571_0_000004_c22022,0,True,True,0.8096213990870629,0.461638867855072,0.013280934654176235,/mnt/sda/cbj/ImageGeneration/Self-main/results/dwbg_pool_seed24571/sd2_2000_s42_msdf_v3/Plastic_Bomo/01_Flash_point/image/0.jpg,24571
dwbg_0_30103_22_000005_c22022,0,True,True,0.7725760438151267,0.8548451662063599,0.04212157428264618,/mnt/sda/cbj/ImageGeneration/Self-main/results/dwbg_pool_seed30103/sd2_2000_s42_msdf_v3/Plastic_Bomo/01_Flash_point/image/22.jpg,30103
dwbg_0_30103_26_000006_c22022,0,True,True,0.8088897635560491,0.6110848784446716,0.27692142128944397,/mnt/sda/cbj/ImageGeneration/Self-main/results/dwbg_pool_seed30103/sd2_2000_s42_msdf_v3/Plastic_Bomo/01_Flash_point/image/26.jpg,30103
dwbg_0_42_0_000000_c23023,0,True,True,0.7856590558634925,0.3954564034938812,0.03155316039919853,/mnt/sda/cbj/ImageGeneration/Self-main/results/dwbg_pool_seed42/sd2_2000_s42_msdf_v3/Plastic_Bomo/01_Flash_point/image/0.jpg,42
dwbg_0_42_17_000001_c23023,0,True,True,0.7906865544084966,0.8418756127357483,0.31943610310554504,/mnt/sda/cbj/ImageGeneration/Self-main/results/dwbg_pool_seed42/sd2_2000_s42_msdf_v3/Plastic_Bomo/01_Flash_point/image/17.jpg,42
dwbg_0_3407_0_000002_c23023,0,True,True,0.8349845377365267,0.3724291920661926,0.3727884590625763,/mnt/sda/cbj/ImageGeneration/Self-main/results/dwbg_pool_seed3407/sd2_2000_s42_msdf_v3/Plastic_Bomo/01_Flash_point/image/0.jpg,3407
dwbg_0_3407_32_000003_c23023,0,False,False,,0.3308582305908203,0.00273002777248621,/mnt/sda/cbj/ImageGeneration/Self-main/results/dwbg_pool_seed3407/sd2_2000_s42_msdf_v3/Plastic_Bomo/01_Flash_point/image/32.jpg,3407
dwbg_0_3407_35_000004_c23023,0,True,True,0.7824181427996539,0.48374801874160767,0.056251127272844315,/mnt/sda/cbj/ImageGeneration/Self-main/results/dwbg_pool_seed3407/sd2_2000_s42_msdf_v3/Plastic_Bomo/01_Flash_point/image/35.jpg,3407
dwbg_0_7859_0_000005_c23023,0,True,True,0.8219253966155702,0.49458494782447815,0.023121315985918045,/mnt/sda/cbj/ImageGeneration/Self-main/results/dwbg_pool_seed7859/sd2_2000_s42_msdf_v3/Plastic_Bomo/01_Flash_point/image/0.jpg,7859
dwbg_0_12011_10_000006_c23023,0,True,True,0.8088710941501056,0.7528949975967407,0.01954328641295433,/mnt/sda/cbj/ImageGeneration/Self-main/results/dwbg_pool_seed12011/sd2_2000_s42_msdf_v3/Plastic_Bomo/01_Flash_point/image/10.jpg,12011
dwbg_0_15683_0_000007_c23023,0,True,True,0.7454855888517495,0.42497408390045166,0.3323090076446533,/mnt/sda/cbj/ImageGeneration/Self-main/results/dwbg_pool_seed15683/sd2_2000_s42_msdf_v3/Plastic_Bomo/01_Flash_point/image/0.jpg,15683
dwbg_0_19997_12_000008_c23023,0,True,True,0.8572265845615473,0.6527367234230042,0.002230265876278281,/mnt/sda/cbj/ImageGeneration/Self-main/results/dwbg_pool_seed19997/sd2_2000_s42_msdf_v3/Plastic_Bomo/01_Flash_point/image/12.jpg,19997
dwbg_0_12011_0_000000_c24024,0,False,False,,0.4062839448451996,0.13756421208381653,/mnt/sda/cbj/ImageGeneration/Self-main/results/dwbg_pool_seed12011/sd2_2000_s42_msdf_v3/Plastic_Bomo/01_Flash_point/image/0.jpg,12011
dwbg_0_19997_10_000001_c24024,0,True,True,0.8334789421546149,0.5862662196159363,0.009012984111905098,/mnt/sda/cbj/ImageGeneration/Self-main/results/dwbg_pool_seed19997/sd2_2000_s42_msdf_v3/Plastic_Bomo/01_Flash_point/image/10.jpg,19997
dwbg_0_19997_11_000002_c24024,0,True,True,0.8415658069576897,0.7624777555465698,0.006894448306411505,/mnt/sda/cbj/ImageGeneration/Self-main/results/dwbg_pool_seed19997/sd2_2000_s42_msdf_v3/Plastic_Bomo/01_Flash_point/image/11.jpg,19997
dwbg_0_19997_12_000003_c24024,0,True,True,0.7679900519363659,0.7568799257278442,0.35986819863319397,/mnt/sda/cbj/ImageGeneration/Self-main/results/dwbg_pool_seed19997/sd2_2000_s42_msdf_v3/Plastic_Bomo/01_Flash_point/image/12.jpg,19997
dwbg_0_19997_14_000004_c24024,0,True,True,0.7232979941122648,0.0,0.0,/mnt/sda/cbj/ImageGeneration/Self-main/results/dwbg_pool_seed19997/sd2_2000_s42_msdf_v3/Plastic_Bomo/01_Flash_point/image/14.jpg,19997
dwbg_0_19997_15_000005_c24024,0,True,True,0.801557565572151,0.5418853163719177,0.13686369359493256,/mnt/sda/cbj/ImageGeneration/Self-main/results/dwbg_pool_seed19997/sd2_2000_s42_msdf_v3/Plastic_Bomo/01_Flash_point/image/15.jpg,19997
