candidate_id,class_id,scale_bin,contrast_bin,morphology_bin,median_confidence,median_iou,std_confidence,std_iou,weakness_score,boundary_score,manifold_score,consensus_score,anchor_score,final_score,manifold_valid,selected,selection_group
dwbg_0_42_0_000000,0,medium,low,compact,0.0,0.0,0.03238620236515999,0.23259992897510529,0.1944304435483871,0.0,0.5815293759460607,0.26582139138197763,0.03534752720381079,4.445460107634973e-14,True,False,
dwbg_0_42_10_000001,0,tiny,medium,elongated,0.0,0.0,0.0008162481244653463,0.23493626713752747,0.2338709677419355,0.0,0.7217767702799645,0.3076592079440613,0.049518753975484046,7.954550117093156e-14,True,False,
dwbg_0_42_12_000002,0,tiny,medium,elongated,0.0,0.0,0.0,0.0,0.2338709677419355,0.0,0.5486523689979607,1.0,0.1223472321172478,9.504345184119995e-14,True,False,
dwbg_0_42_13_000003,0,tiny,high,elongated,0.01474093459546566,0.0,0.04775003343820572,0.2636702358722687,0.22580645161290325,0.0,0.6167737867934233,0.2107460665034073,0.03069442565885172,5.021170243430226e-14,True,False,
dwbg_0_42_14_000004,0,tiny,low,elongated,0.0,0.0,0.0,0.0,0.2282006048387097,0.0,0.6389499643401765,1.0,0.14300953582770498,1.1655128512385122e-13,True,False,
dwbg_0_42_15_000005,0,medium,low,medium,0.022447677329182625,0.0,0.019890667870640755,0.17245948314666748,0.2040070564516129,0.0,0.6827290934896003,0.38222312077588255,0.06420763506427557,7.115022564692184e-14,True,False,
dwbg_0_42_16_000006,0,medium,medium,elongated,0.0,0.0,0.06451810896396637,0.20666947960853577,0.20564516129032256,0.0,0.665653323589983,0.2577054680554905,0.038951567638550066,5.669600645916044e-14,True,False,
dwbg_0_42_17_000007,0,tiny,low,compact,0.007516811136156321,0.0,0.004439040087163448,0.0,0.22265625,0.0,0.7135012409149275,0.9780493007668281,0.1609659721245567,1.3271113485596243e-13,True,False,
dwbg_0_42_18_000008,0,medium,medium,medium,0.0,0.0,0.0012346147559583187,0.3533180356025696,0.20967741935483872,0.0,0.6588523398038961,0.16986296558404831,0.025347487627977422,4.621502078787223e-14,True,False,
dwbg_0_42_19_000009,0,large,high,compact,0.0027621500194072723,0.6519719362258911,0.01601099595427513,0.0729631707072258,0.18397177419354838,0.0,0.7110431113977176,0.6409070545305219,0.10590706320040257,8.830648995704172e-14,True,False,
dwbg_0_42_20_000010,0,medium,medium,elongated,0.04806777462363243,0.7434049248695374,0.058641333132982254,0.02822708524763584,0.20564516129032256,0.0,0.7890543051710311,0.647690647856085,0.13750984204456881,1.1600124462826022e-13,True,False,
dwbg_0_42_21_000011,0,tiny,high,compact,0.18350830674171448,0.5728152394294739,0.0669235959649086,0.013373997062444687,0.22026209677419356,0.45462197453598024,0.4051558170352545,0.6693233748665279,0.11661808238157562,0.014245133351137324,True,True,hard
dwbg_0_42_23_000012,0,tiny,high,medium,0.0,0.0,0.0010982468957081437,0.0,0.22983870967741937,0.0,0.5668459489781736,0.9945238147905526,0.12604249966758838,9.782015334864422e-14,True,False,
dwbg_0_42_25_000013,0,medium,high,elongated,0.20119130611419678,0.6604922413825989,0.07340419292449951,0.007313960697501898,0.1975806451612903,0.5709201401462305,0.6486951709117781,0.6679173984475728,0.20119275640022985,0.03639400248547844,True,True,hard
dwbg_0_42_26_000014,0,medium,low,medium,0.20431897044181824,0.0,0.02802417241036892,0.0,0.2040070564516129,0.0,0.5695776502758999,0.8692531693280658,0.23152502724007465,8.176129103054445e-14,True,False,
dwbg_0_42_27_000015,0,medium,medium,elongated,0.12677620351314545,0.5433801412582397,0.08640226721763611,0.27825701236724854,0.20564516129032256,0.18969979826334915,0.720584021051004,0.16149252892360624,0.041341486403272155,0.004176591090443422,True,False,
dwbg_0_42_28_000016,0,medium,high,compact,0.02256684936583042,0.3656145930290222,0.08573605120182037,0.24586175382137299,0.19203629032258063,0.0,0.5099313116917127,0.19052172953574273,0.02409359242641217,3.052270966610694e-14,True,False,
dwbg_0_42_29_000017,0,medium,low,compact,0.03201457858085632,0.0,0.044228289276361465,0.34504568576812744,0.1944304435483871,0.0,0.522139044250304,0.14279148278439305,0.01908870082554729,2.7720092391945585e-14,True,False,
dwbg_0_42_3_000018,0,tiny,low,elongated,0.0,0.0,0.0,0.0,0.2282006048387097,0.0,0.5963526813220389,1.0,0.13347542828888373,1.0509245938753067e-13,True,False,
dwbg_0_42_30_000019,0,large,low,elongated,0.21107885241508484,0.5437583923339844,0.20956800878047943,0.26743701100349426,0.1919102822580645,0.644265332074729,0.6181077391333832,0.09208666827436769,0.027466308766200032,0.014634909466389746,True,True,hard
dwbg_0_42_31_000020,0,tiny,high,elongated,0.004876965656876564,0.0,0.03863545134663582,0.0,0.22580645161290325,0.0,0.7443050787531048,0.824335842109633,0.13992783048886193,1.3164819575945005e-13,True,False,
dwbg_0_42_32_000021,0,large,medium,compact,0.0012080991873517632,0.720041811466217,0.045630402863025665,0.3502337634563446,0.19203629032258066,0.0,0.7651463937957508,0.13816304142511068,0.024312563350534274,4.7774489374090054e-14,True,False,
dwbg_0_42_33_000022,0,medium,high,medium,0.0,0.0,0.001200817059725523,0.38204213976860046,0.20161290322580644,0.0,0.7022513095454829,0.1471629527367375,0.023525763965543206,4.55151948909097e-14,True,False,
dwbg_0_42_34_000023,0,large,low,compact,0.0012938478030264378,0.5264796018600464,0.03212440386414528,0.26070094108581543,0.18636592741935484,0.0,0.7454282438102822,0.23127987430496105,0.03980046421808116,5.76825168992411e-14,True,False,
dwbg_0_42_35_000024,0,medium,low,elongated,0.006337645463645458,0.42250561714172363,0.006399724166840315,0.2717888653278351,0.19997479838709675,0.0,0.6624175201501642,0.2488405504003341,0.03841216031460013,5.378158039306191e-14,True,False,
dwbg_0_42_36_000025,0,medium,medium,medium,0.2088528871536255,0.5270026922225952,0.13663774728775024,0.26455754041671753,0.20967741935483872,0.6272042332338011,0.7595717852440442,0.13452887236920041,0.04838189131336129,0.025288677700971325,True,True,hard
dwbg_0_42_37_000026,0,medium,medium,compact,0.16411921381950378,0.8341845273971558,0.05838821083307266,0.06676704436540604,0.2001008064516129,0.346954624261413,0.33159683452154304,0.5348460791561037,0.07213723939645059,0.005710680086042836,False,False,
dwbg_0_42_40_000027,0,large,medium,medium,0.0017686428036540747,0.6669300198554993,0.0029433106537908316,0.05072113126516342,0.20161290322580647,0.0,0.7586453219230964,0.7646613601784026,0.1328839751827956,1.1649601570065634e-13,True,False,
dwbg_0_42_41_000028,0,large,low,elongated,0.13684004545211792,0.2547357380390167,0.18867357075214386,0.14913931488990784,0.1919102822580645,0.0,0.5367592450024747,0.18469223603395246,0.03680708185322597,3.24333541160836e-14,True,False,
dwbg_0_42_42_000029,0,large,high,elongated,0.009907030500471592,0.40953364968299866,0.014652873389422894,0.19939705729484558,0.18951612903225806,0.0,0.64676198069179,0.34292289485721095,0.05268055029304652,5.772462779780753e-14,True,False,
dwbg_0_42_43_000030,0,medium,medium,elongated,0.0,0.0,0.0018750171875581145,0.3081154227256775,0.20564516129032256,0.0,0.5040931610274464,0.2122581196144544,0.02429563869572652,3.3909146584042435e-14,True,False,
dwbg_0_42_44_000031,0,medium,low,elongated,0.1314953863620758,0.7042233347892761,0.05509154871106148,0.04019075259566307,0.19997479838709675,0.20630952573695235,0.5361714752627209,0.621007880859843,0.1207065099658057,0.005797734221767067,True,False,
dwbg_0_42_45_000032,0,tiny,medium,elongated,0.06813275814056396,0.0,0.08077633380889893,0.0,0.2338709677419355,0.0,0.4523478367592333,0.6677231289101688,0.08567203626321859,5.814110737906136e-14,True,False,
dwbg_0_42_46_000033,0,tiny,medium,compact,0.0,0.0,0.007371773477643728,0.299011766910553,0.2283266129032258,0.0,0.6361199360278106,0.21612081435580444,0.030767931018780382,5.385342657947927e-14,True,False,
dwbg_0_42_47_000034,0,tiny,medium,elongated,0.0,0.0,0.0,0.0,0.2338709677419355,0.0,0.6639043061533616,1.0,0.14804794226430762,1.2651282136148916e-13,True,False,
dwbg_0_42_48_000035,0,tiny,low,compact,0.0,0.0,0.0,0.0,0.22265625,0.0,0.6238532557884622,1.0,0.1401312291312558,1.0971311839703633e-13,True,False,
dwbg_0_42_49_000036,0,tiny,high,elongated,0.060411978513002396,0.718706488609314,0.15789705514907837,0.3559263050556183,0.22580645161290325,0.03720606025228832,0.695311888188812,0.0766031713984969,0.01477853886644614,0.00026004573241010856,True,False,
dwbg_0_42_5_000037,0,tiny,medium,elongated,0.03590187802910805,0.0,0.02468649484217167,0.0,0.2338709677419355,0.0,0.4429176935909718,0.8838813240129043,0.09909803012084757,6.481236007630125e-14,True,False,
dwbg_0_42_50_000038,0,medium,low,compact,0.42466747760772705,0.6719474196434021,0.08971951901912689,0.017814703285694122,0.1944304435483871,0.2039376142249286,0.7413601524432346,0.5841069896229341,0.38866297009091333,0.008735752658543715,True,True,anchor
dwbg_0_42_51_000039,0,medium,low,elongated,0.17335255444049835,0.0,0.05326391011476517,0.3186546266078949,0.19997479838709675,0.0,0.7194433149711059,0.15573605129662174,0.047086723433678555,4.815758715883263e-14,True,False,
dwbg_0_42_53_000040,0,large,medium,medium,0.010486418381333351,0.5868502855300903,0.004109599627554417,0.29005759954452515,0.20161290322580647,0.0,0.7690118737191339,0.229733348756728,0.04173394264676294,6.51673278422082e-14,True,False,
dwbg_0_42_54_000041,0,tiny,high,elongated,0.0,0.0,0.03115682862699032,0.30537328124046326,0.22580645161290325,0.0,0.6896035956085752,0.18588063671966418,0.028734548165721165,5.575100463232558e-14,True,False,
dwbg_0_42_55_000042,0,tiny,medium,medium,0.0,0.0,0.0,0.0,0.23790322580645162,0.0,0.4088425162475691,1.0,0.0909299692139553,6.219198371851133e-14,True,False,
dwbg_0_42_56_000043,0,tiny,low,compact,0.0016184872947633266,0.5301457643508911,0.002543528564274311,0.27186933159828186,0.22265625,0.0,0.7328090629409313,0.2535829473951064,0.04198025913839063,7.033656592060752e-14,True,False,
dwbg_0_42_57_000044,0,medium,low,elongated,0.0043428149074316025,0.0,0.006166435778141022,0.29319456219673157,0.19997479838709675,0.0,0.6637214158198217,0.2238442033496501,0.0343786345456217,5.1159576440373586e-14,True,False,
dwbg_0_42_59_000045,0,medium,medium,compact,0.001469799899496138,0.0,0.010577409528195858,0.0,0.2001008064516129,0.0,0.5153303834554211,0.9484871402920116,0.11195268499028369,7.209301454160812e-14,True,False,
dwbg_0_42_6_000046,0,tiny,low,medium,0.0,0.0,0.0005625244812108576,0.26068538427352905,0.2322328629032258,0.0,0.5313203668429738,0.2708366130562021,0.0321236235063782,4.6807134944328776e-14,True,False,
dwbg_0_42_60_000047,0,large,low,medium,0.2395801544189453,0.5213779807090759,0.05963161960244179,0.06946275383234024,0.19594254032258066,0.8933822204435087,0.738738096012182,0.5244150294767277,0.2062158294427171,0.07607780967213565,True,True,hard
dwbg_0_42_61_000048,0,medium,low,medium,0.20009125769138336,0.6517908573150635,0.09859485924243927,0.31040385365486145,0.2040070564516129,0.5631419118751995,0.6882364104699293,0.12938102260800904,0.04102270223491277,0.01770572534014592,True,True,hard
dwbg_0_42_62_000049,0,medium,low,elongated,0.0,0.0,0.0021057387348264456,0.31588631868362427,0.19997479838709675,0.0,0.7107026361070646,0.20393371037402858,0.033027424694538954,5.410677732405157e-14,True,False,
dwbg_0_42_63_000050,0,tiny,high,elongated,0.0015418952098116279,0.6035921573638916,0.0017468431033194065,0.3398810923099518,0.22580645161290325,0.0,0.5986491504466913,0.1812025745635007,0.024449599314783334,4.4522247947615946e-14,True,False,
dwbg_0_42_64_000051,0,tiny,medium,elongated,0.008166434243321419,0.6317656636238098,0.0013768499484285712,0.021992094814777374,0.2338709677419355,0.0,0.6828265501235901,0.8897233352823352,0.13943907713775097,1.244713506932836e-13,True,False,
dwbg_0_42_65_000052,0,large,high,medium,0.1164904236793518,0.43152564764022827,0.1437520533800125,0.2122991681098938,0.1935483870967742,0.0,0.6497994532112269,0.16859496331290724,0.037816633093676305,4.162755151877915e-14,True,False,
dwbg_0_42_66_000053,0,medium,low,compact,0.08606762439012527,0.5311620831489563,0.0973198264837265,0.2539852261543274,0.1944304435483871,0.07981674569404733,0.756157150895911,0.17264371426560665,0.04045148555814381,0.0011978398928384217,True,False,
dwbg_0_42_67_000054,0,medium,low,medium,0.0,0.0,0.0,0.0,0.2040070564516129,0.0,0.5120236636684203,1.0,0.11638327433800723,7.474467171553711e-14,True,False,
dwbg_0_42_68_000055,0,tiny,low,elongated,0.001067976001650095,0.0,0.0005247642984613776,0.0,0.2282006048387097,0.0,0.1145119163569585,0.9973796177186887,0.025659425526962428,8.831267901661356e-15,False,False,
dwbg_0_42_7_000056,0,tiny,low,elongated,0.027277199551463127,0.7956200242042542,0.015688523650169373,0.007153688929975033,0.2282006048387097,0.0,0.631413293679465,0.8920696532026015,0.13881515652601664,1.0814009725181627e-13,True,False,
dwbg_0_42_71_000057,0,large,medium,medium,0.0,0.0,0.0,0.0,0.20161290322580647,0.0,0.4472747234279173,1.0,0.10181858105602679,6.030868475873164e-14,True,False,
dwbg_0_42_73_000058,0,tiny,medium,elongated,0.0,0.0,0.02312953770160675,0.0,0.2338709677419355,0.0,0.5559938608701316,0.8907890032228427,0.11044389978195975,9.151003693278238e-14,True,False,
dwbg_0_42_74_000059,0,tiny,medium,elongated,0.22570407390594482,0.5517606735229492,0.12283257395029068,0.03343857079744339,0.2338709677419355,0.7647286430076475,0.5793017810445908,0.45778496047554784,0.13120575996922318,0.04665792323917185,True,True,hard
dwbg_0_42_75_000060,0,tiny,high,elongated,0.0015581443440169096,0.0,0.0014446853892877698,0.22010070085525513,0.22580645161290325,0.0,0.7133257755947441,0.33030892329482525,0.053109003341289485,7.818588839530738e-14,True,False,
dwbg_0_42_8_000061,0,tiny,low,compact,0.0,0.0,0.03212105855345726,0.3227524161338806,0.22265625,0.0,0.5676227858887521,0.1695907031538433,0.021622920278821744,3.9212600256957205e-14,True,False,
dwbg_0_42_9_000062,0,large,low,elongated,0.19723252952098846,0.37404483556747437,0.14473946392536163,0.0459783561527729,0.1919102822580645,0.0,0.6442670181193961,0.3853554590483689,0.11408672841563558,6.160668646230095e-14,True,False,
dwbg_1_42_10_000063,1,tiny,high,elongated,0.03614475950598717,0.0,0.06174561008810997,0.15956510603427887,0.7458333333333332,0.0,0.6598122125653385,0.3306967189373516,0.0034472877455524317,1.9852177585080758e-05,True,False,
dwbg_1_42_13_000064,1,tiny,medium,elongated,0.0,0.0,0.0,0.0,0.775,0.0,0.6303143055186067,1.0,0.007047778776423993,3.414194824255274e-05,True,False,
dwbg_1_42_14_000065,1,tiny,medium,elongated,0.0014964580768719316,0.3718019425868988,0.002053996082395315,0.1898997575044632,0.775,0.37846270302490664,0.6535304071949561,0.38298143332517953,0.0028317736590107744,0.13723081919563246,True,False,
dwbg_1_42_15_000066,1,medium,high,elongated,0.2293403148651123,0.5666058659553528,0.08972849696874619,0.1015954241156578,0.6958333333333333,0.8900567298037636,0.7683640612282623,0.3841894051493855,0.023373696560518194,0.22860722156728305,True,True,hard
dwbg_1_42_16_000067,1,medium,high,elongated,0.0019393748370930552,0.3833814561367035,0.0273666400462389,0.18245024979114532,0.6958333333333333,0.3793979630716977,0.6883419257383833,0.35025828161138656,0.003182640467303208,0.1208386547195736,True,False,
dwbg_1_42_2_000068,1,tiny,high,elongated,0.0020363135263323784,0.43298351764678955,0.0010181608377024531,0.20916089415550232,0.7458333333333332,0.379602807308626,0.5074342647089854,0.3496245988034412,0.002142455773500511,0.08481996069437613,True,False,
dwbg_1_42_20_000069,1,large,medium,elongated,0.022702833637595177,0.0,0.014360344968736172,0.3164871335029602,0.7500000000000001,0.0,0.6722657931100469,0.19123783954825,0.0018120209270979944,1.5656343093126226e-05,True,False,
dwbg_1_42_23_000070,1,medium,medium,elongated,0.0010355582926422358,0.0,0.0011928359745070338,0.2658606767654419,0.725,0.0,0.6457408339208995,0.2630877732999363,0.0021172498878941964,1.6430270662363866e-05,True,False,
dwbg_1_42_24_000071,1,tiny,low,medium,0.0,0.0,0.0016841732431203127,0.0,0.7833333333333332,0.0,0.5680105081582865,0.9916144899654816,0.006180151563467212,2.955465531994736e-05,True,True,anchor
dwbg_1_42_26_000072,1,tiny,medium,elongated,0.04653658717870712,0.4542860686779022,0.013577369973063469,0.014127872884273529,0.775,0.47868125409903683,0.4433756376881152,0.8706404277521939,0.006227648336085152,0.13003280103270667,True,False,
dwbg_1_42_27_000073,1,tiny,high,elongated,0.009986171498894691,0.14625385403633118,0.0007322729798033834,0.02124522626399994,0.7458333333333332,0.2320059390504353,0.6456908014388478,0.8959349256934271,0.0074375598118860175,0.1523657548796222,True,False,
dwbg_1_42_29_000074,1,tiny,medium,compact,0.003991603385657072,0.0,0.0014543337747454643,0.10171283781528473,0.7958333333333333,0.0,0.589936067767604,0.5970013776623018,0.0038710898025025807,2.4855830494458958e-05,True,True,anchor
dwbg_1_42_3_000075,1,large,high,compact,0.0,0.0,0.0,0.0,0.7416666666666666,0.0,0.44379668452775217,1.0,0.005317140274539637,1.8883792560293218e-05,True,False,
dwbg_1_42_30_000076,1,large,high,elongated,0.013333538547158241,0.6404678225517273,0.18025334179401398,0.1430860310792923,0.7208333333333333,0.40383275878238867,0.6136518847775966,0.1985534661252175,0.001685597875977971,0.08330573686093781,True,False,
dwbg_1_42_33_000077,1,tiny,high,medium,0.19934771955013275,0.5476717948913574,0.12861937284469604,0.06175427883863449,0.7249999999999999,0.8339608027421929,0.7352994089196071,0.3860191658006499,0.016872645824867662,0.22084144921933527,True,True,hard
dwbg_1_42_34_000078,1,large,high,medium,0.408550500869751,0.6025035977363586,0.1919616311788559,0.301349937915802,0.7,0.9729473694981685,0.7698268841483011,0.0848765148311132,0.02108349526498717,0.11367765698280252,True,True,anchor
dwbg_1_42_35_000079,1,medium,high,compact,0.13115283846855164,0.67476487159729,0.13276910781860352,0.06343558430671692,0.7166666666666666,0.6817088347054767,0.6821283098297483,0.37492717921582586,0.009017507032200575,0.1728016329994257,True,False,
dwbg_1_42_6_000080,1,tiny,medium,elongated,0.0,0.0,0.0,0.0,0.775,0.0,0.5670384248149047,1.0,0.006340267610679203,2.9132066182527373e-05,True,False,
dwbg_1_42_9_000081,1,tiny,low,elongated,0.0,0.0,0.0,0.0,0.8041666666666666,0.0,0.6821947490843757,1.0,0.007116320853951722,4.0633259276047635e-05,True,True,anchor
dwbg_0_3407_0_000082,0,large,medium,medium,0.0,0.0,0.004068528302013874,0.20356927812099457,0.20161290322580647,0.0,0.6482874679794427,0.35409535698244504,0.05225652702766657,6.262242468862358e-14,True,False,
dwbg_0_3407_10_000083,0,medium,high,elongated,0.28413158655166626,0.5210355520248413,0.13950306177139282,0.05915706977248192,0.1975806451612903,0.7053178230190269,0.7355602153852271,0.37035226536509175,0.1695356144384105,0.04493208134531687,True,True,hard
dwbg_0_3407_11_000084,0,medium,medium,elongated,0.1297260820865631,0.6317002177238464,0.03071308135986328,0.021314024925231934,0.20564516129032256,0.19997936155353838,0.7002694603536647,0.7709470911643405,0.19380369977979173,0.009462509501362265,True,True,anchor
dwbg_0_3407_12_000085,0,tiny,medium,elongated,0.0,0.0,0.07288295030593872,0.35376009345054626,0.2338709677419355,0.0,0.6944512345140589,0.11845581954347273,0.018344042418422205,4.658189424276706e-14,True,False,
dwbg_0_3407_13_000086,0,large,low,elongated,0.0023295171558856964,0.6077104210853577,0.016613150015473366,0.303094744682312,0.1919102822580645,0.0,0.4797994380525698,0.2021916086530891,0.022401165404645547,2.8679357023207524e-14,True,False,
dwbg_0_3407_14_000087,0,large,low,elongated,0.0010959295323118567,0.0,0.003693659557029605,0.25280195474624634,0.1919102822580645,0.0,0.5826012587086737,0.27734915712478864,0.03714962748572808,4.494369734171155e-14,True,False,
dwbg_0_3407_15_000088,0,medium,low,compact,0.0010485926177352667,0.7326889634132385,0.0027650748379528522,0.37123969197273254,0.1944304435483871,0.0,0.6941601920642997,0.15411998846731692,0.024554099627208018,4.414518160335945e-14,True,False,
dwbg_0_3407_16_000089,0,tiny,medium,elongated,0.0,0.0,0.0,0.0,0.2338709677419355,0.0,0.4950835185926855,1.0,0.11040159778642678,8.14693058554854e-14,True,False,
dwbg_0_3407_17_000090,0,tiny,high,elongated,0.0,0.0,0.0006370424525812268,0.21250282227993011,0.22580645161290325,0.0,0.31254944320198236,0.3444868626967892,0.024135822190679224,2.315798523490758e-14,False,False,
dwbg_0_3407_18_000091,0,large,high,compact,0.005100483540445566,0.7955919504165649,0.004460855387151241,0.4024279713630676,0.18397177419354838,0.0,0.7350385099781901,0.13075314356668497,0.02252069147235091,4.1922039789251825e-14,True,False,
dwbg_0_3407_19_000092,0,tiny,high,compact,0.0,0.0,0.0,0.0,0.22026209677419356,0.0,0.5274078662962822,1.0,0.11864975774133191,8.436448771008085e-14,True,False,
dwbg_0_3407_2_000093,0,large,medium,compact,0.0,0.0,0.17153309285640717,0.2074607014656067,0.19203629032258066,0.0,0.5524754008856583,0.15032299925467496,0.019018674037431897,3.057492796806948e-14,True,False,
dwbg_0_3407_20_000094,0,medium,low,elongated,0.2132798731327057,0.6227818131446838,0.09789158403873444,0.025718098506331444,0.19997479838709675,0.6614571799085742,0.4612735390743407,0.5389953082128901,0.12030396001537415,0.02474333160536515,True,True,hard
dwbg_0_3407_21_000095,0,tiny,high,elongated,0.0,0.0,0.0015532419783994555,0.0,0.22580645161290325,0.0,0.1528178311173893,0.9922638691988337,0.03399162393576873,1.3437268108683092e-14,False,False,
dwbg_0_3407_22_000096,0,medium,medium,elongated,0.006980606354773045,0.0,0.004513181280344725,0.0,0.20564516129032256,0.0,0.7621854977854954,0.9776867992509719,0.17342733167572155,1.353036126804479e-13,True,False,
dwbg_0_3407_23_000097,0,tiny,high,elongated,0.0,0.0,0.0,0.0,0.22580645161290325,0.0,0.18934020654205108,1.0,0.04244373070006529,1.8603755192440355e-14,False,False,
dwbg_0_3407_24_000098,0,tiny,high,elongated,0.0,0.0,0.0029880362562835217,0.0,0.22580645161290325,0.0,0.07528866754832925,0.9851708694994878,0.01662692265774802,4.630059197294378e-15,False,False,
dwbg_0_3407_26_000099,0,tiny,medium,elongated,0.1781153678894043,0.6791992783546448,0.04770694673061371,0.06745249778032303,0.2338709677419355,0.42269155787849283,0.6972356328631685,0.5622564465638257,0.16395666152113458,0.028057453810098745,True,True,hard
dwbg_0_3407_27_000100,0,medium,high,elongated,0.012159798294305801,0.0,0.03496428579092026,0.0,0.1975806451612903,0.0,0.5806786351223548,0.8396069368719126,0.1161459467427643,8.010989809322124e-14,True,False,
dwbg_0_3407_28_000101,0,medium,high,elongated,0.0017616826808080077,0.0,0.001332783605903387,0.29353415966033936,0.1975806451612903,0.0,0.642276499892472,0.228930980436323,0.033765606353464137,4.866085453439142e-14,True,False,
dwbg_0_3407_29_000102,0,tiny,low,elongated,0.0,0.0,0.0,0.0,0.2282006048387097,0.0,0.6550952532948113,1.0,0.14662316820593174,1.2099668449301025e-13,True,False,
dwbg_0_3407_3_000103,0,tiny,high,elongated,0.020553506910800934,0.6978552341461182,0.0557461716234684,0.013165486045181751,0.22580645161290325,0.0,0.41943534058886794,0.7085332517537966,0.07163285370269795,5.163141113680406e-14,True,False,
dwbg_0_3407_30_000104,0,tiny,medium,compact,0.0,0.0,0.0,0.0,0.2283266129032258,0.0,0.6759826853297232,1.0,0.15128583385221228,1.2689949454217183e-13,True,False,
dwbg_0_3407_31_000105,0,tiny,high,elongated,0.002458004979416728,0.0,0.07047953456640244,0.19547484815120697,0.22580645161290325,0.0,0.7073262234398432,0.2645375918494247,0.0423103783918127,6.908912352542248e-14,True,False,
dwbg_0_3407_32_000106,0,large,medium,compact,0.28810587525367737,0.4171694219112396,0.12623053789138794,0.05796738713979721,0.19203629032258066,0.0,0.6244751916856761,0.39812485169837897,0.15745320362137163,5.979511931102344e-14,True,False,
dwbg_0_3407_33_000107,0,large,medium,medium,0.008286816067993641,0.5459544062614441,0.005657989531755447,0.2721810042858124,0.20161290322580647,0.0,0.7693917860937012,0.2492758986827252,0.04495596670735984,6.793284251033184e-14,True,False,
dwbg_0_3407_34_000108,0,medium,high,elongated,0.0833650603890419,0.6029539704322815,0.10064850747585297,0.013290748931467533,0.1975806451612903,0.07444196578053247,0.7266828400505309,0.5656972250200035,0.1259231901410405,0.0018697370335409309,True,False,
dwbg_0_3407_35_000109,0,tiny,low,medium,0.006994366645812988,0.6837726831436157,0.03898965194821358,0.33756738901138306,0.2322328629032258,0.0,0.7170805470219996,0.15216570236174556,0.02496723288765544,5.500902851971238e-14,True,False,
dwbg_0_3407_36_000110,0,tiny,low,elongated,0.021056024357676506,0.6878304481506348,0.019699489697813988,0.32561159133911133,0.2282006048387097,0.0,0.37249624243884116,0.17789613589843176,0.015976196703793705,2.1881792369581394e-14,True,False,
dwbg_0_3407_38_000111,0,medium,low,compact,0.19220198690891266,0.5441320538520813,0.03679859638214111,0.06038534268736839,0.1944304435483871,0.5095099787104824,0.7641428955088385,0.6151312032276292,0.21186443466943564,0.037045806703458035,True,True,hard
dwbg_0_3407_39_000112,0,tiny,low,elongated,0.0,0.0,0.0005532478680834174,0.0,0.2282006048387097,0.0,0.5118522462001545,0.9972375831741515,0.11424610374596551,8.345128532989902e-14,True,False,
dwbg_0_3407_40_000113,0,medium,low,medium,0.18330827355384827,0.6208469867706299,0.06405872851610184,0.11463718861341476,0.2040070564516129,0.4534092039207748,0.5262160860766395,0.40922932401865436,0.09350013774916736,0.015209335516103147,True,False,
dwbg_0_3407_41_000114,0,tiny,medium,medium,0.026079416275024414,0.0,0.03631683811545372,0.0,0.23790322580645162,0.0,0.7058609059190879,0.8339480317816549,0.14354851625138976,1.2883934806540114e-13,True,False,
dwbg_0_3407_42_000115,0,large,medium,elongated,0.0,0.0,0.06653494387865067,0.3118566572666168,0.1975806451612903,0.0,0.7536071056036531,0.15077629876919316,0.02593132393604581,5.0191296628746444e-14,True,False,
dwbg_0_3407_45_000116,0,tiny,low,compact,0.0,0.0,0.0,0.0,0.22265625,0.0,0.6265142538109997,1.0,0.1407289480982631,1.104158256911089e-13,True,False,
dwbg_0_3407_46_000117,0,medium,low,elongated,0.05586040019989014,0.3172111511230469,0.06135560944676399,0.25862276554107666,0.19997479838709675,0.0,0.5640268060713695,0.20191834924816976,0.03161028386507467,3.806385571245252e-14,True,False,
dwbg_0_3407_49_000118,0,tiny,medium,elongated,0.034921277314424515,0.4939292073249817,0.04898549243807793,0.023953111842274666,0.2338709677419355,0.0,0.7607651994760217,0.6944097871052226,0.13326339530612813,1.2931835940377066e-13,True,False,
dwbg_0_3407_5_000119,0,tiny,high,elongated,0.0,0.0,0.04626478627324104,0.2969541847705841,0.22580645161290325,0.0,0.5759938564369429,0.17976679431685394,0.023211223265023603,4.185215837023979e-14,True,False,
dwbg_0_3407_51_000120,0,medium,medium,medium,0.04431484639644623,0.6469275951385498,0.06294260919094086,0.05760868638753891,0.20967741935483872,0.0,0.5768071079671455,0.5473009320197821,0.08360963357125578,6.795331718811306e-14,True,False,
dwbg_0_3407_52_000121,0,tiny,medium,elongated,0.0,0.0,0.0,0.0,0.2338709677419355,0.0,0.5623652877808694,1.0,0.1254051568654844,9.862887320160004e-14,True,False,
dwbg_0_3407_53_000122,0,medium,medium,medium,0.0,0.0,0.0,0.0,0.20967741935483872,0.0,0.5625708899193589,1.0,0.12741641485725272,8.847438383443407e-14,True,False,
dwbg_0_3407_54_000123,0,tiny,low,compact,0.0,0.0,0.004024285823106766,0.0,0.22265625,0.0,0.5601547178503293,0.9800796558750452,0.12331668965623958,9.241183089820825e-14,True,False,
dwbg_0_3407_55_000124,0,medium,low,compact,0.0,0.0,0.001220288104377687,0.32953739166259766,0.1944304435483871,0.0,0.5842638525200151,0.19132372337887446,0.0255608501727388,3.798063365185975e-14,True,False,
dwbg_0_3407_56_000125,0,tiny,medium,medium,0.06715846806764603,0.0,0.05903283506631851,0.0,0.23790322580645162,0.0,0.6300148376628173,0.7444093637789877,0.13221870640204927,1.0264372658810348e-13,True,False,
dwbg_0_3407_57_000126,0,tiny,medium,elongated,0.0,0.0,0.0,0.0,0.2338709677419355,0.0,0.698451759020832,1.0,0.15575188281733163,1.3651517680666676e-13,True,False,
dwbg_0_3407_58_000127,0,tiny,high,compact,0.0,0.0,0.0004735680704470724,0.22098039090633392,0.22026209677419356,0.0,0.6513743568800425,0.3304599540248837,0.04842501325716737,6.656488319763778e-14,True,False,
dwbg_0_3407_59_000128,0,large,low,elongated,0.20779891312122345,0.41392678022384644,0.1976895034313202,0.20319969952106476,0.1919102822580645,0.0,0.7096596807426673,0.13473491617889072,0.04560791914733714,4.211274200710002e-14,True,False,
dwbg_0_3407_61_000129,0,large,high,elongated,0.1899351179599762,0.502578854560852,0.10006365180015564,0.2606140673160553,0.18951612903225806,0.4947814864916626,0.6540071600777603,0.16473970509720973,0.048321589035026064,0.014159216921657261,True,True,hard
dwbg_0_3407_62_000130,0,tiny,high,elongated,0.0,0.0,0.012919444590806961,0.0,0.22580645161290325,0.0,0.6356794289945309,0.9374449686623009,0.13358406158357045,1.1080681551747416e-13,True,False,
dwbg_0_3407_63_000131,0,tiny,medium,elongated,0.04948269575834274,0.6553871631622314,0.024959595873951912,0.3324560821056366,0.2338709677419355,0.0,0.5750765869142522,0.1674486754496133,0.025572898943216092,4.173550768768236e-14,True,False,
dwbg_0_3407_65_000132,0,medium,low,compact,0.03486550971865654,0.0,0.04086368530988693,0.0,0.1944304435483871,0.0,0.5848137782037363,0.815202747655948,0.12329421036766428,7.85097290207998e-14,True,False,
dwbg_0_3407_66_000133,0,tiny,low,compact,0.13089175522327423,0.0,0.11728990077972412,0.3297227621078491,0.22265625,0.0,0.562557632638832,0.10698535592100282,0.021461020054594666,3.072894077926745e-14,True,False,
dwbg_0_3407_67_000134,0,medium,low,medium,0.0,0.0,0.0006852174992673099,0.0,0.2040070564516129,0.0,0.59105594333622,0.9965797748445544,0.1338878589206209,9.254311361131621e-14,True,False,
dwbg_0_3407_68_000135,0,medium,low,compact,0.07207345217466354,0.6445236802101135,0.11972116678953171,0.09204001724720001,0.1944304435483871,0.054295765218620194,0.74683021494724,0.34686975331172226,0.07640144963959916,0.0009350379553000255,True,False,
dwbg_0_3407_69_000136,0,tiny,medium,elongated,0.002160473959520459,0.0,0.011022084392607212,0.17785489559173584,0.2338709677419355,0.0,0.697950503703129,0.3889187212794102,0.06099485272414999,8.504380340276044e-14,True,False,
dwbg_0_3407_7_000137,0,large,high,elongated,0.013730963692069054,0.7505360245704651,0.032472874969244,0.08089400082826614,0.18951612903225806,0.0,0.7156837690652974,0.5673185145132045,0.09775095268331617,8.642540186643495e-14,True,False,
dwbg_0_3407_70_000138,0,tiny,low,elongated,0.0,0.0,0.013481083326041698,0.0,0.2282006048387097,0.0,0.49756783203493476,0.9348161344948563,0.10410621128617747,7.743874995805247e-14,True,False,
dwbg_0_3407_73_000139,0,medium,high,elongated,0.0031261947005987167,0.3113025426864624,0.027491316199302673,0.2141529619693756,0.1975806451612903,0.0,0.6848387752633693,0.29872812778748925,0.04720681764514183,6.120190925469465e-14,True,False,
dwbg_0_3407_74_000140,0,medium,low,compact,0.003323049983009696,0.6754595637321472,0.0037566437385976315,0.06784578412771225,0.1944304435483871,0.0,0.7770224955282332,0.6990645887781995,0.12567353734345818,1.1134566334955617e-13,True,False,
dwbg_0_3407_8_000141,0,medium,high,elongated,0.0,0.0,0.004946369212120771,0.267111212015152,0.1975806451612903,0.0,0.7774232487667655,0.25658689337718493,0.04552381190294116,6.860376009009325e-14,True,False,
dwbg_0_3407_9_000142,0,tiny,low,compact,0.09605736285448074,0.0,0.1358967423439026,0.0,0.22265625,0.0,0.28682209627945277,0.5068786203133537,0.045841761422035034,2.4350382381456176e-14,False,False,
dwbg_1_3407_11_000143,1,tiny,high,elongated,0.0,0.0,0.012418052181601524,0.12625084817409515,0.7458333333333332,0.0,0.7217464787105948,0.4999013491240066,0.004287776302364283,2.792427130615839e-05,True,False,
dwbg_1_3407_12_000144,1,tiny,high,elongated,0.41674262285232544,0.5436378717422485,0.03567872941493988,0.00525997718796134,0.7458333333333332,0.9649908865844705,0.6821832433005436,0.8148970171792823,0.17611349095493242,0.32183051863853523,True,True,hard
dwbg_1_3407_14_000145,1,tiny,high,elongated,0.011200099252164364,0.3736937344074249,0.025231927633285522,0.023323802277445793,0.7458333333333332,0.39920389324528066,0.6204386784041498,0.7844451318356933,0.006317483594187715,0.1761528402999635,True,False,
dwbg_1_3407_15_000146,1,tiny,medium,elongated,0.0,0.0,0.0011275671422481537,0.0,0.775,0.0,0.36768127946787793,0.9943780270599464,0.004088068242627134,1.5168253936381132e-05,False,False,
dwbg_1_3407_16_000147,1,large,high,elongated,0.33132612705230713,0.7849977016448975,0.14466241002082825,0.011534496210515499,0.7208333333333333,0.99721417937317,0.7370574089221753,0.4579549183986141,0.05718010720571977,0.26170369388580633,True,True,hard
dwbg_1_3407_17_000148,1,large,high,compact,0.0675513744354248,0.519120454788208,0.05808120220899582,0.24714146554470062,0.7416666666666666,0.5282329979237315,0.7208659031347157,0.21737890572892335,0.0031965638443723597,0.13246963193333092,True,False,
dwbg_1_3407_18_000149,1,tiny,high,elongated,0.0,0.0,0.0,0.0,0.7458333333333332,0.0,0.7097427731064339,1.0,0.008434592710500462,3.851360327680936e-05,True,False,
dwbg_1_3407_19_000150,1,large,high,compact,0.06848350912332535,0.42065730690956116,0.02245519496500492,0.021038975566625595,0.7416666666666666,0.5304591763300597,0.6268441719868473,0.8045510551027077,0.010363676984216745,0.20708818279448735,True,True,anchor
dwbg_1_3407_20_000151,1,tiny,medium,elongated,0.18227052688598633,0.0,0.09867705404758453,0.0,0.775,0.0,0.603497043702667,0.6105559946933471,0.017318428238736278,2.4993554480842828e-05,True,False,
dwbg_1_3407_21_000152,1,medium,high,elongated,0.044246312230825424,0.5094131231307983,0.04163703694939613,0.25558942556381226,0.6958333333333333,0.47336782940984756,0.8069407498977399,0.22624601437801425,0.0033632930477803407,0.13769245835355418,True,False,
dwbg_1_3407_23_000153,1,tiny,high,elongated,0.016989441588521004,0.2696686387062073,0.024303263053297997,0.0030595422722399235,0.7458333333333332,0.41182027270479704,0.6344313329423763,0.8721324044555749,0.007517218018018561,0.1950673983413928,True,False,
dwbg_1_3407_24_000154,1,tiny,low,elongated,0.0030423367861658335,0.0,0.011934679932892323,0.0,0.8041666666666666,0.0,0.49135655563784764,0.9420721644303497,0.004945805105423244,2.4107730007008915e-05,True,False,
dwbg_1_3407_25_000155,1,tiny,medium,elongated,0.024713590741157532,0.6510480046272278,0.04025886207818985,0.06004735082387924,0.775,0.4289178010366396,0.5434495940943337,0.6056027326844489,0.00447091317785272,0.1393068285817996,True,False,
dwbg_1_3407_28_000156,1,tiny,high,compact,0.0,0.0,0.0,0.0,0.7666666666666665,0.0,0.5749979404786467,1.0,0.00654724393935646,2.9269095768059485e-05,True,False,
dwbg_1_3407_30_000157,1,tiny,high,elongated,0.014144119806587696,0.17514286935329437,0.07575874030590057,0.016314584761857986,0.7458333333333332,0.2841502138089419,0.5517777310875749,0.6310522433480571,0.004625777281347544,0.11179325169224007,True,False,
dwbg_1_3407_31_000158,1,medium,high,compact,0.05137857049703598,0.76453697681427,0.11739208549261093,0.03887435793876648,0.7166666666666666,0.48997639364770523,0.7783386270335488,0.45779572156163806,0.0067015841227535304,0.19731137676141755,True,False,
dwbg_1_3407_32_000159,1,tiny,high,elongated,0.026101771742105484,0.4800085127353668,0.10680735111236572,0.13172082602977753,0.7458333333333332,0.43202125172124445,0.5580069527975505,0.3034189104060127,0.002471433321836624,0.09720665012975303,True,False,
dwbg_1_3407_33_000160,1,large,high,compact,0.0050351242534816265,0.781217634677887,0.0019419780001044273,0.0664939433336258,0.7416666666666666,0.38596595071519424,0.6411843965394596,0.7102206328912647,0.005676717173154699,0.17169541501720503,True,False,
dwbg_1_3407_35_000161,1,tiny,high,compact,0.0013524893438443542,0.29030734300613403,0.0010095208417624235,0.019562264904379845,0.7666666666666665,0.3781589407765649,0.6680359718068786,0.9022542466558081,0.006936627397038117,0.21409735338647629,True,True,hard
dwbg_1_3407_7_000162,1,large,high,medium,0.02798057347536087,0.0,0.1794584095478058,0.2997082471847534,0.7,0.0,0.6380725165295661,0.09109673786337452,0.0009355540676838463,9.009558943290738e-06,True,False,
dwbg_1_3407_9_000163,1,large,high,elongated,0.004008573945611715,0.6075772643089294,0.002140555065125227,0.3233661651611328,0.7208333333333333,0.38378202329938327,0.773240949666434,0.1964134110290068,0.001952254223588847,0.11424900947015122,True,False,
dwbg_0_7859_0_000164,0,tiny,low,elongated,0.0031355677638202906,0.0,0.016152657568454742,0.0,0.2282006048387097,0.0,0.29282769056980473,0.9224120117416663,0.061128431041445976,3.472941593664776e-14,False,False,
dwbg_0_7859_10_000165,0,tiny,low,elongated,0.0,0.0,0.0005461297114379704,0.0,0.2282006048387097,0.0,0.5964069114665926,0.99727307627241,0.1331235556478029,1.0496338786462061e-13,True,False,
dwbg_0_7859_11_000166,0,tiny,medium,elongated,0.0,0.0,0.0,0.0,0.2338709677419355,0.0,0.35608029492021587,1.0,0.07940444798324317,4.9693344184891614e-14,False,False,
dwbg_0_7859_12_000167,0,medium,medium,elongated,0.0020205623004585505,0.0,0.0010110134026035666,0.0,0.20564516129032256,0.0,0.5351360180355862,0.994957688336136,0.12176438595598849,8.03002829344433e-14,True,False,
dwbg_0_7859_13_000168,0,medium,low,medium,0.004507823381572962,0.8248000144958496,0.0037097863387316465,0.015528444200754166,0.2040070564516129,0.0,0.7239992469707338,0.9082903773178039,0.15187124839650665,1.197745969024928e-13,True,False,
dwbg_0_7859_14_000169,0,medium,low,medium,0.006113317795097828,0.0,0.016928933560848236,0.0,0.2040070564516129,0.0,0.6743092794741794,0.9188387193812996,0.14390404075860735,1.0828131912947447e-13,True,False,
dwbg_0_7859_15_000170,0,large,medium,elongated,0.0,0.0,0.0,0.0,0.1975806451612903,0.0,0.2218463908937918,1.0,0.050628958725824194,2.0645383325768164e-14,False,False,
dwbg_0_7859_16_000171,0,tiny,high,elongated,0.0,0.0,0.05871526896953583,0.3647450804710388,0.22580645161290325,0.0,0.7195089787510134,0.12035594153132272,0.01941218655538731,4.7810627125223977e-14,True,False,
dwbg_0_7859_17_000172,0,large,medium,compact,0.00302639021538198,0.6043848395347595,0.0030438476242125034,0.018282080069184303,0.19203629032258066,0.0,0.8406533524456282,0.8988585139679511,0.17490037574162448,1.4033125200893172e-13,True,True,anchor
dwbg_0_7859_18_000173,0,tiny,low,elongated,0.0016589604783803225,0.0,0.0018482508603483438,0.288044810295105,0.2282006048387097,0.0,0.7644298703813052,0.23469574500922127,0.040391020405963436,7.388833368773952e-14,True,False,
dwbg_0_7859_19_000174,0,medium,medium,medium,0.01416736375540495,0.6304924488067627,0.11045417189598083,0.31250303983688354,0.20967741935483872,0.0,0.7406544569472189,0.12065910076119624,0.021278831313425294,4.642534778459108e-14,True,False,
dwbg_0_7859_2_000175,0,tiny,low,compact,0.08236106485128403,0.0,0.07419387251138687,0.0,0.22265625,0.0,0.44734969133188646,0.6900650830646204,0.09274282327195574,5.5341462225419354e-14,True,False,
dwbg_0_7859_20_000176,0,medium,medium,elongated,0.42636168003082275,0.6682083606719971,0.26591357588768005,0.33401355147361755,0.20564516129032256,0.20113028607132183,0.7702511453316908,0.049805212248370444,0.03419120608259811,0.0027984698287629953,True,False,
dwbg_0_7859_21_000177,0,tiny,high,elongated,0.025381088256835938,0.48032131791114807,0.017377469688653946,0.2665944993495941,0.22580645161290325,0.0,0.4815461840466691,0.2417478966529991,0.02854237791365768,3.710006041229938e-14,True,False,
dwbg_0_7859_22_000178,0,large,high,compact,0.0052745589055120945,0.7464501857757568,0.02281821332871914,0.35619649291038513,0.18397177419354838,0.0,0.7811637869454419,0.15030728236587898,0.027530147410502144,4.924411775439676e-14,True,False,
dwbg_0_7859_23_000179,0,tiny,medium,medium,0.0010386924259364605,0.0,0.10246049612760544,0.35914692282676697,0.23790322580645162,0.0,0.7025958279352488,0.09945628334111395,0.015598451674956947,4.418499330860249e-14,True,False,
dwbg_0_7859_24_000180,0,tiny,low,elongated,0.0,0.0,0.0012494598049670458,0.0,0.2282006048387097,0.0,0.08374621343814571,0.9937721747737334,0.018627310716416875,5.5132536910192386e-15,False,False,
dwbg_0_7859_25_000181,0,medium,medium,elongated,0.09166010469198227,0.5931705832481384,0.08493095636367798,0.3033793270587921,0.20564516129032256,0.09164450477184008,0.7556722839102636,0.14348117786166917,0.03402759094262125,0.0014196322134626541,True,False,
dwbg_0_7859_26_000182,0,tiny,low,elongated,0.0,0.0,0.0026272607501596212,0.307987779378891,0.2282006048387097,0.0,0.6210279041028705,0.2115962712922928,0.029411506588121538,5.137330048604522e-14,True,False,
dwbg_0_7859_28_000183,0,medium,high,elongated,0.007679318077862263,0.727362334728241,0.004940810613334179,0.3814695179462433,0.1975806451612903,0.0,0.29479534163243526,0.14485071150044118,0.01001297595241236,1.2036095925966009e-14,False,False,
dwbg_0_7859_29_000184,0,tiny,medium,compact,0.0,0.0,0.006868985015898943,0.313654363155365,0.2283266129032258,0.0,0.6312824689359119,0.20136889775106004,0.028449773492252278,5.1391148554777934e-14,True,False,
dwbg_0_7859_30_000185,0,medium,medium,elongated,0.05841488391160965,0.6697924137115479,0.02976410835981369,0.3325154185295105,0.20564516129032256,0.03463940117632652,0.6566625055535348,0.16342556790886317,0.029949357754719304,0.0002851985999650962,True,False,
dwbg_0_7859_32_000186,0,tiny,medium,elongated,0.005244333762675524,0.708091676235199,0.07083701342344284,0.34322676062583923,0.2338709677419355,0.0,0.696076009712873,0.12614555122822488,0.019946515556924928,4.823888725794948e-14,True,False,
dwbg_0_7859_33_000187,0,tiny,medium,elongated,0.007515762001276016,0.0,0.004445255734026432,0.0,0.2338709677419355,0.0,0.42441740789044874,0.9780189051938102,0.09505212518138474,6.394987803804295e-14,True,False,
dwbg_0_7859_34_000188,0,tiny,medium,elongated,0.00733663234859705,0.0,0.005306062754243612,0.21814773976802826,0.2338709677419355,0.0,0.6329505755895615,0.32717207848072843,0.04739065940166034,6.736264445989585e-14,True,False,
dwbg_0_7859_35_000189,0,large,low,compact,0.033574122935533524,0.908401608467102,0.08848531544208527,0.1061733067035675,0.18636592741935484,0.0,0.7186311409460288,0.3778367289270852,0.07025100076594548,6.978750155147585e-14,True,False,
dwbg_0_7859_36_000190,0,large,low,elongated,0.007261217106133699,0.7607556581497192,0.011610451154410839,0.36354684829711914,0.1919102822580645,0.0,0.6574645288032888,0.15323440100262506,0.02367219401799329,4.004837253359004e-14,True,False,
dwbg_0_7859_37_000191,0,large,low,compact,0.29930606484413147,0.5845217704772949,0.09797583520412445,0.1195422112941742,0.18636592741935484,0.6089521573991901,0.7455803407791778,0.3370276742748378,0.16613831218617706,0.03309906524388794,True,True,hard
dwbg_0_7859_38_000192,0,tiny,medium,elongated,0.0011747501557692885,0.0,0.0009470415534451604,0.26393336057662964,0.2338709677419355,0.0,0.3485292467575057,0.2659619539614431,0.020756635955625383,2.4816750345287482e-14,False,False,
dwbg_0_7859_4_000193,0,medium,high,medium,0.04540703445672989,0.6837600469589233,0.017846308648586273,0.3234354257583618,0.20161290322580644,0.0,0.6971737130064981,0.1815165087642636,0.03381706862106,5.000205965419116e-14,True,False,
dwbg_0_7859_40_000194,0,tiny,high,elongated,0.2070261538028717,0.7105374932289124,0.08383958041667938,0.007770742289721966,0.22580645161290325,0.6134444046788332,0.6502104826458902,0.6325148290404794,0.1914893832087926,0.04523925733125926,True,True,hard
dwbg_0_7859_41_000195,0,tiny,low,elongated,0.055857133120298386,0.0,0.03513345494866371,0.0,0.2282006048387097,0.0,0.7410673653618026,0.838897059146048,0.16947849460225628,1.333391431253861e-13,True,True,anchor
dwbg_0_7859_42_000196,0,tiny,medium,compact,0.007357455790042877,0.0,0.005125971045345068,0.25249743461608887,0.2283266129032258,0.0,0.6655735358713176,0.2757895984862344,0.04216172575736376,6.510877790370686e-14,True,False,
dwbg_0_7859_43_000197,0,tiny,medium,elongated,0.03201429545879364,0.0,0.019684236496686935,0.0,0.2338709677419355,0.0,0.6486544823204565,0.9062671195230936,0.14677650708717152,1.1631200969503676e-13,True,False,
dwbg_0_7859_44_000198,0,tiny,medium,compact,0.0,0.0,0.0,0.0,0.2283266129032258,0.0,0.4717700546025113,1.0,0.10558277252653529,7.39864330908955e-14,True,False,
dwbg_0_7859_45_000199,0,tiny,high,medium,0.001559264026582241,0.3885291814804077,0.001846992177888751,0.1911180168390274,0.22983870967741937,0.0,0.6787131181096413,0.38104986045396355,0.05814277614213604,7.933109397141258e-14,True,False,
dwbg_0_7859_46_000200,0,tiny,low,elongated,0.004397892858833075,0.5926676988601685,0.01296064630150795,0.2912605106830597,0.2282006048387097,0.0,0.525741202934394,0.21847017231200982,0.026109944219037704,4.06603290144175e-14,True,False,
dwbg_0_7859_47_000201,0,tiny,low,elongated,0.0012082066386938095,0.0,0.008047389797866344,0.22081050276756287,0.2282006048387097,0.0,0.7023266237988316,0.31845010806208224,0.050272596526093845,7.579598294851385e-14,True,False,
dwbg_0_7859_48_000202,0,tiny,medium,elongated,0.0019609055016189814,0.7180284261703491,0.014054711908102036,0.06592654436826706,0.2338709677419355,0.0,0.7761491153133863,0.6703828704479375,0.11683468029215556,1.3093492907149768e-13,True,False,
dwbg_0_7859_49_000203,0,large,medium,compact,0.0027730322908610106,0.7202462553977966,0.002307949587702751,0.3698571026325226,0.19203629032258066,0.0,0.6846180728651219,0.15554421279794545,0.024626130715962386,4.290251738872086e-14,True,False,
dwbg_0_7859_5_000204,0,tiny,medium,elongated,0.009019431658089161,0.6492822766304016,0.013560006394982338,0.3156231641769409,0.2338709677419355,0.0,0.7208261313331643,0.19283587260964083,0.03199966533350344,6.285155252322982e-14,True,False,
dwbg_0_7859_50_000205,0,tiny,high,compact,0.0,0.0,0.054785504937171936,0.2984306812286377,0.22026209677419356,0.0,0.6706131685279603,0.1710018453821807,0.025798421089824993,5.002052936724928e-14,True,False,
dwbg_0_7859_52_000206,0,tiny,high,elongated,0.0,0.0,0.0065900287590920925,0.3458783030509949,0.22580645161290325,0.0,0.701236422005545,0.17164246473520656,0.02698111612820568,5.493453022737797e-14,True,False,
dwbg_0_7859_53_000207,0,tiny,low,elongated,0.0014328305842354894,0.5557935237884521,0.001732292352244258,0.27251312136650085,0.2282006048387097,0.0,0.7098633169736293,0.25379534410914795,0.0405278534684875,6.875760134325856e-14,True,False,
dwbg_0_7859_54_000208,0,tiny,high,compact,0.0,0.0,0.000599382387008518,0.32970964908599854,0.22026209677419356,0.0,0.6945293191797395,0.19175339043262057,0.02996083330622296,5.5827370249646204e-14,True,False,
dwbg_0_7859_55_000209,0,medium,high,elongated,0.0,0.0,0.06477539986371994,0.33251428604125977,0.1975806451612903,0.0,0.729934568093633,0.13718177201846507,0.022852144812372546,4.563714844544468e-14,True,False,
dwbg_0_7859_56_000210,0,medium,high,medium,0.25891953706741333,0.5551176071166992,0.18340128660202026,0.27997520565986633,0.20161290322580644,0.9102455723922849,0.7737012865106337,0.09858043536922705,0.04331498989852027,0.03741205211206687,True,True,hard
dwbg_0_7859_58_000211,0,medium,medium,elongated,0.04607066512107849,0.49826619029045105,0.06029581278562546,0.12862272560596466,0.20564516129032256,0.0,0.6547781717525119,0.3888379154620789,0.06802361984327117,6.794290124584892e-14,True,False,
dwbg_0_7859_59_000212,0,medium,high,medium,0.19496481120586395,0.0,0.07784287631511688,0.2767407298088074,0.20161290322580644,0.0,0.7160781110217256,0.16983667642804243,0.05510605073788127,5.034712344679682e-14,True,False,
dwbg_0_7859_60_000213,0,tiny,high,elongated,0.0,0.0,0.0008681758190505207,0.27380189299583435,0.22580645161290325,0.0,0.6861400299319895,0.25325703836581537,0.038953365401168144,6.45856810910756e-14,True,False,
dwbg_0_7859_61_000214,0,tiny,low,elongated,0.10077003389596939,0.6533675193786621,0.06891684234142303,0.07419755309820175,0.2282006048387097,0.1130222052321417,0.6842788983645742,0.488912385069163,0.10687616720866597,0.003431845256513891,True,False,
dwbg_0_7859_62_000215,0,tiny,medium,elongated,0.0,0.0,0.0012406256282702088,0.23741112649440765,0.2338709677419355,0.0,0.6574253492127132,0.3032314933823765,0.044454695563241234,6.864882903322034e-14,True,False,
dwbg_0_7859_63_000216,0,tiny,high,elongated,0.0,0.0,0.03550067916512489,0.0,0.22580645161290325,0.0,0.6365528495312,0.8373581558086435,0.11948583560029893,1.0494063152450433e-13,True,False,
dwbg_0_7859_65_000217,0,tiny,low,compact,0.08100543916225433,0.7537410855293274,0.04838169738650322,0.35921746492385864,0.22265625,0.06992701490564798,0.6131503249510449,0.1302895742410515,0.02388586970204161,0.000713522464056244,True,False,
dwbg_0_7859_66_000218,0,medium,high,medium,0.0,0.0,0.0,0.0,0.20161290322580644,0.0,0.6856379744465003,1.0,0.1560801047312518,1.1446181241571342e-13,True,False,
dwbg_0_7859_67_000219,0,tiny,high,elongated,0.1733536422252655,0.0,0.0741705372929573,0.0,0.22580645161290325,0.0,0.730528373173638,0.6901456018590579,0.20843236256474026,1.1712843510170238e-13,True,True,anchor
dwbg_0_7859_68_000220,0,tiny,medium,elongated,0.010492407716810703,0.0,0.004589315503835678,0.0,0.2338709677419355,0.0,0.5154263159689779,0.9773146929541336,0.11656998266750526,8.555460871388541e-14,True,False,
dwbg_0_7859_69_000221,0,tiny,high,compact,0.0,0.0,0.0,0.0,0.22026209677419356,0.0,0.5394447672615663,1.0,0.12135767219379677,8.726904957428794e-14,True,False,
dwbg_0_7859_7_000222,0,large,medium,elongated,0.0,0.0,0.0,0.0,0.1975806451612903,0.0,0.6468881361006715,1.0,0.14763040593500484,1.0279883161557163e-13,True,False,
dwbg_0_7859_70_000223,0,medium,high,elongated,0.10193627327680588,0.5082927942276001,0.09732531011104584,0.2645699381828308,0.1975806451612903,0.11595399143654594,0.6151424437752764,0.1637398745038914,0.03294455135535397,0.001523048454987288,True,False,
dwbg_0_7859_71_000224,0,large,medium,medium,0.0012309818994253874,0.7231472730636597,0.000998018542304635,0.3422544598579407,0.20161290322580647,0.0,0.7487443599341197,0.17973667928936335,0.030768797431721742,5.5377969317272977e-14,True,False,
dwbg_0_7859_72_000225,0,tiny,high,elongated,0.07148832082748413,0.49163758754730225,0.18356670439243317,0.2751031816005707,0.22580645161290325,0.0,0.605918119289597,0.10092784433649833,0.0176446987688985,3.383473306986942e-14,True,False,
dwbg_0_7859_73_000226,0,tiny,high,elongated,0.011674415320158005,0.6284189820289612,0.005220913793891668,0.053844522684812546,0.22580645161290325,0.0,0.6603119631154816,0.7442880296851517,0.11480536761577406,1.045275116342407e-13,True,False,
dwbg_0_7859_74_000227,0,large,medium,compact,0.04120142385363579,0.44293731451034546,0.04033677652478218,0.24191021919250488,0.19203629032258066,0.0,0.7372179354655424,0.2438419575303644,0.047612779627037055,6.002488885767748e-14,True,False,
dwbg_0_7859_75_000228,0,tiny,high,medium,0.39333903789520264,0.0,0.10349657386541367,0.0,0.22983870967741937,0.0,0.7495391741479646,0.5960189188837381,0.3920533999333389,1.1514489851620724e-13,True,True,anchor
dwbg_0_7859_8_000229,0,large,high,medium,0.0024143734481185675,0.583168089389801,0.0028198636136949062,0.2839198112487793,0.1935483870967742,0.0,0.7315596604614484,0.23842550288768238,0.040247572468299415,5.913444630401095e-14,True,False,
dwbg_1_7859_1_000230,1,large,high,compact,0.0,0.0,0.01045620534569025,0.3598131239414215,0.7416666666666666,0.0,0.8577040422250227,0.15702556595148806,0.0016136223055571784,2.0105020017546395e-05,True,False,
dwbg_1_7859_10_000231,1,tiny,high,elongated,0.0030741011723876,0.3293924033641815,0.05749117583036423,0.17222806811332703,0.7458333333333332,0.3817991346404818,0.5586845543663446,0.3170815699604183,0.0021568423506965685,0.09358702694978684,True,False,
dwbg_1_7859_12_000232,1,tiny,high,elongated,0.002194107510149479,0.0,0.0035730109084397554,0.08705513924360275,0.7458333333333332,0.0,0.6707915581592109,0.635628662112565,0.0051553840709007695,2.821277483172412e-05,True,False,
dwbg_1_7859_14_000233,1,tiny,high,elongated,0.00396379828453064,0.17268933355808258,0.003928746562451124,0.08440706878900528,0.7458333333333332,0.26503454032640705,0.7409979836856615,0.6429559418552862,0.0058414807603158125,0.16960164827131607,True,False,
dwbg_1_7859_16_000234,1,tiny,high,elongated,0.0,0.0,0.001776273362338543,0.0,0.7458333333333332,0.0,0.6287108254639697,0.9911579560269032,0.007405543663221869,3.196763641282797e-05,True,False,
dwbg_1_7859_19_000235,1,tiny,medium,elongated,0.0014573580119758844,0.0,0.000735557172447443,0.2407252937555313,0.775,0.0,0.8099955598271835,0.29900222784281527,0.00273929185092064,2.719654422521254e-05,True,False,
dwbg_1_7859_20_000236,1,medium,medium,medium,0.01516864262521267,0.6805440783500671,0.008853052742779255,0.33336684107780457,0.7041666666666666,0.4078334890098636,0.5514701071914214,0.1806670455445184,0.0014395464067645549,0.06568664376243907,True,True,anchor
dwbg_1_7859_21_000237,1,medium,high,compact,0.014821487478911877,0.658807635307312,0.08840984851121902,0.3115161061286926,0.7166666666666666,0.40707530664363106,0.6734184681481243,0.13538539726171742,0.0012856392926011745,0.0787094056084126,True,False,
dwbg_1_7859_23_000238,1,tiny,high,elongated,0.3428911864757538,0.26944229006767273,0.13442784547805786,0.0845731794834137,0.7458333333333332,0.9995957998731103,0.788808028284503,0.33453789250196153,0.0467232759410985,0.26094833891977176,True,True,hard
dwbg_1_7859_25_000239,1,tiny,high,elongated,0.0,0.0,0.0043902769684791565,0.1329711377620697,0.7458333333333332,0.0,0.6200158091910124,0.503180123963954,0.0037075701610644017,2.2306352849764655e-05,True,False,
dwbg_1_7859_26_000240,1,tiny,high,elongated,0.04815702512860298,0.3891921043395996,0.050441302359104156,0.07033727318048477,0.7458333333333332,0.4824521896921125,0.6048392044813925,0.5466793326066806,0.005742462266734788,0.15560231460306867,True,False,
dwbg_1_7859_27_000241,1,medium,high,elongated,0.02859051711857319,0.6025612950325012,0.0709545835852623,0.07621043920516968,0.6958333333333333,0.43760769411954215,0.7438175914899043,0.47910997551245593,0.005803362556602173,0.1704973343802038,True,False,
dwbg_1_7859_28_000242,1,tiny,medium,compact,0.011569252237677574,0.0,0.012389685958623886,0.19115328788757324,0.7958333333333333,0.0,0.7805208356826668,0.36141988896497435,0.003291359816002923,2.9431741720752424e-05,True,False,
dwbg_1_7859_29_000243,1,tiny,high,elongated,0.2865356206893921,0.5502573847770691,0.1647539883852005,0.28179100155830383,0.7458333333333332,0.9682917722295117,0.46512844490760263,0.10723581942626742,0.005665220969808918,0.06584079883117192,True,False,
dwbg_1_7859_35_000244,1,tiny,high,elongated,0.0,0.0,0.0,0.0,0.7458333333333332,0.0,0.5647733580049147,1.0,0.006711774221614738,2.7338456196442782e-05,True,False,
dwbg_1_7859_4_000245,1,large,high,medium,0.01713443361222744,0.6991121172904968,0.010472239926457405,0.08499713987112045,0.7,0.4121384747695644,0.44546778719540103,0.6204272663675886,0.004084084133758515,0.08805186006193097,True,False,
dwbg_1_7859_5_000246,1,medium,high,elongated,0.2845742404460907,0.7121480703353882,0.10500464588403702,0.04343841224908829,0.6958333333333333,0.9663354579383068,0.8020640549173966,0.4760581393748305,0.046715290803459236,0.2827908671752676,True,True,hard
dwbg_1_7859_6_000247,1,tiny,high,elongated,0.0,0.0,0.03235207498073578,0.1591733992099762,0.7458333333333332,0.0,0.7691748750125345,0.3838024273334962,0.0035082937024471174,2.6918705854694303e-05,True,False,
dwbg_1_7859_8_000248,1,large,medium,compact,0.09777742624282837,0.701833188533783,0.12533390522003174,0.03204881399869919,0.7708333333333334,0.6011385649491089,0.5905468945039859,0.45524770749459054,0.0065541036148660135,0.1606695191557354,True,True,anchor
dwbg_0_12011_0_000249,0,tiny,medium,elongated,0.01114453375339508,0.0,0.017300095409154892,0.0,0.2338709677419355,0.0,0.6330363044907669,0.9171351112691718,0.13466279016231894,1.1280696083789204e-13,True,False,
dwbg_0_12011_10_000250,0,large,high,compact,0.0015430834610015154,0.0,0.010148055851459503,0.3076440691947937,0.18397177419354838,0.0,0.739570563504798,0.20413767705833105,0.03493553800905989,5.2866700519192623e-14,True,False,
dwbg_0_12011_11_000251,0,tiny,medium,compact,0.022730208933353424,0.0,0.019127458333969116,0.44208571314811707,0.2283266129032258,0.0,0.7356179150001139,0.09965252864215263,0.017776952447212717,4.547567372126852e-14,True,False,
dwbg_0_12011_12_000252,0,large,low,elongated,0.0014793333830311894,0.0,0.003386399708688259,0.0,0.1919102822580645,0.0,0.7267843879325097,0.9832105421106484,0.16451148149825823,1.1790436724173037e-13,True,False,
dwbg_0_12011_13_000253,0,medium,high,compact,0.0010614682687446475,0.0,0.013243705965578556,0.3084270656108856,0.19203629032258063,0.0,0.2653650387735314,0.20021692847025963,0.012212764668805574,1.1746250616542738e-14,False,False,
dwbg_0_12011_14_000254,0,medium,medium,elongated,0.015315334312617779,0.0,0.0031391652300953865,0.0,0.20564516129032256,0.0,0.5984497912168263,0.984426711381845,0.1412044898088018,9.446083268691669e-14,True,False,
dwbg_0_12011_15_000255,0,tiny,medium,elongated,0.0,0.0,0.0,0.0,0.2338709677419355,0.0,0.550354799050105,1.0,0.12272686704916926,9.548616463238614e-14,True,False,
dwbg_0_12011_16_000256,0,tiny,high,elongated,0.010283752344548702,0.0,0.020499518141150475,0.0,0.22580645161290325,0.0,0.5342324833042102,0.9025803243318894,0.11208712633402657,8.376733790511145e-14,True,False,
dwbg_0_12011_17_000257,0,tiny,high,compact,0.0,0.0,0.005169555079191923,0.18937931954860687,0.22026209677419356,0.0,0.5324010375454922,0.3780441190390253,0.04527950103232417,5.2610127234197845e-14,True,False,
dwbg_0_12011_18_000258,0,large,low,elongated,0.003024396486580372,0.674185574054718,0.005405736621469259,0.14842768013477325,0.1919102822580645,0.0,0.6737796434234506,0.4633988800574607,0.07227467182826561,7.225244743284385e-14,True,False,
dwbg_0_12011_2_000259,0,tiny,high,elongated,0.007716065272688866,0.5036572217941284,0.007253366522490978,0.23798057436943054,0.22580645161290325,0.0,0.6273511677613195,0.29341429151398285,0.04240277911397286,6.0777529671134e-14,True,False,
dwbg_0_12011_22_000260,0,medium,low,elongated,0.008831370621919632,0.6994467973709106,0.0018693257588893175,0.043314170092344284,0.19997479838709675,0.0,0.8391291278640146,0.7977839326729665,0.1573814976885421,1.3729701813874852e-13,True,False,
dwbg_0_12011_23_000261,0,tiny,high,elongated,0.0035807040985673666,0.4100879728794098,0.005798678379505873,0.19461482763290405,0.22580645161290325,0.0,0.7230485858365184,0.3671196251095494,0.06026100334278315,8.41184706749243e-14,True,False,
dwbg_0_12011_24_000262,0,tiny,medium,elongated,0.0,0.0,0.026611963286995888,0.0,0.2338709677419355,0.0,0.13923062377013887,0.8754127264741907,0.027179690980659296,1.136802170104928e-14,False,False,
dwbg_0_12011_25_000263,0,medium,low,compact,0.00933371763676405,0.6890681982040405,0.025970347225666046,0.0549432709813118,0.1944304435483871,0.0,0.7425441931467789,0.6672649463422753,0.11709279831731284,1.0162413954119416e-13,True,False,
dwbg_0_12011_27_000264,0,tiny,medium,elongated,0.0,0.0,0.021384023129940033,0.0,0.2338709677419355,0.0,0.6382470484845489,0.8985974539969714,0.12789421152588124,1.1304259726785558e-13,True,False,
dwbg_0_12011_28_000265,0,large,low,compact,0.3034972846508026,0.4388320744037628,0.08301913738250732,0.05092628672719002,0.18636592741935484,0.0,0.6459628471633406,0.5118482315960444,0.22186319012961578,6.92226830725034e-14,True,True,anchor
dwbg_0_12011_29_000266,0,tiny,high,elongated,0.016008298844099045,0.42595720291137695,0.10394616425037384,0.05574095621705055,0.22580645161290325,0.0,0.30530381295308945,0.45003244341576415,0.03259068784565294,2.5553865255066136e-14,False,False,
dwbg_0_12011_3_000267,0,tiny,high,elongated,0.0,0.0,0.004377508070319891,0.25408098101615906,0.22580645161290325,0.0,0.31600293723634726,0.27464046260408953,0.019454780944462277,2.1021092643946154e-14,False,False,
dwbg_0_12011_31_000268,0,tiny,medium,elongated,0.008759702555835247,0.5394435524940491,0.045720379799604416,0.254934698343277,0.2338709677419355,0.0,0.6104271278865987,0.22240051727882731,0.031224712086754793,5.2601114735585486e-14,True,False,
dwbg_0_12011_32_000269,0,tiny,low,elongated,0.0,0.0,0.0,0.0,0.2282006048387097,0.0,0.41710149601912855,1.0,0.09335549678030745,6.147229289693722e-14,True,False,
dwbg_0_12011_33_000270,0,tiny,high,elongated,0.0,0.0,0.004155680071562529,0.15465308725833893,0.22580645161290325,0.0,0.6731922921449706,0.45201322684370443,0.06821203118539433,8.385338907559051e-14,True,False,
dwbg_0_12011_35_000271,0,tiny,low,medium,0.001305656391195953,0.49899056553840637,0.006843267008662224,0.3008474111557007,0.2322328629032258,0.0,0.6622376337151015,0.21471292173810091,0.03188855153758805,5.799272989573234e-14,True,False,
dwbg_0_12011_37_000272,0,medium,low,elongated,0.0,0.0,0.0,0.0,0.19997479838709675,0.0,0.6826282680992176,1.0,0.15555430419721725,1.1278508488024106e-13,True,False,
dwbg_0_12011_4_000273,0,medium,medium,elongated,0.0,0.0,0.026913151144981384,0.2728321850299835,0.20564516129032256,0.0,0.44891242234656414,0.22341445701065438,0.022773306883066925,2.923590666156579e-14,True,False,
dwbg_0_12011_41_000274,0,tiny,low,medium,0.003274574177339673,0.0,0.003622648073360324,0.0,0.2322328629032258,0.0,0.41999001605946507,0.9820498183798129,0.0931438821670549,6.263958701019912e-14,True,False,
dwbg_0_12011_42_000275,0,tiny,high,medium,0.0,0.0,0.12457091361284256,0.3031282126903534,0.22983870967741937,0.0,0.7382807815354026,0.11783197246018037,0.019450084122715806,5.004804224251174e-14,True,False,
dwbg_0_12011_43_000276,0,medium,low,elongated,0.010913682170212269,0.7066106200218201,0.003931940998882055,0.34907814860343933,0.19997479838709675,0.0,0.7146316827548721,0.17117815066978107,0.028970978171389855,4.99830590740805e-14,True,False,
dwbg_0_12011_44_000277,0,tiny,low,elongated,0.0,0.0,0.0,0.0,0.2282006048387097,0.0,0.4605092428389289,1.0,0.10307100201620914,7.131392141587424e-14,True,False,
dwbg_0_12011_45_000278,0,tiny,high,elongated,0.0,0.0,0.0029844804666936398,0.0,0.22580645161290325,0.0,0.34295341892380293,0.9851883849568007,0.0757399690873839,4.501411258020359e-14,False,False,
dwbg_0_12011_46_000279,0,large,medium,compact,0.0,0.0,0.036635152995586395,0.2071441411972046,0.19203629032258066,0.0,0.7077173943857759,0.2955561418138289,0.04790068407508852,6.215743822494343e-14,True,False,
dwbg_0_12011_47_000280,0,medium,medium,elongated,0.01216066349297762,0.0,0.034965310245752335,0.0,0.20564516129032256,0.0,0.10250907105100397,0.8396026361860096,0.020400282708019427,6.184418047896324e-15,False,False,
dwbg_0_12011_49_000281,0,tiny,low,elongated,0.009723176248371601,0.5637031197547913,0.015134972520172596,0.2861858904361725,0.2282006048387097,0.0,0.7112646861095788,0.22166139376985675,0.03651983076248193,6.444788819859455e-14,True,False,
dwbg_0_12011_50_000282,0,medium,low,elongated,0.0044079930521547794,0.6509801149368286,0.0052194613963365555,0.028760794550180435,0.19997479838709675,0.0,0.18932965855405332,0.8437481075238704,0.03697331119330677,1.513246405505004e-14,False,False,
dwbg_0_12011_51_000283,0,tiny,high,elongated,0.0,0.0,0.044157031923532486,0.0,0.22580645161290325,0.0,0.6220970678702488,0.8018889399118141,0.11182607496828484,9.921576595089613e-14,True,False,
dwbg_0_12011_53_000284,0,tiny,high,compact,0.0,0.0,0.0,0.0,0.22026209677419356,0.0,0.5881980860150784,1.0,0.13232559631637808,9.936311079091168e-14,True,False,
dwbg_0_12011_54_000285,0,medium,medium,elongated,0.11398107558488846,0.3824629485607147,0.05292298644781113,0.19687539339065552,0.20564516129032256,0.0,0.5183458156336754,0.28679376820895763,0.05047990930490352,4.109914109564215e-14,True,False,
dwbg_0_12011_55_000286,0,medium,low,elongated,0.1998765766620636,0.4520156979560852,0.058405205607414246,0.026400642469525337,0.19997479838709675,0.0,0.7551258361101172,0.6544047465825595,0.22806038269767892,1.0615182922306895e-13,True,True,anchor
dwbg_0_12011_56_000287,0,tiny,high,medium,0.04684178903698921,0.0,0.06069507822394371,0.0,0.22983870967741937,0.0,0.6949462347506862,0.7382480563662973,0.13533697127765626,1.1440661610633115e-13,True,False,
dwbg_0_12011_58_000288,0,tiny,high,elongated,0.007049567997455597,0.0,0.017166271805763245,0.0,0.22580645161290325,0.0,0.5566852905357321,0.9177489882512778,0.11741241354320531,8.984893265015806e-14,True,False,
dwbg_0_12011_6_000289,0,tiny,low,elongated,0.0015321319224312901,0.5091172456741333,0.000826341041829437,0.2682332396507263,0.2282006048387097,0.0,0.7162340275664434,0.2604621037386549,0.041980439215453844,7.059460105343315e-14,True,False,
dwbg_0_12011_61_000290,0,medium,low,compact,0.0,0.0,0.0008010395686142147,0.0,0.1944304435483871,0.0,0.6006911904035818,0.9960028122642202,0.1368073025439962,9.033820216660131e-14,True,False,
dwbg_0_12011_62_000291,0,medium,high,elongated,0.0,0.0,0.13642540574073792,0.22673524916172028,0.1975806451612903,0.0,0.6796643239734849,0.16270715737026384,0.025237582952768407,4.465698918668567e-14,True,False,
dwbg_0_12011_63_000292,0,tiny,medium,elongated,0.023887217044830322,0.5775722861289978,0.02233205921947956,0.023724108934402466,0.2338709677419355,0.0,0.6008576447170236,0.7943104964051954,0.11579422809280154,9.707979490101308e-14,True,False,
dwbg_0_12011_64_000293,0,tiny,high,compact,0.0,0.0,0.005752356257289648,0.323975145816803,0.22026209677419356,0.0,0.4258669227127125,0.1923117529692012,0.018424681490951184,2.6844390434863172e-14,True,False,
dwbg_0_12011_65_000294,0,tiny,low,compact,0.026078058406710625,0.0,0.03631797060370445,0.0,0.22265625,0.0,0.592003834526844,0.8339433096132859,0.12159089383471074,9.261683471543707e-14,True,False,
dwbg_0_12011_66_000295,0,tiny,medium,elongated,0.004264808725565672,0.0,0.026238473132252693,0.25514543056488037,0.2338709677419355,0.0,0.21043297611213369,0.24489652159694458,0.011666292666170884,1.1172190107664921e-14,False,False,
dwbg_0_12011_67_000296,0,medium,high,compact,0.0,0.0,0.0005098049878142774,0.382101833820343,0.19203629032258063,0.0,0.6978028656966454,0.1476282197989295,0.023590871692629627,4.3009770208080474e-14,True,False,
dwbg_0_12011_68_000297,0,tiny,medium,compact,0.001026523532345891,0.0,0.004522910341620445,0.0,0.2283266129032258,0.0,0.3795900880820644,0.9776392405338437,0.08335472600179787,5.279808149155667e-14,True,False,
dwbg_0_12011_69_000298,0,tiny,high,elongated,0.009036541916429996,0.0,0.01878170669078827,0.2667849659919739,0.22580645161290325,0.0,0.633251721234676,0.23982797981159618,0.03514822234754601,5.572509777307027e-14,True,False,
dwbg_0_12011_7_000299,0,medium,high,medium,0.0010669920593500137,0.0,0.05658543482422829,0.339284747838974,0.20161290322580644,0.0,0.7414738775587678,0.13815888530581213,0.023407954381672213,4.784664788387704e-14,True,False,
dwbg_0_12011_70_000300,0,large,low,compact,0.08716714382171631,0.3584212064743042,0.10835142433643341,0.19926485419273376,0.18636592741935484,0.0,0.5470819944992642,0.21479280941145967,0.03673608072730286,3.4950630637861226e-14,True,False,
dwbg_0_12011_71_000301,0,tiny,medium,medium,0.0010934058809652925,0.6955857872962952,0.0011913581984117627,0.33081525564193726,0.23790322580645162,0.0,0.35711375430459796,0.19013269246119213,0.015159712727335298,2.2138010858374182e-14,False,False,
dwbg_0_12011_72_000302,0,tiny,high,elongated,0.0,0.0,0.0,0.0,0.22580645161290325,0.0,0.6329590264801196,1.0,0.14188820723680334,1.137102835779927e-13,True,False,
dwbg_0_12011_73_000303,0,tiny,low,elongated,0.0,0.0,0.004024438560009003,0.0,0.2282006048387097,0.0,0.7199651883118164,0.9800789074036781,0.15793220084791273,1.3801127227024884e-13,True,False,
dwbg_0_12011_74_000304,0,medium,medium,compact,0.042946577072143555,0.791191577911377,0.024205859750509262,0.3760019838809967,0.2001008064516129,0.0,0.5942202357378881,0.13519471340692943,0.021302179307038503,3.3701548002444336e-14,True,False,
dwbg_0_12011_75_000305,0,large,high,compact,0.07038570940494537,0.77740877866745,0.035711176693439484,0.047066494822502136,0.18397177419354838,0.051594797356295234,0.7258997774779087,0.6610747511314482,0.1415968660476355,0.0010841773829777406,True,True,hard
dwbg_0_12011_8_000306,0,large,low,medium,0.004470872692763805,0.5252543091773987,0.002893989672884345,0.28505492210388184,0.19594254032258066,0.0,0.646913527439721,0.23698828750369672,0.035580997984498396,4.9631971249798414e-14,True,False,
dwbg_0_12011_9_000307,0,medium,high,elongated,0.0,0.0,0.0007447036914527416,0.0,0.1975806451612903,0.0,0.7120355318764124,0.9962834052414146,0.1618941628499734,1.1849181363706905e-13,True,False,
dwbg_1_12011_10_000308,1,tiny,low,elongated,0.0,0.0,0.0,0.0,0.8041666666666666,0.0,0.6724650158598516,1.0,0.007014825051555118,3.976707463771204e-05,True,False,
dwbg_1_12011_11_000309,1,tiny,high,elongated,0.0036139520816504955,0.3413012623786926,0.04450838267803192,0.1657702922821045,0.7458333333333332,0.38294406167355216,0.7891873437089709,0.34945049421291835,0.003372046321905515,0.16519365061666663,True,False,
dwbg_1_12011_12_000310,1,tiny,high,elongated,0.01189570315182209,0.4604516923427582,0.024948667734861374,0.23444019258022308,0.7458333333333332,0.4007104732177149,0.7256669190699492,0.27336584165618477,0.002589072240757585,0.13178201445434065,True,False,
dwbg_1_12011_13_000311,1,tiny,high,elongated,0.0,0.0,0.0,0.0,0.7458333333333332,0.0,0.6191847479798197,1.0,0.007358399915655739,3.1382898992979586e-05,True,False,
dwbg_1_12011_14_000312,1,medium,high,medium,0.0,0.0,0.019503377377986908,0.2240051031112671,0.6749999999999999,0.0,0.6670722361303453,0.29595661615432656,0.0026530561379093424,1.6437243319510606e-05,True,False,
dwbg_1_12011_15_000313,1,medium,medium,elongated,0.0017934093484655023,0.5083009600639343,0.060665346682071686,0.24432522058486938,0.725,0.3790896197299881,0.7148325058224339,0.21763132091396312,0.0019504363130521884,0.10716305719752525,True,False,
dwbg_1_12011_16_000314,1,medium,high,elongated,0.004472679458558559,0.5092359185218811,0.0022661553230136633,0.04216158762574196,0.6958333333333333,0.384768650184345,0.7569442292043499,0.8008042732702699,0.008163051788100723,0.21218598667481256,True,False,
dwbg_1_12011_18_000315,1,medium,high,compact,0.4090177118778229,0.7869350910186768,0.1304650753736496,0.04088914766907692,0.7166666666666666,0.972519917944557,0.7174722947162826,0.4245306321834255,0.09586561678295177,0.23691212024717548,True,True,hard
dwbg_1_12011_19_000316,1,large,medium,elongated,0.008597129955887794,0.0,0.016466012224555016,0.16868078708648682,0.7500000000000001,0.0,0.3436637292192367,0.3962404731690683,0.001717434711943699,8.23705298474229e-06,False,False,
dwbg_1_12011_2_000317,1,tiny,high,elongated,0.0,0.0,0.04174487665295601,0.19738025963306427,0.7458333333333332,0.0,0.8326111515474536,0.3025146171776935,0.0029933101932290507,2.691529851610498e-05,True,False,
dwbg_1_12011_21_000318,1,tiny,high,elongated,0.006287464406341314,0.0,0.00525304302573204,0.10087195038795471,0.7458333333333332,0.0,0.6595495060166173,0.5882372258818406,0.004844787223250644,2.6461230472283053e-05,True,False,
dwbg_1_12011_22_000319,1,large,high,elongated,0.04122580215334892,0.5763481259346008,0.10454510897397995,0.03250977769494057,0.7208333333333333,0.4663904864227756,0.783534882863752,0.5039519093878457,0.006805049374868387,0.2057828534827296,True,False,
dwbg_1_12011_23_000320,1,medium,low,elongated,0.0,0.0,0.0,0.0,0.7541666666666667,0.0,0.5365823811504079,1.0,0.006271344147556583,2.5742789905445563e-05,True,False,
dwbg_1_12011_26_000321,1,tiny,medium,elongated,0.0,0.0,0.000638750207144767,0.17046420276165009,0.775,0.0,0.5097685777778788,0.4250643265834795,0.0024228293162572544,1.6189725152259638e-05,True,False,
dwbg_1_12011_28_000322,1,tiny,medium,elongated,0.13078097999095917,0.0,0.03416420891880989,0.0,0.775,0.0,0.4885804151953901,0.8429724144449458,0.012903070521496463,2.1392587478925307e-05,True,False,
dwbg_1_12011_29_000323,1,tiny,high,elongated,0.0,0.0,0.02916170284152031,0.18371044099330902,0.7458333333333332,0.0,0.5550394027471546,0.3449483031316089,0.00227531204168549,1.564319334628252e-05,True,False,
dwbg_1_12011_30_000324,1,large,high,elongated,0.22726720571517944,0.6156303882598877,0.11513753980398178,0.2928534150123596,0.7208333333333333,0.8864711387994156,0.6884165626912401,0.13003459167926115,0.006680489807588462,0.11868368094287367,True,False,
dwbg_1_12011_31_000325,1,large,high,elongated,0.055623218417167664,0.7248184084892273,0.06363804638385773,0.34979909658432007,0.7208333333333333,0.49994283540774614,0.8061706897566904,0.1265414046552605,0.001969256195418707,0.11142157638747298,True,False,
dwbg_1_12011_32_000326,1,tiny,high,medium,0.0023911111056804657,0.0,0.14554670453071594,0.3066919147968292,0.7249999999999999,0.0,0.6733901807321973,0.10422605878312306,0.000884085218613594,1.1012738745137124e-05,True,False,
dwbg_1_12011_33_000327,1,large,high,elongated,0.0055120550096035,0.0,0.11629626154899597,0.2358332872390747,0.7208333333333333,0.0,0.7959803034255536,0.17193345888987063,0.0017801518750619229,1.802129409411283e-05,True,False,
dwbg_1_12011_34_000328,1,tiny,high,elongated,0.002792763989418745,0.271981805562973,0.017674921080470085,0.1317812204360962,0.7458333333333332,0.38120312177288673,0.6346179427504742,0.47365280357947936,0.0036516625852814595,0.13836921739832692,True,False,
dwbg_1_12011_35_000329,1,medium,medium,elongated,0.007562503684312105,0.4924469292163849,0.005346548743546009,0.24240662157535553,0.725,0.3913677941762561,0.6210417692029044,0.2897415814846607,0.0023608905655445513,0.10173869925181506,True,False,
dwbg_0_15683_0_000330,0,medium,low,elongated,0.005510099697858095,0.0,0.0900498777627945,0.0,0.19997479838709675,0.0,0.12489810580981034,0.6374691541202081,0.018499579442742355,7.047557583252325e-15,False,False,
dwbg_0_15683_10_000331,0,large,high,medium,0.04474303126335144,0.2649811804294586,0.046932246536016464,0.2092595398426056,0.1935483870967742,0.0,0.6559366724050191,0.2777708094121155,0.048819303245634015,5.419082056211796e-14,True,False,
dwbg_0_15683_12_000332,0,medium,low,elongated,0.1673794388771057,0.7226389646530151,0.12562164664268494,0.3590412735939026,0.19997479838709675,0.363707671850566,0.726935672642473,0.08862736569399324,0.026510475010108794,0.008093415800499274,True,False,
dwbg_0_15683_13_000333,0,large,low,elongated,0.0,0.0,0.007225628010928631,0.0,0.1919102822580645,0.0,0.6248330482975077,0.9645166923425027,0.1380223635922318,9.308915886833123e-14,True,False,
dwbg_0_15683_14_000334,0,tiny,low,elongated,0.0,0.0,0.0006686515407636762,0.0,0.2282006048387097,0.0,0.3104514522450601,0.9966623247592815,0.06925320612771957,3.9407724251524966e-14,False,False,
dwbg_0_15683_16_000335,0,tiny,low,elongated,0.031166598200798035,0.5508562922477722,0.016668280586600304,0.2605307996273041,0.2282006048387097,0.0,0.6232690595823469,0.25007475118584455,0.03894338799038266,5.615197887598834e-14,True,False,
dwbg_0_15683_17_000336,0,medium,low,compact,0.0,0.0,0.003017486073076725,0.3946131765842438,0.1944304435483871,0.0,0.5987066700663518,0.13694809229793115,0.018748543550209502,3.33321559581879e-14,True,False,
dwbg_0_15683_18_000337,0,medium,low,elongated,0.11095376312732697,0.34969520568847656,0.0558975525200367,0.2245398461818695,0.19997479838709675,0.0,0.6733545044663553,0.24605824728163633,0.05586161688554257,5.4810010497335704e-14,True,False,
dwbg_0_15683_19_000338,0,tiny,high,elongated,0.0019695903174579144,0.0,0.016473989933729172,0.2631007432937622,0.22580645161290325,0.0,0.597298869792964,0.24712186928066338,0.033319133864112636,5.181786030264515e-14,True,False,
dwbg_0_15683_20_000339,0,medium,medium,elongated,0.15273670852184296,0.5626876950263977,0.08662277460098267,0.3024113178253174,0.20564516129032256,0.2924775815240029,0.65937458670855,0.1429628515085214,0.036703856167911185,0.006585174348082687,True,False,
dwbg_0_15683_22_000340,0,tiny,low,elongated,0.010867565870285034,0.0,0.018662208691239357,0.0,0.2282006048387097,0.0,0.31890812302283844,0.9109101235940635,0.06756213137107006,3.9224094604385654e-14,False,False,
dwbg_0_15683_23_000341,0,tiny,low,compact,0.00530064245685935,0.0,0.030863434076309204,0.38108330965042114,0.22265625,0.0,0.30640126796308376,0.12748791303108264,0.008940049904874134,1.3483580537530569e-14,False,False,
dwbg_0_15683_24_000342,0,tiny,low,elongated,0.0,0.0,0.006872555706650019,0.0,0.2282006048387097,0.0,0.1448335004335461,0.9662209168414811,0.031321576188091144,1.2363987271988735e-14,False,False,
dwbg_0_15683_26_000343,0,tiny,medium,medium,0.001574600231833756,0.0,0.00329245044849813,0.2805967330932617,0.23790322580645162,0.0,0.5682256578946505,0.24184798346415795,0.030734684502563617,5.011327969151245e-14,True,False,
dwbg_0_15683_27_000344,0,tiny,high,compact,0.0031417112331837416,0.7256292104721069,0.004965648520737886,0.34266579151153564,0.22026209677419356,0.0,0.75065583388199,0.1758441477919334,0.030026621302195793,6.007102259351694e-14,True,False,
dwbg_0_15683_28_000345,0,tiny,medium,elongated,0.0,0.0,0.03512924537062645,0.3274422883987427,0.2338709677419355,0.0,0.5642013964934065,0.16318713506027616,0.020531324382450023,4.0037827753943586e-14,True,False,
dwbg_0_15683_29_000346,0,tiny,low,elongated,0.0,0.0,0.0,0.0,0.2282006048387097,0.0,0.5851064634767164,1.0,0.13095830412637177,1.0213371628439236e-13,True,False,
dwbg_0_15683_30_000347,0,tiny,high,elongated,0.0020200442522764206,0.0,0.0010119929211214185,0.0,0.22580645161290325,0.0,0.6334265991879822,0.9949528154506677,0.14228757466040978,1.1354866528494339e-13,True,False,
dwbg_0_15683_31_000348,0,large,low,elongated,0.004203714430332184,0.6340345144271851,0.18219275772571564,0.1812863051891327,0.1919102822580645,0.0,0.7706938767023324,0.1624483271460764,0.029101726490046734,5.2333373207838855e-14,True,False,
dwbg_0_15683_32_000349,0,large,high,elongated,0.0013533217133954167,0.0,0.017872346565127373,0.18315540254116058,0.18951612903225806,0.0,0.6087346201893802,0.36599385126970446,0.051344634041737384,5.445340912113023e-14,True,False,
dwbg_0_15683_33_000350,0,large,low,compact,0.0,0.0,0.0006003620219416916,0.3672795295715332,0.18636592741935484,0.0,0.6851779726713577,0.15891283129135567,0.025022047924209884,4.213578472953674e-14,True,False,
dwbg_0_15683_34_000351,0,medium,medium,elongated,0.0,0.0,0.003802310908213258,0.0,0.20564516129032256,0.0,0.684393718825095,0.9811680252310687,0.15247639112409916,1.1533183746003603e-13,True,False,
dwbg_0_15683_35_000352,0,large,low,compact,0.013610281981527805,0.7640706300735474,0.05416964739561081,0.07586732506752014,0.18636592741935484,0.0,0.7079082782383235,0.5219492790895125,0.0890913400640992,8.019478960817874e-14,True,False,
dwbg_0_15683_37_000353,0,large,low,elongated,0.003884954145178199,0.6579594612121582,0.00138659100048244,0.06829863786697388,0.1919102822580645,0.0,0.6792694712518813,0.7057980402810421,0.11131542975870616,9.026130593005275e-14,True,False,
dwbg_0_15683_39_000354,0,tiny,low,compact,0.005095813423395157,0.6645883917808533,0.09553293138742447,0.3275371491909027,0.22265625,0.0,0.6351287345210177,0.12059102670461591,0.017516327119744147,3.9136774420076584e-14,True,False,
dwbg_0_15683_42_000355,0,medium,medium,elongated,0.08236855268478394,0.0,0.07419318705797195,0.0,0.20564516129032256,0.0,0.5943162589730855,0.6900674481060118,0.12455594738260727,7.826916188080513e-14,True,False,
dwbg_0_15683_43_000356,0,medium,medium,elongated,0.006631980650126934,0.5638259649276733,0.00244924146682024,0.009715450927615166,0.20564516129032256,0.0,0.6220640974513079,0.9409893455168483,0.1360637316066859,9.787314712273463e-14,True,False,
dwbg_0_15683_44_000357,0,tiny,high,compact,0.0,0.0,0.021823324263095856,0.40430933237075806,0.22026209677419356,0.0,0.5884728918709536,0.11875849721064778,0.015722130902692984,3.426587359593679e-14,True,False,
dwbg_0_15683_45_000358,0,tiny,medium,elongated,0.007543559186160564,0.39510610699653625,0.0052171084098517895,0.1879279464483261,0.2338709677419355,0.0,0.6717868742532764,0.38070698259800917,0.05857150358294481,7.945459257941144e-14,True,False,
dwbg_0_15683_46_000359,0,tiny,high,elongated,0.0010385726345703006,0.0,0.0015783195849508047,0.2731199860572815,0.22580645161290325,0.0,0.7329912916947571,0.2532212850134436,0.04176016937558445,7.13074117160783e-14,True,False,
dwbg_0_15683_47_000360,0,tiny,low,elongated,0.002650224370881915,0.0,0.022287642583251,0.31910884380340576,0.2282006048387097,0.0,0.6078176111753849,0.18141239174255325,0.02491163147414599,4.6058541859439015e-14,True,False,
dwbg_0_15683_49_000361,0,tiny,high,elongated,0.0,0.0,0.0,0.0,0.22580645161290325,0.0,0.6106419200627317,1.0,0.1368854596847458,1.0774974935659518e-13,True,False,
dwbg_0_15683_5_000362,0,tiny,medium,elongated,0.0,0.0,0.0,0.0,0.2338709677419355,0.0,0.6468722607672106,1.0,0.14424986587197064,1.2167577044779136e-13,True,False,
dwbg_0_15683_50_000363,0,tiny,medium,medium,0.0025170135777443647,0.0,0.05032551661133766,0.24660876393318176,0.23790322580645162,0.0,0.6983111655883011,0.22657678095870767,0.03550380609309337,6.608174630407705e-14,True,False,
dwbg_0_15683_52_000364,0,tiny,medium,compact,0.0010502482764422894,0.694770336151123,0.0028941163327544928,0.34143945574760437,0.2283266129032258,0.0,0.7744561572638073,0.17876773949505548,0.03109990799621551,6.579552610126653e-14,True,False,
dwbg_0_15683_53_000365,0,medium,high,elongated,0.010681305080652237,0.0,0.00828732643276453,0.0,0.1975806451612903,0.0,0.634668421853507,0.9594101291591571,0.14430331031333501,9.785136412049407e-14,True,False,
dwbg_0_15683_54_000366,0,tiny,medium,medium,0.0,0.0,0.06746379286050797,0.34049180150032043,0.23790322580645162,0.0,0.6868074776444096,0.13005758412373067,0.019866514976127198,4.883381959335923e-14,True,False,
dwbg_0_15683_55_000367,0,tiny,low,elongated,0.007522476837038994,0.0,0.0044462610967457294,0.0,0.2282006048387097,0.0,0.677297495974973,0.9780139888874366,0.1522500636342058,1.257935951990246e-13,True,False,
dwbg_0_15683_56_000368,0,large,medium,elongated,0.0013785562478005886,0.5624023079872131,0.024700256064534187,0.2829970121383667,0.1975806451612903,0.0,0.7221549127894804,0.2147058470225139,0.035557786416966414,5.6183900997302997e-14,True,False,
dwbg_0_15683_6_000369,0,tiny,high,medium,0.0,0.0,0.0,0.0,0.22983870967741937,0.0,0.5928718391819984,1.0,0.13255545212258382,1.0492148005871528e-13,True,False,
dwbg_0_15683_61_000370,0,tiny,low,elongated,0.0675031840801239,0.0,0.06545201689004898,0.19754892587661743,0.2282006048387097,0.0,0.49422930468862947,0.26847305769900565,0.03769078959241591,4.108278576963203e-14,True,False,
dwbg_0_15683_62_000371,0,tiny,high,compact,0.0,0.0,0.00386669859290123,0.0,0.22026209677419356,0.0,0.5493615654566861,0.9808522003847006,0.12122218155090957,8.882372095000078e-14,True,False,
dwbg_0_15683_63_000372,0,tiny,low,elongated,0.0,0.0,0.0010759262368083,0.0,0.2282006048387097,0.0,0.6809106496180282,0.9946348131185155,0.15158349959859452,1.2787445894503987e-13,True,False,
dwbg_0_15683_64_000373,0,medium,medium,medium,0.07358212769031525,0.6616732478141785,0.053920913487672806,0.07664401829242706,0.20967741935483872,0.05677711789075941,0.656090971090399,0.5205732561744767,0.10030515278055853,0.0010876738713974843,True,False,
dwbg_0_15683_65_000374,0,tiny,medium,medium,0.20429091155529022,0.0,0.02800731547176838,0.0,0.23790322580645162,0.0,0.6821716690995684,0.869326437152219,0.27132056679118716,1.24977632358289e-13,True,True,anchor
dwbg_0_15683_66_000375,0,medium,low,elongated,0.23799991607666016,0.5433380603790283,0.08158963173627853,0.0743747279047966,0.19997479838709675,0.8779829433855852,0.7679726876596294,0.45848770735808014,0.18591525799811626,0.07496989395543749,True,True,hard
dwbg_0_15683_67_000376,0,medium,high,medium,0.012486400082707405,0.0,0.039913106709718704,0.35786619782447815,0.20161290322580644,0.0,0.5644687742858924,0.136846349003531,0.018376897426597347,3.162968119191778e-14,True,False,
dwbg_0_15683_68_000377,0,tiny,medium,elongated,0.03201747313141823,0.0,0.01967809721827507,0.0,0.2338709677419355,0.0,0.15237802464401404,0.9062949390808829,0.034481302934203706,1.3243250656726444e-14,False,False,
dwbg_0_15683_69_000378,0,tiny,high,elongated,0.0,0.0,0.0,0.0,0.22580645161290325,0.0,0.5932030727654044,1.0,0.13297625438743915,1.0316715020700626e-13,True,False,
dwbg_0_15683_7_000379,0,tiny,low,elongated,0.001898054382763803,0.764994204044342,0.03239130228757858,0.36491143703460693,0.2282006048387097,0.0,0.4741628060988111,0.1371728188561257,0.014655617747948576,2.7595740314430422e-14,True,False,
dwbg_0_15683_70_000380,0,tiny,low,elongated,0.16806194186210632,0.5830250978469849,0.18243218958377838,0.3128387928009033,0.2282006048387097,0.3672816913298869,0.7149038446779882,0.08404903403605576,0.024343384816094372,0.008901301735285756,True,False,
dwbg_0_15683_71_000381,0,medium,high,elongated,0.0018741264939308167,0.0,0.008166155777871609,0.3249441981315613,0.1975806451612903,0.0,0.6014713617920102,0.18908629713251662,0.026127351180509923,4.007715263152512e-14,True,False,
dwbg_0_15683_74_000382,0,tiny,low,elongated,0.07233656942844391,0.566186249256134,0.07151548564434052,0.3166520893573761,0.2282006048387097,0.05472395197606837,0.7493057185124169,0.1435835942580317,0.03108717854262093,0.0007179991856750774,True,False,
dwbg_0_15683_75_000383,0,tiny,medium,elongated,0.0,0.0,0.0,0.0,0.2338709677419355,0.0,0.6111517884402498,1.0,0.13628434678179305,1.1173775546947422e-13,True,False,
dwbg_0_15683_9_000384,0,medium,high,elongated,0.18478216230869293,0.5627262592315674,0.15237098932266235,0.03995358198881149,0.1975806451612903,0.462397259537218,0.7199478569858704,0.3822720096771879,0.12060381468684338,0.02346416431734458,True,True,hard
dwbg_1_15683_11_000385,1,tiny,medium,elongated,0.0636465921998024,0.40257149934768677,0.10477471351623535,0.018200965598225594,0.775,0.5189300448363473,0.5592674482789602,0.5407066436335419,0.005582569339294906,0.15115312420956153,True,False,
dwbg_1_15683_12_000386,1,tiny,high,elongated,0.005334856454282999,0.37380966544151306,0.012930466793477535,0.18249991536140442,0.7458333333333332,0.38660472536520996,0.6005499884862805,0.3763815419834733,0.0028015157681612712,0.1143494726124221,True,False,
dwbg_1_15683_14_000387,1,large,high,elongated,0.005400713533163071,0.596289336681366,0.046031225472688675,0.2929720878601074,0.7208333333333333,0.3867451438665096,0.7352809568555603,0.18359618742617817,0.0017544070835843549,0.10281974757163541,True,False,
dwbg_1_15683_15_000388,1,tiny,high,elongated,0.31889909505844116,0.29073306918144226,0.23007935285568237,0.15087439119815826,0.7458333333333332,0.9922917319491912,0.6973472237044649,0.1488570662634543,0.015214218315740033,0.14415865189299465,True,False,
dwbg_1_15683_16_000389,1,tiny,high,compact,0.1974988728761673,0.4555070698261261,0.09557707607746124,0.05250087007880211,0.7666666666666665,0.8302297990452555,0.5460777212510891,0.47692800577169037,0.014054450460310664,0.17045789903735092,True,False,
dwbg_1_15683_17_000390,1,medium,high,elongated,0.28216731548309326,0.5456799268722534,0.08340535312891006,0.016488520428538322,0.6958333333333333,0.9638590731756441,0.6399206601640495,0.6068525898243923,0.04661915503531648,0.227245565277193,True,False,
dwbg_1_15683_18_000391,1,large,high,elongated,0.09398382157087326,0.2800348699092865,0.1464303582906723,0.1530691385269165,0.7208333333333333,0.591937473396069,0.6364549401998224,0.22368924619374617,0.003717925560000864,0.11307439041103592,True,False,
dwbg_1_15683_2_000392,1,tiny,high,elongated,0.33120760321617126,0.5176337957382202,0.024533528834581375,0.06349294632673264,0.7458333333333332,0.9971787538010553,0.6915559201295076,0.6439511718850301,0.07191560966949297,0.2968360313043686,True,True,hard
dwbg_1_15683_20_000393,1,tiny,high,elongated,0.002952687442302704,0.18452589213848114,0.0041116466745734215,0.09517468512058258,0.7458333333333332,0.28161741187644135,0.6695747244971518,0.60869883404021,0.004957547216304309,0.1461141403336402,True,False,
dwbg_1_15683_21_000394,1,medium,medium,elongated,0.027301829308271408,0.5720948576927185,0.02567422389984131,0.05459984391927719,0.725,0.43471141799975144,0.8160687904635782,0.669402109355901,0.008373236648546212,0.24549419405223058,True,True,hard
dwbg_1_15683_22_000395,1,medium,high,compact,0.06316909193992615,0.814355194568634,0.06475232541561127,0.026015277951955795,0.7166666666666666,0.5177950566471484,0.8166637737871403,0.6351856142875688,0.01070583880160961,0.25678521903063195,True,True,hard
dwbg_1_15683_24_000396,1,tiny,medium,elongated,0.0013603416737169027,0.10629694163799286,0.002019325504079461,0.08111105859279633,0.775,0.1607955985464512,0.5732036835143558,0.6599099316412573,0.004275067266777151,0.09644848789743375,True,False,
dwbg_1_15683_25_000397,1,tiny,medium,medium,0.011647987179458141,0.0,0.018969403579831123,0.1991308033466339,0.7541666666666667,0.0,0.7202665007898552,0.33604807979355206,0.0031007788590052482,2.3208204011564033e-05,True,False,
dwbg_1_15683_26_000398,1,tiny,medium,medium,0.0,0.0,0.0005688598030246794,0.08586718142032623,0.7541666666666667,0.0,0.523148504602494,0.6490923957250732,0.003968768207275019,1.9966031076888277e-05,True,False,
dwbg_1_15683_27_000399,1,tiny,high,elongated,0.0036711362190544605,0.19846461713314056,0.0012586954981088638,0.09837955981492996,0.7458333333333332,0.3040997397982658,0.6201012254696259,0.6076286986558173,0.004609186442454681,0.13520219158163288,True,False,
dwbg_1_15683_32_000400,1,tiny,medium,compact,0.002759217517450452,0.0,0.01740536466240883,0.2560712695121765,0.7958333333333333,0.0,0.5969879917622523,0.2547727848415018,0.0016555990190330874,1.6529438413307547e-05,True,False,
dwbg_1_15683_34_000401,1,tiny,high,elongated,0.4491982161998749,0.3958714008331299,0.04858658090233803,0.04857166111469269,0.7458333333333332,0.9242965763376824,0.7367381608990959,0.6152102435993353,0.18542478255747746,0.30714955015114415,True,True,hard
dwbg_1_15683_35_000402,1,large,high,elongated,0.0041862414218485355,0.5374246835708618,0.05839263275265694,0.26302698254585266,0.7208333333333333,0.38415957801338335,0.755006052530726,0.20046851509879068,0.0019482956386497597,0.11141838560683662,True,False,
dwbg_1_15683_4_000403,1,medium,low,elongated,0.0,0.0,0.022194083780050278,0.0,0.7541666666666667,0.0,0.6768923422850788,0.89496522259299,0.007080272712525188,3.4505115132169554e-05,True,False,
dwbg_1_15683_5_000404,1,tiny,high,compact,0.0012245451798662543,0.3165947198867798,0.000720289652235806,0.15307018160820007,0.7666666666666665,0.3778890885016549,0.7983365236352662,0.4634983952146993,0.004254182081284296,0.20039882146415122,True,False,
dwbg_1_15683_6_000405,1,tiny,high,compact,0.0018114177510142326,0.0,0.00038559563108719885,0.11325545608997345,0.7666666666666665,0.0,0.5963473983026307,0.5665413219653117,0.0039023000752767666,2.3268836128122798e-05,True,False,
dwbg_1_15683_9_000406,1,medium,high,medium,0.005096064880490303,0.6332350969314575,0.023455530405044556,0.02368319220840931,0.6749999999999999,0.386095783820504,0.8186276998312823,0.790022689484327,0.009047049855830576,0.22685722986269236,True,False,
dwbg_0_19997_0_000407,0,tiny,low,elongated,0.0280561875551939,0.6364482641220093,0.04954250901937485,0.011798521503806114,0.2282006048387097,0.0,0.6688270246752455,0.735867537542567,0.12162765703176039,1.0707481504006134e-13,True,False,
dwbg_0_19997_10_000408,0,medium,low,elongated,0.045341163873672485,0.8128586411476135,0.03207464888691902,0.05041980743408203,0.19997479838709675,0.0,0.7659132736791165,0.6620115463340539,0.13560261364116585,1.0906300106235162e-13,True,False,
dwbg_0_19997_11_000409,0,tiny,medium,elongated,0.11398858577013016,0.6655324697494507,0.05914110690355301,0.004712691530585289,0.2338709677419355,0.14896581150563037,0.7988121447420208,0.7266800517693399,0.19358529273218716,0.00818360823616923,True,False,
dwbg_0_19997_12_000410,0,large,high,compact,0.024357346817851067,0.5634742379188538,0.021324366331100464,0.030012795701622963,0.18397177419354838,0.0,0.6847606245447062,0.7736112363736133,0.13286453892569094,9.168974189830443e-14,True,False,
dwbg_0_19997_14_000411,0,medium,medium,medium,0.0,0.0,0.0,0.0,0.20967741935483872,0.0,0.2727537555115478,1.0,0.06177586911956061,2.986811201333064e-14,False,False,
dwbg_0_19997_15_000412,0,medium,low,medium,0.011452190577983856,0.43678754568099976,0.12995761632919312,0.23960840702056885,0.2040070564516129,0.0,0.6000951589832676,0.1575787230423734,0.022380963251733117,3.764646159416849e-14,True,False,
dwbg_0_19997_16_000413,0,tiny,medium,elongated,0.1716640144586563,0.5826917290687561,0.06220730394124985,0.050628550350666046,0.2338709677419355,0.3865342489330014,0.4813387282792355,0.5688268076259736,0.11193181563259846,0.014155477405188497,True,False,
dwbg_0_19997_17_000414,0,large,low,compact,0.0,0.0,0.1755312830209732,0.15496651828289032,0.18636592741935484,0.0,0.6326616471592816,0.19157248954223582,0.02785256165488423,4.104784369883053e-14,True,False,
dwbg_0_19997_18_000415,0,medium,medium,elongated,0.0010685770539566875,0.0,0.06623004376888275,0.3287976384162903,0.20564516129032256,0.0,0.7130110472066944,0.1387421074903579,0.022547390204966586,4.6117634916987107e-14,True,False,
dwbg_0_19997_2_000416,0,large,medium,elongated,0.0,0.0,0.02298472262918949,0.28874585032463074,0.1975806451612903,0.0,0.6798596585319205,0.2104193436658812,0.03264762257311244,5.0806132642492373e-14,True,False,
dwbg_0_19997_20_000417,0,large,medium,compact,0.0,0.0,0.0030103037133812904,0.2130129486322403,0.19203629032258066,0.0,0.6354893840653549,0.3395560459773016,0.04941532145253221,5.668935186946848e-14,True,False,
dwbg_0_19997_21_000418,0,large,medium,elongated,0.0,0.0,0.023136554285883904,0.0,0.1975806451612903,0.0,0.6576718016318907,0.8907577522904616,0.13369509057238976,9.945761410456913e-14,True,False,
dwbg_0_19997_22_000419,0,medium,high,elongated,0.0,0.0,0.0006206504767760634,0.0,0.1975806451612903,0.0,0.6004910199834296,0.9969015577268497,0.13661721235822288,9.179738551814102e-14,True,False,
dwbg_0_19997_23_000420,0,tiny,medium,elongated,0.0015581599436700344,0.0,0.004677982535213232,0.0,0.2338709677419355,0.0,0.22129012748120908,0.9768815110208893,0.04847190260202538,2.406247613936982e-14,False,False,
dwbg_0_19997_24_000421,0,medium,medium,elongated,0.1485663801431656,0.724642813205719,0.12444446980953217,0.020035389810800552,0.20564516129032256,0.27401983684596576,0.7119401519215077,0.4855857921031003,0.13263894428175846,0.012347803690725426,True,False,
dwbg_0_19997_25_000422,0,tiny,low,elongated,0.03996555134654045,0.6918701529502869,0.0304398275911808,0.3488565981388092,0.2282006048387097,0.0,0.7534029561264801,0.15009570895642202,0.02914580361243227,5.78151836189279e-14,True,False,
dwbg_0_19997_26_000423,0,tiny,low,elongated,0.0,0.0,0.0598338283598423,0.0,0.2282006048387097,0.0,0.5841465273617665,0.7414339913492958,0.0969376391577447,8.772749656794891e-14,True,False,
dwbg_0_19997_27_000424,0,medium,low,compact,0.2777867317199707,0.6503598690032959,0.20645952224731445,0.32275718450546265,0.1944304435483871,0.7510440676492361,0.5256407810195739,0.0709284587081481,0.022733120154986554,0.0128441756526513,True,False,
dwbg_0_19997_28_000425,0,tiny,high,medium,0.003261079080402851,0.6965999603271484,0.019510412588715553,0.34843671321868896,0.22983870967741937,0.0,0.6488494240683266,0.15885941837332154,0.023312783532280144,4.787905214414211e-14,True,False,
dwbg_0_19997_29_000426,0,medium,low,elongated,0.02994118444621563,0.8225877285003662,0.030434442684054375,0.3975920081138611,0.19997479838709675,0.0,0.4253597648736348,0.11763928372830848,0.012674116403685631,1.9027689867900907e-14,True,False,
dwbg_0_19997_3_000427,0,tiny,low,elongated,0.0,0.0,0.0018709289142861962,0.28380218148231506,0.2282006048387097,0.0,0.7237339520070949,0.23970038005874375,0.03882807110646268,6.878909134316218e-14,True,False,
dwbg_0_19997_31_000428,0,tiny,medium,elongated,0.08361927419900894,0.5962770581245422,0.08426977694034576,0.3020775616168976,0.2338709677419355,0.07493822540777872,0.6478644217198953,0.14489633941859828,0.02812278826498295,0.0009523274935399647,True,False,
dwbg_0_19997_32_000429,0,tiny,low,elongated,0.0011778342304751277,0.0,0.018256163224577904,0.2292611449956894,0.2282006048387097,0.0,0.6838227042912739,0.29008347833365933,0.04458314713651965,6.950140154851987e-14,True,False,
dwbg_0_19997_34_000430,0,medium,medium,elongated,0.0015429373597726226,0.0,0.0007898052572272718,0.29573166370391846,0.20564516129032256,0.0,0.595260848120876,0.2270449315359702,0.030855901438041285,4.5002369286014907e-14,True,False,
dwbg_0_19997_35_000431,0,large,low,elongated,0.5751597881317139,0.3352144658565521,0.043488603085279465,0.027069328352808952,0.1919102822580645,0.0,0.7640025310714658,0.7027249909815645,0.48262519082949645,1.0743187104815737e-13,True,True,anchor
dwbg_0_19997_36_000432,0,medium,low,elongated,0.0014151089126244187,0.6652608513832092,0.007346341386437416,0.33973902463912964,0.19997479838709675,0.0,0.7439498778883438,0.17632492343265901,0.030041737100757273,5.388248724795461e-14,True,False,
dwbg_0_19997_38_000433,0,large,low,compact,0.0010379934683442116,0.0,0.0004952177405357361,0.3651934862136841,0.18636592741935484,0.0,0.41144481434545005,0.16066344273413272,0.015246873308879538,1.9714802869729702e-14,True,False,
dwbg_0_19997_39_000434,0,medium,medium,elongated,0.01531470101326704,0.0,0.0031161694787442684,0.0,0.20564516129032256,0.0,0.7077182780564697,0.984539906048603,0.16700526460857282,1.2148587205116835e-13,True,False,
dwbg_0_19997_4_000435,0,tiny,medium,elongated,0.0,0.0,0.0,0.0,0.2338709677419355,0.0,0.5380131486959334,1.0,0.11997472954660184,9.229233785902365e-14,True,False,
dwbg_0_19997_41_000436,0,tiny,medium,elongated,0.010278468951582909,0.7296404242515564,0.0030695153400301933,0.35037603974342346,0.2338709677419355,0.0,0.6227781899755326,0.17080584525355438,0.024597659779730132,4.750373631646192e-14,True,False,
dwbg_0_19997_42_000437,0,medium,medium,compact,0.0,0.0,0.0026735353749245405,0.0,0.2001008064516129,0.0,0.6598029247559606,0.9867212737224754,0.14834478632839881,1.065288991944887e-13,True,False,
dwbg_0_19997_43_000438,0,tiny,low,elongated,0.0011147211771458387,0.0,0.001010539592243731,0.0,0.2282006048387097,0.0,0.23454600817367993,0.9949600454452296,0.05243739670193607,2.585602033383166e-14,False,False,
dwbg_0_19997_44_000439,0,tiny,medium,compact,0.013623123057186604,0.7623000741004944,0.028900159522891045,0.03716696426272392,0.2283266129032258,0.0,0.7439421666466782,0.7186824895044228,0.125553355820192,1.242034984401837e-13,True,False,
dwbg_0_19997_45_000440,0,medium,low,medium,0.0,0.0,0.0010950007708743215,0.2713128924369812,0.2040070564516129,0.0,0.7237863809497642,0.25613785943285977,0.04213904815838396,6.357665699347237e-14,True,False,
dwbg_0_19997_46_000441,0,tiny,high,elongated,0.0012867875630035996,0.0,0.0010273406514897943,0.0,0.22580645161290325,0.0,0.5094167607252365,0.994876467042438,0.11412642766602946,8.18899809596744e-14,True,False,
dwbg_0_19997_47_000442,0,tiny,low,medium,0.0,0.0,0.026611872017383575,0.0,0.2322328629032258,0.0,0.6368122187187494,0.8754131259671826,0.12444720046049125,1.1041988354710393e-13,True,False,
dwbg_0_19997_49_000443,0,medium,medium,elongated,0.06757186353206635,0.38904863595962524,0.052897267043590546,0.2463276982307434,0.20564516129032256,0.0,0.6591430032944422,0.2239965057964693,0.042558595900453695,5.20845104844594e-14,True,False,
dwbg_0_19997_5_000444,0,tiny,medium,medium,0.0,0.0,0.021381951868534088,0.0,0.23790322580645162,0.0,0.7344798782890007,0.89860676019629,0.14679138745656226,1.4195641569544054e-13,True,False,
dwbg_0_19997_50_000445,0,tiny,low,compact,0.0,0.0,0.006420162506401539,0.3412398099899292,0.22265625,0.0,0.6198254558093416,0.17581906324715288,0.024478672147553258,4.555876931883324e-14,True,False,
dwbg_0_19997_52_000446,0,tiny,high,elongated,0.0,0.0,0.0010510898428037763,0.0,0.22580645161290325,0.0,0.633940957939228,0.9947583364985912,0.1413634393596877,1.1367588854341009e-13,True,False,
dwbg_0_19997_53_000447,0,medium,high,compact,0.03823543339967728,0.47095102071762085,0.0350494459271431,0.2261589616537094,0.19203629032258063,0.0,0.4872996624757448,0.2708901101597612,0.03459875600124075,3.3999618863290285e-14,True,False,
dwbg_0_19997_54_000448,0,tiny,low,elongated,0.0,0.0,0.0009822517167776823,0.21560600399971008,0.2282006048387097,0.0,0.5212019825680396,0.3385981481003089,0.039499244076316525,4.996526199051217e-14,True,False,
dwbg_0_19997_56_000449,0,medium,low,medium,0.0,0.0,0.029402226209640503,0.28092867136001587,0.2040070564516129,0.0,0.7133343696622728,0.21189710246946028,0.034357274632505506,5.6577978072922695e-14,True,False,
dwbg_0_19997_58_000450,0,medium,medium,elongated,0.0,0.0,0.08145512640476227,0.26009178161621094,0.20564516129032256,0.0,0.6957034290744439,0.18127600129691102,0.028636349825195796,5.080715391792383e-14,True,False,
dwbg_0_19997_6_000451,0,tiny,high,medium,0.0010414196876809,0.0,0.01245229784399271,0.2838344871997833,0.22983870967741937,0.0,0.5358200182135814,0.22731150687750512,0.027332164049204456,4.297959190704731e-14,True,False,
dwbg_0_19997_60_000452,0,large,high,compact,0.06981690973043442,0.5333391427993774,0.022550003603100777,0.018712865188717842,0.18397177419354838,0.050702208033974995,0.6304893309967151,0.8135772929757559,0.151053496942824,0.0009484349038065467,True,True,hard
dwbg_0_19997_61_000453,0,tiny,low,elongated,0.0,0.0,0.0,0.0,0.2282006048387097,0.0,0.5439424643086614,1.0,0.12174499362886711,9.154744707166982e-14,True,False,
dwbg_0_19997_62_000454,0,medium,medium,medium,0.0032739031594246626,0.0,0.003622801275923848,0.0,0.20967741935483872,0.0,0.43549336413018175,0.9820490661173527,0.09799027680515957,5.971598069803122e-14,True,False,
dwbg_0_19997_63_000455,0,medium,low,compact,0.0,0.0,0.0015532331308349967,0.0,0.1944304435483871,0.0,0.5799925268718614,0.9922639130944273,0.1315973207548495,8.554831544064904e-14,True,False,
dwbg_0_19997_64_000456,0,tiny,low,elongated,0.00698058633133769,0.0,0.002488993341103196,0.243704155087471,0.2282006048387097,0.0,0.7004875697047834,0.2920104346811657,0.04692462677539627,7.229639234071802e-14,True,False,
dwbg_0_19997_65_000457,0,medium,low,compact,0.26442328095436096,0.7030085921287537,0.25897520780563354,0.332254558801651,0.1944304435483871,0.8598329068385689,0.7626476008045361,0.05201886524420623,0.0230750704681731,0.023547871630906294,True,True,hard
dwbg_0_19997_66_000458,0,tiny,low,elongated,0.1623997539281845,0.7661001086235046,0.15994399785995483,0.05802870914340019,0.2282006048387097,0.3383293314981505,0.33607917357704187,0.33626237861567737,0.044878487617147446,0.005073735326901368,False,False,
dwbg_0_19997_67_000459,0,tiny,low,elongated,0.0,0.0,0.0,0.0,0.2282006048387097,0.0,0.5031559935163883,1.0,0.11261618138755705,8.144618878490836e-14,True,False,
dwbg_0_19997_68_000460,0,tiny,low,elongated,0.012162411585450172,0.0,0.03496375307440758,0.0,0.2282006048387097,0.0,0.3952033776219164,0.8396091732372881,0.07752567242189348,5.195009547761129e-14,True,False,
dwbg_0_19997_69_000461,0,medium,high,elongated,0.1103496104478836,0.4788062572479248,0.09953508526086807,0.2697935998439789,0.1975806451612903,0.0,0.7095507606530761,0.15776583132811017,0.03771817714290492,4.690574943377744e-14,True,False,
dwbg_0_19997_7_000462,0,tiny,low,elongated,0.05508798360824585,0.5760225057601929,0.05847540497779846,0.008211813867092133,0.2282006048387097,0.030589580265631626,0.7323003987354989,0.7164576829608839,0.1426424058823874,0.0006475991141033209,True,False,
dwbg_0_19997_73_000463,0,tiny,high,elongated,0.009882943704724312,0.5507338047027588,0.020559124648571014,0.26082757115364075,0.22580645161290325,0.0,0.7285712408228439,0.24489310273670065,0.041416516549447675,6.949165570178813e-14,True,False,
dwbg_0_19997_74_000464,0,medium,low,elongated,0.0,0.0,0.007371220272034407,0.27008551359176636,0.19997479838709675,0.0,0.7244432462186252,0.24975279525122637,0.04122991973900338,6.162217150415294e-14,True,False,
dwbg_0_19997_75_000465,0,tiny,high,elongated,0.002663505496457219,0.5518280863761902,0.05063290148973465,0.27674561738967896,0.22580645161290325,0.0,0.5541430846844299,0.19458375446467385,0.024399636749873763,4.1088710554009804e-14,True,False,
dwbg_0_19997_8_000466,0,tiny,high,compact,0.005973581690341234,0.0,0.022018207237124443,0.33610397577285767,0.22026209677419356,0.0,0.462717622745668,0.16685820233651522,0.017739591344045805,2.831963224840094e-14,True,False,
dwbg_0_19997_9_000467,0,medium,high,medium,0.03028455376625061,0.0,0.019394831731915474,0.32822248339653015,0.20161290322580644,0.0,0.6896880116375476,0.17585656713886472,0.03072568802057284,4.8425781106082087e-14,True,False,
dwbg_1_19997_10_000468,1,tiny,high,elongated,0.0011220446322113276,0.2659003734588623,0.0008943534339778125,0.03064822591841221,0.7458333333333332,0.3776729679702531,0.5990544702246237,0.854094960199741,0.00613443439241253,0.16961848663123935,True,False,
dwbg_1_19997_11_000469,1,tiny,medium,compact,0.0,0.0,0.0005339334602467716,0.1806497871875763,0.7958333333333333,0.0,0.7495919020063618,0.4041704422474301,0.0032269013993070097,2.9292254062993818e-05,True,False,
dwbg_1_19997_13_000470,1,large,medium,elongated,0.49826788902282715,0.45929381251335144,0.06231289729475975,0.04348377510905266,0.7500000000000001,0.8387295811934561,0.6950813518402762,0.5892036721265572,0.20477224246549108,0.2645995208265182,True,True,hard
dwbg_1_19997_14_000471,1,tiny,high,elongated,0.0013938001357018948,0.0,0.0007434660219587386,0.13523925840854645,0.7458333333333332,0.0,0.3816170622118818,0.5066607547409067,0.0023231479889453516,1.0808439417182485e-05,True,False,
dwbg_1_19997_15_000472,1,large,medium,compact,0.030632587149739265,0.5817144513130188,0.024918800219893456,0.054916296154260635,0.7708333333333334,0.4422126716142217,0.494724498766448,0.6708729649805044,0.004767473855342801,0.12826896570177576,True,False,
dwbg_1_19997_16_000473,1,tiny,high,elongated,0.2555283010005951,0.5233591794967651,0.11043232679367065,0.017534079030156136,0.7458333333333332,0.9310901125088421,0.7521419974475883,0.527381001254977,0.035289154852797204,0.2944221909335459,True,True,hard
dwbg_1_19997_19_000474,1,medium,high,elongated,0.428496778011322,0.6273285150527954,0.17077438533306122,0.044857706874608994,0.6958333333333333,0.9519012740805528,0.6184973617961028,0.34022079977730646,0.08000170603098536,0.16067229830731583,True,True,anchor
dwbg_1_19997_20_000475,1,tiny,high,elongated,0.00222768378444016,0.2188352793455124,0.0026723549235612154,0.11906599253416061,0.7458333333333332,0.332636062665377,0.6976050533672459,0.5440621799450021,0.004590320360187685,0.159656294392401,True,False,
dwbg_1_19997_21_000476,1,tiny,high,elongated,0.00984781514853239,0.28021183609962463,0.0511358417570591,0.13733001053333282,0.7458333333333332,0.39628244743422136,0.5558406208160396,0.3897190198449245,0.0027820051006246485,0.10489778690772616,True,False,
dwbg_1_19997_22_000477,1,medium,medium,compact,0.004397713579237461,0.0,0.046877965331077576,0.31915807723999023,0.7458333333333332,0.0,0.605095385723716,0.1603846617927819,0.0011939770073726476,1.214171017467372e-05,True,False,
dwbg_1_19997_23_000478,1,medium,low,elongated,0.003083863528445363,0.5195274353027344,0.024648720398545265,0.25945520401000977,0.7541666666666667,0.38181982423333527,0.6648031953811452,0.24158844959240403,0.0019232887515572038,0.10782214493439761,True,True,hard
dwbg_1_19997_24_000479,1,medium,high,elongated,0.022841844707727432,0.0,0.07861436158418655,0.2138861119747162,0.6958333333333333,0.0,0.6046943208634937,0.23165586066276347,0.002180162975259562,1.3136610547659902e-05,True,False,
dwbg_1_19997_25_000480,1,large,low,elongated,0.05475820228457451,0.3707512617111206,0.06174715980887413,0.20151937007904053,0.7791666666666667,0.4979071062727517,0.6893403043327939,0.2681167793760616,0.0031516736032893254,0.1438242817688027,True,True,hard
dwbg_1_19997_26_000481,1,tiny,high,elongated,0.0,0.0,0.001996489241719246,0.0,0.7458333333333332,0.0,0.6271882011407295,0.9900672130299647,0.007379478903801997,3.183404623907232e-05,True,False,
dwbg_1_19997_27_000482,1,tiny,high,elongated,0.0,0.0,0.025761933997273445,0.12111468613147736,0.7458333333333332,0.0,0.43201490385227936,0.4798013568440706,0.0024633342116495475,1.2668976021176262e-05,True,False,
dwbg_1_19997_29_000483,1,large,low,elongated,0.005981373600661755,0.3906038999557495,0.026101931929588318,0.21147207915782928,0.7791666666666667,0.3879842540694809,0.6546114249496898,0.3048699290590307,0.002317387955825858,0.12528101507840972,True,True,hard
dwbg_1_19997_30_000484,1,tiny,high,elongated,0.007083065342158079,0.2538243234157562,0.07580061256885529,0.12130226194858551,0.7458333333333332,0.3903403638665443,0.7811834694855324,0.373247189428987,0.0036639237786155817,0.16975096635095518,True,False,
dwbg_1_19997_31_000485,1,medium,high,elongated,0.23293815553188324,0.5741018056869507,0.08623809367418289,0.041741736233234406,0.6958333333333333,0.8961676237358018,0.7563805728019458,0.5273456044096914,0.03249078253193884,0.2624887428337298,True,True,hard
dwbg_1_19997_32_000486,1,medium,high,medium,0.22082382440567017,0.5730522274971008,0.15857066214084625,0.2876175045967102,0.6749999999999999,0.8750345788414544,0.7198275357368957,0.10742731134177172,0.005918423588660234,0.10384086661154998,True,False,
dwbg_1_19997_33_000487,1,tiny,high,elongated,0.21863573789596558,0.5902841091156006,0.14864811301231384,0.0498138889670372,0.7458333333333332,0.8710529124745374,0.721812331551088,0.37071933581913075,0.017801795477447376,0.2244626147603053,True,True,hard
dwbg_1_19997_34_000488,1,medium,high,compact,0.1223321184515953,0.6257723569869995,0.10075856000185013,0.2959548234939575,0.7166666666666666,0.6605639663860808,0.6278380332305891,0.13757763301221324,0.00284112344641656,0.09098684278879006,True,False,
dwbg_1_19997_35_000489,1,tiny,high,compact,0.1148395985364914,0.5044800639152527,0.11413665115833282,0.24019141495227814,0.7666666666666665,0.6424904569418723,0.8159601781218422,0.17005381545055145,0.003904405885178841,0.163545970776325,True,False,
dwbg_1_19997_5_000490,1,large,high,elongated,0.05913729965686798,0.0,0.11404804140329361,0.1887533962726593,0.7208333333333333,0.0,0.7507361650837333,0.22002652133346742,0.0032781427791362186,1.8673288830070374e-05,True,False,
dwbg_1_19997_7_000491,1,large,medium,compact,0.0,0.0,0.01174265705049038,0.29561030864715576,0.7708333333333334,0.0,0.48254439433065927,0.21507578416197484,0.00117113875899448,1.0520645809469259e-05,True,False,
dwbg_1_19997_8_000492,1,tiny,high,compact,0.009843260049819946,0.412678986787796,0.053052403032779694,0.20358112454414368,0.7666666666666665,0.396272623320038,0.39442031974960506,0.2771579723986308,0.0013451050592631912,0.05510734856929339,True,False,
dwbg_1_19997_9_000493,1,tiny,high,elongated,0.0,0.0,0.000982536468654871,0.0,0.7458333333333332,0.0,0.5426893849004254,0.9950993651440618,0.006417722185162189,2.5687562663776482e-05,True,False,
dwbg_0_24571_0_000494,0,large,low,compact,0.3793165385723114,0.45717281103134155,0.11291017383337021,0.0383932888507843,0.18636592741935484,0.0,0.6816562763338061,0.4692980020819866,0.28054996153810746,7.185202697064785e-14,True,True,anchor
dwbg_0_24571_10_000495,0,medium,low,elongated,0.0010865291114896536,0.0,0.0008061658591032028,0.0,0.19997479838709675,0.0,0.26378355970161393,0.9959772835926725,0.06009813310492664,2.7037813692240587e-14,False,False,
dwbg_0_24571_11_000496,0,tiny,high,elongated,0.10399380326271057,0.5727624297142029,0.03974403440952301,0.2761949598789215,0.22580645161290325,0.12123706274578352,0.7078791422399169,0.2060379360752122,0.047199652869754465,0.002576924677975665,True,False,
dwbg_0_24571_12_000497,0,tiny,medium,elongated,0.0,0.0,0.0029896677006036043,0.0,0.2338709677419355,0.0,0.30163326546605457,0.9851628332751676,0.06626499122183899,3.8454677716316404e-14,False,False,
dwbg_0_24571_13_000498,0,medium,high,elongated,0.0042269486002624035,0.7239472270011902,0.0027647700626403093,0.3692484200000763,0.1975806451612903,0.0,0.7074821488728639,0.15566236404774547,0.02551098603668338,4.638840492676127e-14,True,False,
dwbg_0_24571_15_000499,0,tiny,low,elongated,0.0,0.0,0.0060846139676868916,0.2149258852005005,0.2282006048387097,0.0,0.6477099237182025,0.33119349550455995,0.04801318283543913,6.845867940031934e-14,True,False,
dwbg_0_24571_16_000500,0,large,low,elongated,0.21365319192409515,0.6774714589118958,0.06544855237007141,0.026058074086904526,0.1919102822580645,0.6644052015705461,0.6090049056814373,0.6328428611497666,0.18767372229711274,0.03929406046798741,True,True,hard
dwbg_0_24571_19_000501,0,tiny,low,compact,0.002804342657327652,0.41834571957588196,0.0031480826437473297,0.26363417506217957,0.22265625,0.0,0.6656516777652399,0.26344483479650954,0.039782248082671584,6.206550320524441e-14,True,False,
dwbg_0_24571_2_000502,0,medium,low,elongated,0.01983197033405304,0.723942756652832,0.05281484127044678,0.07011711597442627,0.19997479838709675,0.0,0.720928775597992,0.5408248600814728,0.09529205109593858,9.002064736622334e-14,True,False,
dwbg_0_24571_20_000503,0,medium,low,compact,0.002193083520978689,0.5621200799942017,0.07313138991594315,0.28395113348960876,0.1944304435483871,0.0,0.7070363034877472,0.1677278393576055,0.027327955659148792,4.734012645163e-14,True,False,
dwbg_0_24571_21_000504,0,medium,medium,elongated,0.0,0.0,0.020019259303808212,0.24268318712711334,0.20564516129032256,0.0,0.712303470216189,0.26887404797974235,0.04348777102148228,6.410479686533151e-14,True,False,
dwbg_0_24571_22_000505,0,tiny,low,elongated,0.0,0.0,0.0,0.0,0.2282006048387097,0.0,0.6861285127759813,1.0,0.15356902043429188,1.29695525166286e-13,True,False,
dwbg_0_24571_24_000506,0,tiny,medium,elongated,0.0,0.0,0.0,0.0,0.2338709677419355,0.0,0.23269657289750245,1.0,0.05189038310209981,2.6251933378892743e-14,False,False,
dwbg_0_24571_25_000507,0,medium,high,elongated,0.0018848662730306387,0.0,0.11722762882709503,0.2370983213186264,0.1975806451612903,0.0,0.7244080244438282,0.17005561459958288,0.028301605147597428,5.023596688971638e-14,True,False,
dwbg_0_24571_26_000508,0,medium,medium,elongated,0.08446775376796722,0.4942569434642792,0.05246813967823982,0.3256073296070099,0.20564516129032256,0.0,0.743982965663288,0.15101481318342883,0.034376109699705316,5.1282921488326756e-14,True,False,
dwbg_0_24571_28_000509,0,large,low,compact,0.3979969024658203,0.5672565698623657,0.0963863804936409,0.06551536172628403,0.18636592741935484,0.25421171362362577,0.8264829262685811,0.44507667374844734,0.33180527305738855,0.011973692434393226,True,True,hard
dwbg_0_24571_29_000510,0,tiny,high,medium,0.0014099361142143607,0.0,0.001959841698408127,0.2696748375892639,0.22983870967741937,0.0,0.6894736094673161,0.25713002287553954,0.03983539922393632,6.67230730827977e-14,True,False,
dwbg_0_24571_3_000511,0,tiny,high,elongated,0.022218750789761543,0.0,0.09123985469341278,0.32563966512680054,0.22580645161290325,0.0,0.5340105649032694,0.12438202544594995,0.016104524924348593,3.107706043319459e-14,True,False,
dwbg_0_24571_30_000512,0,tiny,high,elongated,0.007193427532911301,0.5401290655136108,0.008165828883647919,0.024363404139876366,0.22580645161290325,0.0,0.7040312854668339,0.8498918566031224,0.13758040158376728,1.2297196648644977e-13,True,False,
dwbg_0_24571_32_000513,0,tiny,low,elongated,0.0,0.0,0.0036279840860515833,0.3590116500854492,0.2282006048387097,0.0,0.6951682189144041,0.16313157897169125,0.025382014963637727,5.342206542478266e-14,True,False,
dwbg_0_24571_33_000514,0,tiny,high,elongated,0.0,0.0,0.0006687304703518748,0.0,0.22580645161290325,0.0,0.7615189354636912,0.9966619314286248,0.17013719981499098,1.498067358887295e-13,True,False,
dwbg_0_24571_34_000515,0,tiny,medium,compact,0.0011576501419767737,0.0,0.0010852713603526354,0.0,0.2283266129032258,0.0,0.5161428124484488,0.994588339278233,0.11535888600490309,8.44370480304661e-14,True,False,
dwbg_0_24571_35_000516,0,large,low,elongated,0.0,0.0,0.0028595728799700737,0.3099892735481262,0.1919102822580645,0.0,0.5307624033330448,0.20924609490247045,0.02543508737217404,3.39451047289322e-14,True,False,
dwbg_0_24571_36_000517,0,medium,high,elongated,0.07403342425823212,0.7754747867584229,0.05553103983402252,0.030063927173614502,0.1975806451612903,0.057531747147189546,0.7580200642133658,0.6518278178144856,0.14644732127801965,0.001452757884010742,True,False,
dwbg_0_24571_37_000518,0,tiny,low,elongated,0.035889849066734314,0.0,0.019080080091953278,0.2977737784385681,0.2282006048387097,0.0,0.5252556892583211,0.20509760470260718,0.027369206083948307,3.9341710026075255e-14,True,False,
dwbg_0_24571_4_000519,0,medium,low,elongated,0.15941794216632843,0.0,0.10216858237981796,0.3549209535121918,0.19997479838709675,0.0,0.7086879518658316,0.10172851014621226,0.028843199793418636,3.8052148593666795e-14,True,False,
dwbg_0_24571_40_000520,0,large,low,compact,0.002075623255223036,0.4598190188407898,0.0004710698558483273,0.02160217985510826,0.18636592741935484,0.0,0.5571230897625522,0.8955060974145177,0.11549492827216644,7.333774051109946e-14,True,False,
dwbg_0_24571_41_000521,0,medium,medium,elongated,0.005301381926983595,0.0,0.0034531112760305405,0.0,0.20564516129032256,0.0,0.58719481601209,0.9828826392195199,0.13352608052328688,9.173660138266477e-14,True,False,
dwbg_0_24571_42_000522,0,medium,low,elongated,0.010971429757773876,0.0,0.006189762149006128,0.31414705514907837,0.19997479838709675,0.0,0.6888648662822068,0.20155679293971754,0.03288914518118955,5.1330446295648945e-14,True,False,
dwbg_0_24571_43_000523,0,tiny,high,medium,0.007633098866790533,0.0,0.00392055744305253,0.0,0.22983870967741937,0.0,0.5643200140129617,0.9805880980885061,0.12710225876000417,9.648385856040519e-14,True,False,
dwbg_0_24571_45_000524,0,medium,low,elongated,0.051574911922216415,0.6342399716377258,0.16571907699108124,0.12537148594856262,0.19997479838709675,0.026614200984164338,0.7295573120704689,0.2332947007105355,0.04653137430970124,0.00026132861983164463,True,False,
dwbg_0_24571_46_000525,0,large,high,elongated,0.0,0.0,0.003272209782153368,0.27982670068740845,0.18951612903225806,0.0,0.8038215543930433,0.2428055037189909,0.04476476330405313,6.729997638702237e-14,True,False,
dwbg_0_24571_47_000526,0,tiny,medium,compact,0.0,0.0,0.0,0.0,0.2283266129032258,0.0,0.4611398940030608,1.0,0.10320372829186474,7.149992352736802e-14,True,False,
dwbg_0_24571_5_000527,0,medium,medium,medium,0.012829787097871304,0.7385656237602234,0.017857855185866356,0.3856521546840668,0.20967741935483872,0.0,0.8103513766678406,0.13298086286456187,0.025537804459433922,5.577714714846354e-14,True,False,
dwbg_0_24571_51_000528,0,medium,low,elongated,0.010817687958478928,0.7352275848388672,0.005760903470218182,0.05876518413424492,0.19997479838709675,0.0,0.8179694541295377,0.7242414570221648,0.14025095716139566,1.2589908882188233e-13,True,False,
dwbg_0_24571_52_000529,0,medium,high,elongated,0.0067148711532354355,0.6861540079116821,0.016330303624272346,0.3357170522212982,0.1975806451612903,0.0,0.6516517581742093,0.1720041319954541,0.02619374007301734,4.3105947552723506e-14,True,False,
dwbg_0_24571_53_000530,0,medium,low,elongated,0.037425361573696136,0.7528243660926819,0.005629262421280146,0.014279535971581936,0.19997479838709675,0.0,0.6845056660068105,0.9052501252613304,0.16115011697274156,1.0775194927150845e-13,True,False,
dwbg_0_24571_55_000531,0,tiny,high,medium,0.0,0.0,0.003801062935963273,0.0,0.22983870967741937,0.0,0.3037543943037813,0.9811741476025103,0.06663546600022954,3.8113609265780594e-14,False,False,
dwbg_0_24571_56_000532,0,tiny,medium,elongated,0.017697513103485107,0.7426892518997192,0.014088374562561512,0.014983764849603176,0.2338709677419355,0.0,0.6345917702489189,0.8647103383760296,0.1302563641240296,1.099393821295311e-13,True,False,
dwbg_0_24571_57_000533,0,tiny,low,elongated,0.0018354615895077586,0.0,0.0018375569488853216,0.14040225744247437,0.2282006048387097,0.0,0.513269245068191,0.49105503398635747,0.05677903573192553,5.880303451452488e-14,True,False,
dwbg_0_24571_58_000534,0,tiny,medium,medium,0.0,0.0,0.0,0.0,0.23790322580645162,0.0,0.4598763534016835,1.0,0.10228031820379381,7.419283208259281e-14,True,False,
dwbg_0_24571_60_000535,0,medium,low,medium,0.06052938848733902,0.0,0.013208664953708649,0.2121790647506714,0.2040070564516129,0.0,0.786971243364432,0.3240236900184354,0.07177126298111051,8.107218277772382e-14,True,False,
dwbg_0_24571_61_000536,0,tiny,medium,elongated,0.007582420948892832,0.0,0.024338455870747566,0.0,0.2338709677419355,0.0,0.49369088778271103,0.8854207888431526,0.10012175006261358,7.633678005045854e-14,True,False,
dwbg_0_24571_62_000537,0,tiny,high,elongated,0.0,0.0,0.0,0.0,0.22580645161290325,0.0,0.5320416441528374,1.0,0.11926591122962431,8.763039846788571e-14,True,False,
dwbg_0_24571_63_000538,0,tiny,high,medium,0.0021156410221010447,0.5627204179763794,0.004347681533545256,0.2700062692165375,0.22983870967741937,0.0,0.7102061249590824,0.2536576505085793,0.04058011085357293,6.928253626024387e-14,True,False,
dwbg_0_24571_64_000539,0,large,low,elongated,0.12044093757867813,0.7137213945388794,0.060831449925899506,0.3391150236129761,0.1919102822580645,0.1687565931951655,0.7804825232466014,0.13537150817776336,0.03702095654105363,0.0033751865056428645,True,True,hard
dwbg_0_24571_66_000540,0,tiny,low,elongated,0.0,0.0,0.0012493884423747659,0.0,0.2282006048387097,0.0,0.5588641226421444,0.9937725293645893,0.12430579184184574,9.504288924328202e-14,True,False,
dwbg_0_24571_67_000541,0,medium,low,elongated,0.0019973856396973133,0.6043590307235718,0.0011151778744533658,0.050076138228178024,0.19997479838709675,0.0,0.7645847853901844,0.7741755823690138,0.13583936159662052,1.176341665593315e-13,True,False,
dwbg_0_24571_68_000542,0,tiny,low,elongated,0.0,0.0,0.0,0.0,0.2282006048387097,0.0,0.09987704745625457,1.0,0.022354442434801003,7.203031834568358e-15,False,False,
dwbg_0_24571_69_000543,0,medium,high,elongated,0.10856055468320847,0.0,0.060666605830192566,0.0,0.1975806451612903,0.0,0.357855102791515,0.7383531622943977,0.08846720993510004,3.6344382156254576e-14,False,False,
dwbg_0_24571_7_000544,0,medium,low,elongated,0.0,0.0,0.0,0.0,0.19997479838709675,0.0,0.43324008339393294,1.0,0.09872483000204786,5.702538338520814e-14,True,False,
dwbg_0_24571_70_000545,0,tiny,medium,elongated,0.009545007720589638,0.6355935335159302,0.008661926724016666,0.01563805714249611,0.2338709677419355,0.0,0.6737781070434379,0.88559112478723,0.13762050406166149,1.217217769062245e-13,True,False,
dwbg_0_24571_71_000546,0,medium,low,medium,0.09639749675989151,0.5070200562477112,0.0888865664601326,0.25701040029525757,0.2040070564516129,0.10242811286888939,0.6506420105711012,0.1773757644391155,0.03686809570151605,0.0014782035424809553,True,False,
dwbg_0_24571_73_000547,0,tiny,high,medium,0.0075474088080227375,0.0,0.004442410543560982,0.0,0.22983870967741937,0.0,0.6714345314148291,0.9780328185430957,0.1507880425804903,1.2505624906270433e-13,True,False,
dwbg_0_24571_74_000548,0,tiny,medium,compact,0.027629023417830467,0.670764148235321,0.15478003025054932,0.32790040969848633,0.2283266129032258,0.0,0.6917198441629088,0.08951024421530965,0.015276765095602244,3.929961154704292e-14,True,False,
dwbg_0_24571_75_000549,0,large,low,elongated,0.4726908504962921,0.529663622379303,0.08854571729898453,0.06414808332920074,0.1919102822580645,0.1382718305250415,0.7730356366615109,0.4660469013995323,0.3238612072201718,0.004578391197301266,True,True,hard
dwbg_0_24571_8_000550,0,large,high,compact,0.34093955159187317,0.514756441116333,0.21323293447494507,0.0932784453034401,0.18397177419354838,0.4151960549215833,0.7543148668114202,0.21598271473136443,0.12495663991170741,0.014985440819293686,True,True,hard
dwbg_0_24571_9_000551,0,tiny,high,compact,0.14875617623329163,0.8113340735435486,0.13127684593200684,0.121369369328022,0.22026209677419356,0.2748429328812033,0.7810611784141138,0.2827389977572123,0.0840021582438105,0.011648957644748974,True,True,hard
dwbg_1_24571_0_000552,1,tiny,high,elongated,0.16617372632026672,0.4863990247249603,0.04855717718601227,0.03618085756897926,0.7458333333333332,0.7631224381611342,0.6823179819184637,0.6546266710028356,0.019655471220141954,0.2565883113930548,True,True,hard
dwbg_1_24571_11_000553,1,large,medium,elongated,0.008089320734143257,0.5082796216011047,0.019027747213840485,0.24032653868198395,0.7500000000000001,0.3924982105931868,0.8172316085373038,0.27341310306726063,0.0028068214501956543,0.15719478397250114,True,False,
dwbg_1_24571_12_000554,1,medium,high,medium,0.015596505254507065,0.5158379673957825,0.013414734974503517,0.26204028725624084,0.6749999999999999,0.40876879409761435,0.7409661691021302,0.2522650114896642,0.0028402864891766775,0.11358490129948272,True,False,
dwbg_1_24571_13_000555,1,tiny,medium,elongated,0.004297869745641947,0.0,0.013277746737003326,0.220546156167984,0.775,0.0,0.5703591410744115,0.3106403351912369,0.002049301713375403,1.6379629965232252e-05,True,False,
dwbg_1_24571_14_000556,1,tiny,high,compact,0.19742587208747864,0.710243284702301,0.07490328699350357,0.07551546394824982,0.7666666666666665,0.8300818936038826,0.548281718306076,0.47137856770703584,0.013938961569353434,0.17047508134101305,True,False,
dwbg_1_24571_15_000557,1,large,high,medium,0.11618362367153168,0.6341096758842468,0.10196293145418167,0.08074340969324112,0.7,0.6457384181198943,0.7287591788202202,0.40110513430098294,0.009425675821640866,0.1854302312969914,True,False,
dwbg_1_24571_16_000558,1,tiny,high,elongated,0.0,0.0,0.0,0.0,0.7458333333333332,0.0,0.6139560005269863,1.0,0.007296261410239631,3.098621688691905e-05,True,False,
dwbg_1_24571_18_000559,1,tiny,high,elongated,0.01470893993973732,0.32904765009880066,0.11398129910230637,0.18220281600952148,0.7458333333333332,0.4068296385575377,0.5783765851668637,0.22742822711880073,0.0017552652519404882,0.08618014360936829,True,False,
dwbg_1_24571_19_000560,1,tiny,medium,elongated,0.0018718455685302615,0.30422741174697876,0.017527999356389046,0.15004311501979828,0.775,0.37925529644929584,0.5894781640104294,0.4326372889506889,0.002893950005021303,0.1250782909844502,True,False,
dwbg_1_24571_2_000561,1,tiny,medium,elongated,0.14412890374660492,0.3352278470993042,0.09384547919034958,0.05098588019609451,0.775,0.7124373744717598,0.7465561891623543,0.4847331251414147,0.012594382499170225,0.2586252960945606,True,True,hard
dwbg_1_24571_20_000562,1,tiny,high,elongated,0.0,0.0,0.0,0.0,0.7458333333333332,0.0,0.42698916315242413,1.0,0.00507434498730436,1.7971650463522805e-05,True,False,
dwbg_1_24571_22_000563,1,tiny,high,medium,0.019573817029595375,0.27948296070098877,0.009963929653167725,0.15208441019058228,0.7249999999999999,0.4175079474186418,0.4879254345534131,0.4447505573688068,0.0031297466397763552,0.09066252707611891,True,False,
dwbg_1_24571_23_000564,1,tiny,high,elongated,0.12553122639656067,0.33900555968284607,0.11434486508369446,0.09387174993753433,0.7458333333333332,0.6682520591345903,0.4340801094034405,0.35307207122708184,0.004896476290632578,0.08947863456428687,True,False,
dwbg_1_24571_24_000565,1,tiny,medium,medium,0.002245216863229871,0.2917049527168274,0.0072021777741611,0.14029955863952637,0.7541666666666667,0.3800444294252936,0.6611981319663323,0.4783040398476493,0.0037621974362572314,0.15013005258253653,True,False,
dwbg_1_24571_25_000566,1,tiny,medium,medium,0.0,0.0,0.0,0.0,0.7541666666666667,0.0,0.6202424394901807,1.0,0.007249126936712886,3.1992134604037824e-05,True,True,anchor
dwbg_1_24571_28_000567,1,large,high,elongated,0.08832767605781555,0.5810919404029846,0.05221712961792946,0.2757023870944977,0.7208333333333333,0.5782325006458152,0.698109925768151,0.19405811875710044,0.003383700014741944,0.11957906934169546,True,False,
dwbg_1_24571_3_000568,1,large,high,medium,0.383478045463562,0.6077749133110046,0.18113304674625397,0.3316502869129181,0.7,0.9910738406026569,0.7565767736052244,0.07700255558251781,0.015429018364650668,0.10647119854324173,True,False,
dwbg_1_24571_30_000569,1,tiny,high,compact,0.021299762651324272,0.3666168451309204,0.007445452269166708,0.01859617792069912,0.7666666666666665,0.42132500141373386,0.7180602661986896,0.8779126735442342,0.00848943057558526,0.2484193895806132,True,True,hard
dwbg_1_24571_31_000570,1,medium,high,elongated,0.0,0.0,0.0735674723982811,0.26843419671058655,0.6958333333333333,0.0,0.7491588979577354,0.18086428319992898,0.001761515233785566,1.6006455187421066e-05,True,False,
dwbg_1_24571_32_000571,1,large,high,medium,0.0035843669902533293,0.48225468397140503,0.0763864815235138,0.11069346219301224,0.7,0.3828812744081412,0.5591654522964906,0.39242897302430174,0.0029142665091317025,0.09492271505513548,True,False,
dwbg_1_24571_34_000572,1,medium,high,medium,0.34609827399253845,0.5880062580108643,0.10555747151374817,0.008730892091989517,0.6749999999999999,0.9998782196891257,0.7567968198819648,0.5647106414621642,0.08775601526315274,0.2743539055281783,True,True,hard
dwbg_1_24571_35_000573,1,medium,high,compact,0.3995823562145233,0.6722341179847717,0.08448993414640427,0.06763264536857605,0.7166666666666666,0.9805248588957994,0.7747096628192565,0.46737988321090157,0.10579763555293205,0.28005838451305476,True,True,hard
dwbg_1_24571_5_000574,1,tiny,high,elongated,0.001680451910942793,0.2945118248462677,0.0017451820895075798,0.1391844004392624,0.7458333333333332,0.37885108728478273,0.602793974119034,0.49428257426750716,0.0035880357936409883,0.13044815954025538,True,False,
dwbg_1_24571_9_000575,1,tiny,high,elongated,0.06834942102432251,0.48031890392303467,0.022429630160331726,0.03202524036169052,0.7458333333333332,0.5301388163448167,0.7404005959168343,0.7616452730543006,0.011482342244203098,0.2607558142311057,True,True,hard
dwbg_0_30103_0_000576,0,tiny,low,medium,0.0,0.0,0.03550763428211212,0.0,0.2322328629032258,0.0,0.7103197331607052,0.8373290366952941,0.13277329128488805,1.2721917407175082e-13,True,False,
dwbg_0_30103_10_000577,0,tiny,high,elongated,0.035895757377147675,0.0,0.02467302978038788,0.0,0.22580645161290325,0.0,0.6481069198727323,0.8839408335993193,0.14577475425331726,1.1076892275775465e-13,True,False,
dwbg_0_30103_11_000578,0,large,high,compact,0.005622419063001871,0.45415204763412476,0.014090025797486305,0.13072071969509125,0.18397177419354838,0.0,0.679112382109131,0.48478308890221594,0.07728744023158196,7.168650392559437e-14,True,False,
dwbg_0_30103_13_000579,0,tiny,medium,elongated,0.17335720360279083,0.0,0.07410198450088501,0.0,0.2338709677419355,0.0,0.5570143822911283,0.6903821994450235,0.1581521059991644,8.0783137909797e-14,True,False,
dwbg_0_30103_14_000580,0,tiny,medium,elongated,0.010489318519830704,0.0,0.004588357638567686,0.0,0.2338709677419355,0.0,0.549072460423582,0.9773193736443437,0.12417871117699313,9.406738237966082e-14,True,False,
dwbg_0_30103_15_000581,0,tiny,medium,medium,0.0,0.0,0.0,0.0,0.23790322580645162,0.0,0.37405451434000164,1.0,0.08319282883163104,5.442553182840165e-14,True,False,
dwbg_0_30103_16_000582,0,tiny,high,elongated,0.05145743116736412,0.6259528994560242,0.05467682331800461,0.33191248774528503,0.22580645161290325,0.026486529750092722,0.6397907069230558,0.1447211407712782,0.024891111690220742,0.0001894945909372651,True,False,
dwbg_0_30103_17_000583,0,tiny,medium,compact,0.006220608949661255,0.0,0.04665965959429741,0.3032469153404236,0.2283266129032258,0.0,0.4820768203880852,0.1738551366227155,0.01917365955174974,3.18657887216836e-14,True,False,
dwbg_0_30103_18_000584,0,medium,low,elongated,0.0,0.0,0.001266256906092167,0.19662512838840485,0.19997479838709675,0.0,0.7113676513544197,0.3717785392906461,0.060266530867254954,7.31574559284675e-14,True,False,
dwbg_0_30103_19_000585,0,large,low,compact,0.006237823981791735,0.5671408176422119,0.0028698821552097797,0.03419129550457001,0.18636592741935484,0.0,0.7008571294810788,0.8308500976548042,0.13679732510647435,9.967175282628053e-14,True,False,
dwbg_0_30103_2_000586,0,large,medium,elongated,0.0,0.0,0.0008103737491182983,0.3977380394935608,0.1975806451612903,0.0,0.6381744575660737,0.1363211109699592,0.01985405233527434,3.719076266503908e-14,True,False,
dwbg_0_30103_20_000587,0,tiny,low,medium,0.31707635521888733,0.4533422291278839,0.16216391324996948,0.24313874542713165,0.2322328629032258,0.0,0.7050494839857004,0.1317942488385011,0.06354400828818886,4.991157841070702e-14,True,False,
dwbg_0_30103_21_000588,0,tiny,medium,elongated,0.4689387083053589,0.11214513331651688,0.15082314610481262,0.021145863458514214,0.2338709677419355,0.0,0.5445675903629169,0.42322765728668266,0.20173292774930005,6.114219410145947e-14,True,False,
dwbg_0_30103_22_000589,0,medium,medium,compact,0.033436309546232224,0.799431324005127,0.03598387911915779,0.09745901823043823,0.2001008064516129,0.0,0.7364749647084758,0.5131359358506248,0.096900155521219,9.059454256008135e-14,True,False,
dwbg_0_30103_23_000590,0,tiny,low,elongated,0.0,0.0,0.0,0.0,0.2282006048387097,0.0,0.12467631039993514,1.0,0.027905003950376563,1.0045989119740706e-14,False,False,
dwbg_0_30103_24_000591,0,tiny,high,elongated,0.0,0.0,0.0,0.0,0.22580645161290325,0.0,0.17525599422209104,1.0,0.03928652217183776,1.656706848596424e-14,False,False,
dwbg_0_30103_26_000592,0,large,high,compact,0.07359236478805542,0.5570378303527832,0.07131322473287582,0.2627832293510437,0.18397177419354838,0.056794172364804565,0.806318495867557,0.1881563015355934,0.04527607931138396,0.0007820349747961512,True,True,hard
dwbg_0_30103_27_000593,0,tiny,high,elongated,0.01809528097510338,0.7023778557777405,0.09176094084978104,0.33651748299598694,0.22580645161290325,0.0,0.7206330401668554,0.1174911674068614,0.020231915194311695,4.7348934546748176e-14,True,False,
dwbg_0_30103_28_000594,0,tiny,low,elongated,0.0,0.0,0.0,0.0,0.2282006048387097,0.0,0.39546538178629687,1.0,0.08851290999536614,5.675178156691495e-14,True,False,
dwbg_0_30103_3_000595,0,tiny,high,elongated,0.0010688763577491045,0.0,0.0005249251262284815,0.0,0.22580645161290325,0.0,0.5123859246773819,0.9973788156873268,0.11499184067759437,8.271079641194145e-14,True,False,
dwbg_0_30103_30_000596,0,tiny,low,elongated,0.0017430783482268453,0.35542649030685425,0.0007789216469973326,0.034862373024225235,0.2282006048387097,0.0,0.7886240259733034,0.8367696350164389,0.14860959839155433,1.4619238563838512e-13,True,False,
dwbg_0_30103_31_000597,0,medium,medium,medium,0.021221425384283066,0.433581680059433,0.014473158866167068,0.2792093753814697,0.20967741935483872,0.0,0.38449603588738834,0.23029074233733335,0.02161508436864425,2.3989859397778985e-14,True,False,
dwbg_0_30103_32_000598,0,medium,high,elongated,0.0,0.0,0.02313092350959778,0.0,0.1975806451612903,0.0,0.662015517925623,0.8907828309316318,0.13458189372709997,1.0044598282124239e-13,True,False,
dwbg_0_30103_33_000599,0,tiny,low,elongated,0.0,0.0,0.0006208872655406594,0.0,0.2282006048387097,0.0,0.6888380411323622,0.996900377452107,0.15369758028041916,1.3026218418093094e-13,True,False,
dwbg_0_30103_34_000600,0,tiny,high,elongated,0.0012047246564179659,0.0,0.004743124358355999,0.25346335768699646,0.22580645161290325,0.0,0.5135694300980214,0.2749867373692446,0.03179281001975002,4.35803754476726e-14,True,False,
dwbg_0_30103_35_000601,0,medium,medium,elongated,0.001458902028389275,0.639586865901947,0.0322795994579792,0.30309924483299255,0.20564516129032256,0.0,0.7905097915316445,0.18695371213552603,0.033731184888410606,6.249516545037714e-14,True,False,
dwbg_0_30103_36_000602,0,medium,high,compact,0.09030242264270782,0.4835873544216156,0.0810348317027092,0.0509469173848629,0.19203629032258063,0.0,0.755637812676185,0.5168985016859976,0.12303496412449781,9.068938730435469e-14,True,False,
dwbg_0_30103_37_000603,0,large,low,medium,0.003572867950424552,0.6052345633506775,0.004641114268451929,0.08932002633810043,0.19594254032258066,0.0,0.7404493405709764,0.6251237161260369,0.10708517616023412,9.87085444891337e-14,True,False,
dwbg_0_30103_38_000604,0,medium,low,compact,0.037666596472263336,0.671447217464447,0.015939587727189064,0.06677717715501785,0.1944304435483871,0.0,0.7254408684743269,0.6612761009774375,0.12529663934763655,9.769193416082067e-14,True,False,
dwbg_0_30103_4_000605,0,tiny,high,elongated,0.0,0.0,0.0021345035638660192,0.3010440766811371,0.22580645161290325,0.0,0.3758281239022345,0.21961200544769005,0.018501888426496714,2.4380819494115543e-14,True,False,
dwbg_0_30103_40_000606,0,tiny,low,elongated,0.0,0.0,0.0006562379421666265,0.0,0.2282006048387097,0.0,0.47424720132678944,0.9967241875092919,0.10579811278849655,7.440659912904978e-14,True,False,
dwbg_0_30103_41_000607,0,tiny,medium,compact,0.001186527544632554,0.747819721698761,0.010878349654376507,0.37083956599235535,0.2283266129032258,0.0,0.7172274594687293,0.14828938975253853,0.02390281624024445,5.340684659275568e-14,True,False,
dwbg_0_30103_42_000608,0,tiny,high,elongated,0.0010377607541158795,0.0,0.0005392740713432431,0.0,0.22580645161290325,0.0,0.275371543259913,0.9973072615847476,0.0617888372767768,3.2585877799988786e-14,False,False,
dwbg_0_30103_43_000609,0,large,low,elongated,0.1510348916053772,0.5642907619476318,0.033285465091466904,0.020925581455230713,0.1919102822580645,0.284850773302148,0.7896425277274417,0.7625743761745842,0.23506177712453477,0.017877683628911067,True,True,hard
dwbg_0_30103_44_000610,0,tiny,medium,elongated,0.0,0.0,0.0005466288421303034,0.0,0.2338709677419355,0.0,0.6518369820285127,0.9972705874275106,0.1449602392234836,1.2291115870378536e-13,True,False,
dwbg_0_30103_45_000611,0,tiny,low,medium,0.022730983793735504,0.754115879535675,0.02441524527966976,0.37165236473083496,0.2322328629032258,0.0,0.6744525343683873,0.13802257088620604,0.02251735526036773,4.7788766268478957e-14,True,False,
dwbg_0_30103_46_000612,0,tiny,medium,elongated,0.003863917663693428,0.64178866147995,0.039565347135066986,0.31212472915649414,0.2338709677419355,0.0,0.7559070391538298,0.17231167440804349,0.029444543660416857,6.380228731027665e-14,True,False,
dwbg_0_30103_49_000613,0,medium,high,elongated,0.0010621959809213877,0.0,0.030212389305233955,0.0,0.1975806451612903,0.0,0.7240677688099671,0.8597944357309822,0.14260975091574693,1.1287832020545749e-13,True,False,
dwbg_0_30103_5_000614,0,tiny,high,elongated,0.022283298894762993,0.6139317750930786,0.03556247055530548,0.29020705819129944,0.22580645161290325,0.0,0.7489027242840531,0.1961554849394112,0.035625854309914204,6.481487533525447e-14,True,False,
dwbg_0_30103_50_000615,0,tiny,high,compact,0.0,0.0,0.0008999899728223681,0.38400188088417053,0.22026209677419356,0.0,0.6786681876238202,0.14594734773269866,0.022283014973017552,4.704615239560534e-14,True,False,
dwbg_0_30103_52_000616,0,large,high,elongated,0.002503028605133295,0.6701205372810364,0.022603604942560196,0.3219864070415497,0.18951612903225806,0.0,0.6239821471038336,0.17853867047298405,0.02577867951426707,3.9470313106624127e-14,True,False,
dwbg_0_30103_53_000617,0,medium,medium,elongated,0.0,0.0,0.002673251088708639,0.0,0.20564516129032256,0.0,0.5377507535669661,0.9867226762797575,0.12048398939368365,8.055408913945553e-14,True,False,
dwbg_0_30103_54_000618,0,tiny,high,elongated,0.0022575410548597574,0.0,0.0011232465039938688,0.1955173909664154,0.22580645161290325,0.0,0.5210317874487047,0.3741108304550195,0.04404502574866517,5.1943692212012163e-14,True,False,
dwbg_0_30103_55_000619,0,tiny,low,elongated,0.0,0.0,0.0005659841699525714,0.0,0.2282006048387097,0.0,0.36567546869393114,0.9971740796017017,0.08161405465411432,5.039019299672633e-14,False,False,
dwbg_0_30103_56_000620,0,tiny,high,elongated,0.0,0.0,0.0016180112725123763,0.0,0.22580645161290325,0.0,0.6711654288893412,0.9919425800739073,0.14924054118965335,1.236585017288938e-13,True,False,
dwbg_0_30103_57_000621,0,tiny,medium,elongated,0.13096153736114502,0.6229318976402283,0.09714770317077637,0.31120461225509644,0.2338709677419355,0.20438642259392725,0.3845738436860916,0.12979985690632417,0.017675201217810403,0.0018567827691966373,True,False,
dwbg_0_30103_59_000622,0,medium,high,elongated,0.0,0.0,0.019910404458642006,0.3162033259868622,0.1975806451612903,0.0,0.7200678858914225,0.18626802419051575,0.03060965099590195,5.210431811597029e-14,True,False,
dwbg_0_30103_6_000623,0,tiny,low,elongated,0.10517871379852295,0.5849633812904358,0.04919173941016197,0.3090156614780426,0.2282006048387097,0.12434422144850783,0.784304393235337,0.1667871209712628,0.04244475354442801,0.0028383335447083476,True,False,
dwbg_0_30103_60_000624,0,tiny,high,elongated,0.0,0.0,0.0005380251677706838,0.258697509765625,0.22580645161290325,0.0,0.6231563737438021,0.27357549161763084,0.038215974064347846,5.809924683229958e-14,True,False,
dwbg_0_30103_61_000625,0,medium,low,elongated,0.005549690220504999,0.49071064591407776,0.005256053060293198,0.26966392993927,0.19997479838709675,0.0,0.40548775882167587,0.2529407733734505,0.02383439463679374,2.5968765850593935e-14,True,False,
dwbg_0_30103_62_000626,0,large,low,compact,0.4634914696216583,0.5880522131919861,0.23533092439174652,0.28549498319625854,0.18636592741935484,0.14887688131969115,0.2577633148486914,0.07396749508108379,0.017197946092297436,0.0003810303123322158,False,False,
dwbg_0_30103_63_000627,0,medium,low,medium,0.0,0.0,0.0005412701866589487,0.29213979840278625,0.2040070564516129,0.0,0.45421920036281793,0.2314467755901242,0.023895557198969537,3.0044777322841365e-14,True,False,
dwbg_0_30103_64_000628,0,large,low,compact,0.0019433385459706187,0.7811031937599182,0.0020029095467180014,0.09974559396505356,0.18636592741935484,0.0,0.6492260485004301,0.6012511664281206,0.09032172724377711,7.559418435671201e-14,True,False,
dwbg_0_30103_65_000629,0,tiny,low,elongated,0.002944430336356163,0.5026285648345947,0.0031213180627673864,0.2548390328884125,0.2282006048387097,0.0,0.5534516091015506,0.2753253596229301,0.03446187800201782,4.9301414577548476e-14,True,False,
dwbg_0_30103_66_000630,0,tiny,high,medium,0.0,0.0,0.0697392076253891,0.3967970013618469,0.22983870967741937,0.0,0.686683293279692,0.09703524218820227,0.014897820886366394,4.0740151895970706e-14,True,False,
dwbg_0_30103_67_000631,0,tiny,high,elongated,0.0,0.0,0.0004957690834999084,0.0,0.22580645161290325,0.0,0.7342373571742585,0.9975242243827585,0.16418392436072604,1.418903263057342e-13,True,False,
dwbg_0_30103_68_000632,0,tiny,medium,elongated,0.0,0.0,0.0,0.0,0.2338709677419355,0.0,0.26325554436305076,1.0,0.058704908631239894,3.158948913308585e-14,False,False,
dwbg_0_30103_69_000633,0,tiny,medium,medium,0.0,0.0,0.0,0.0,0.23790322580645162,0.0,0.2137410821606439,1.0,0.0475377908320473,2.350890151594528e-14,False,False,
dwbg_0_30103_70_000634,0,medium,high,compact,0.17073297500610352,0.4809142053127289,0.12346234172582626,0.09152313321828842,0.19203629032258063,0.0,0.6600312306394936,0.3413225430459376,0.09426912517191507,6.016065035516381e-14,True,False,
dwbg_0_30103_71_000635,0,large,low,elongated,0.0,0.0,0.0015534117119386792,0.0,0.1919102822580645,0.0,0.6583914872006762,0.9922630270968992,0.14961899613096474,1.0212638498887743e-13,True,False,
dwbg_0_30103_72_000636,0,tiny,low,compact,0.006437590345740318,0.0,0.004302040208131075,0.0,0.22265625,0.0,0.6872547271136197,0.978719493460881,0.15456092846045533,1.2549910051442105e-13,True,True,anchor
dwbg_0_30103_73_000637,0,large,medium,elongated,0.1725538671016693,0.4981023669242859,0.16434256732463837,0.24849918484687805,0.1975806451612903,0.0,0.7416256902838009,0.12691867387182948,0.03950455699262117,4.4955653003748905e-14,True,False,
dwbg_0_30103_74_000638,0,medium,high,medium,0.003052664687857032,0.7561917304992676,0.005548772867769003,0.35996782779693604,0.20161290322580644,0.0,0.6060866338894327,0.16080175577091588,0.02242637428197468,3.8147473198498035e-14,True,False,
dwbg_0_30103_8_000639,0,medium,medium,elongated,0.0,0.0,0.002756939735263586,0.3158548176288605,0.20564516129032256,0.0,0.6757254344788,0.2033027997707615,0.031193695486816712,5.1504547304310304e-14,True,False,
dwbg_0_30103_9_000640,0,medium,low,elongated,0.01215542946010828,0.0,0.0349649079144001,0.0,0.19997479838709675,0.0,0.4861220871073877,0.8396043251800283,0.09708600956462098,6.210558142214664e-14,True,False,
dwbg_1_30103_0_000641,1,tiny,medium,elongated,0.0,0.0,0.0,0.0,0.775,0.0,0.4992180937877167,1.0,0.005581943254975117,2.4065119922611623e-05,True,False,
dwbg_1_30103_1_000642,1,tiny,high,medium,0.0011165698524564505,0.0,0.03522660583257675,0.1377347856760025,0.7249999999999999,0.0,0.591965257398175,0.42113284129943773,0.003108892475084012,1.8245715257529683e-05,True,False,
dwbg_1_30103_10_000643,1,medium,high,elongated,0.10921367257833481,0.5221048593521118,0.061440661549568176,0.03583003953099251,0.6958333333333333,0.6288739475062147,0.715206186937303,0.614864410999127,0.013515413670863424,0.21831130117331837,True,False,
dwbg_1_30103_12_000644,1,medium,medium,elongated,0.0,0.0,0.0,0.0,0.725,0.0,0.5916116347335905,1.0,0.007313190623288759,2.8090668156800118e-05,True,False,
dwbg_1_30103_13_000645,1,large,high,medium,0.04963648319244385,0.6249092817306519,0.16117048263549805,0.09268507361412048,0.7,0.48590315823308206,0.7424501440175085,0.2810345169002683,0.003983048612467993,0.1384531039343969,True,False,
dwbg_1_30103_14_000646,1,large,low,compact,0.0,0.0,0.0,0.0,0.7999999999999999,0.0,0.396093474116291,1.0,0.00417557727706528,1.7837398352636412e-05,True,True,anchor
dwbg_1_30103_15_000647,1,large,high,medium,0.0029796240851283073,0.2406322956085205,0.0028909086249768734,0.16164112091064453,0.7,0.36730011088345565,0.41804538280852677,0.439261598214145,0.0024271996294802155,0.06358495307874806,True,False,
dwbg_1_30103_16_000648,1,tiny,high,elongated,0.0,0.0,0.008326232433319092,0.0,0.7458333333333332,0.0,0.6339510819948315,0.9592235132558561,0.0072266779391063594,3.184243075165845e-05,True,False,
dwbg_1_30103_19_000649,1,tiny,medium,elongated,0.0,0.0,0.0,0.0,0.775,0.0,0.5827336290526486,1.0,0.0065157615291099435,3.034992876825319e-05,True,False,
dwbg_1_30103_2_000650,1,medium,high,elongated,0.26896655559539795,0.5286582708358765,0.1364980936050415,0.262006014585495,0.6958333333333333,0.9488245721907534,0.7175033282666122,0.1363513128847275,0.01058458352899639,0.1268867716131628,True,False,
dwbg_1_30103_20_000651,1,tiny,high,medium,0.002965313382446766,0.2624744474887848,0.005377143155783415,0.1333298683166504,0.7249999999999999,0.3815686145694221,0.48164249907773915,0.4998060992061291,0.003046084444821625,0.09011172635008917,True,False,
dwbg_1_30103_22_000652,1,medium,medium,elongated,0.22536282241344452,0.6504558324813843,0.18539540469646454,0.017342321574687958,0.725,0.883136584246857,0.7479722334432563,0.36287798476132876,0.019804468127203927,0.22606299261582435,True,False,
dwbg_1_30103_24_000653,1,tiny,high,elongated,0.08721989393234253,0.2828802764415741,0.03945361450314522,0.03471463918685913,0.7458333333333332,0.5755512089219617,0.7041464480662029,0.6901534819967174,0.0114810681995667,0.23986782667966086,True,True,hard
dwbg_1_30103_25_000654,1,medium,high,elongated,0.4450668692588806,0.47729262709617615,0.12365007400512695,0.034859564155340195,0.6958333333333333,0.9302502183389327,0.6838162495489101,0.45268978436840684,0.1341012608110596,0.21299392005935616,True,True,anchor
dwbg_1_30103_26_000655,1,medium,high,medium,0.35995516180992126,0.4125967025756836,0.2146553099155426,0.33129096031188965,0.6749999999999999,0.9992074722428569,0.6540922153454243,0.06523681310985298,0.009772658358992012,0.07490112400486865,True,False,
dwbg_1_30103_27_000656,1,tiny,high,elongated,0.21801133453845978,0.30654990673065186,0.1139674186706543,0.033955276012420654,0.7458333333333332,0.8699077891073758,0.632895545730833,0.477298368378948,0.0199976955805587,0.2089740344436268,True,False,
dwbg_1_30103_28_000657,1,medium,low,elongated,0.18172547221183777,0.41660040616989136,0.24925822019577026,0.20688512921333313,0.7541666666666667,0.7972949976399285,0.563800336517975,0.10221092107934007,0.002818997944276635,0.07914931607314273,True,True,hard
dwbg_1_30103_30_000658,1,large,high,elongated,0.030717628076672554,0.6092373132705688,0.03508201986551285,0.287390798330307,0.7208333333333333,0.44240485076834263,0.7181543336248812,0.19941561970851637,0.0022720013340340036,0.11062887518123361,True,False,
dwbg_1_30103_31_000659,1,medium,low,medium,0.17685645818710327,0.0,0.09937284141778946,0.0,0.7333333333333333,0.0,0.6447057264991152,0.6084355994429772,0.01923329141191796,2.5357225869135513e-05,True,True,anchor
dwbg_1_30103_33_000660,1,tiny,medium,elongated,0.0015845131129026413,0.0,0.01871773600578308,0.102882981300354,0.775,0.0,0.7091953819589507,0.5444367055967647,0.004371490939250604,3.0065961769261848e-05,True,False,
dwbg_1_30103_34_000661,1,medium,medium,elongated,0.026604391634464264,0.43844956159591675,0.018144702538847923,0.043430693447589874,0.725,0.4331471561911947,0.8101849176324725,0.7350057329026347,0.009077540947391414,0.2540073817968582,True,True,hard
dwbg_1_30103_35_000662,1,medium,medium,elongated,0.0029326865915209055,0.48155340552330017,0.0018893458181992173,0.02062998153269291,0.725,0.3814994918289821,0.656551276617035,0.893510996933464,0.007421172222040965,0.19173743707619528,True,False,
