pair_id,raw_image_path,raw_annotation_path,raw_class_name,raw_bbox,converted_image_path,converted_class_id,converted_bbox
00041030,/mnt/sda/cbj/dataset/DeepPCB-master/PCBData/group00041/00041/00041030_test.jpg,/mnt/sda/cbj/dataset/DeepPCB-master/PCBData/group00041/00041_not/00041030.txt,open,211 252 251 287,/mnt/sda/cbj/dataset/DeepPCB_stage1_lowdata_s20260917/DeepPCB/test/open/00041030_00_open.jpg,0,211 239 251 274
00041030,/mnt/sda/cbj/dataset/DeepPCB-master/PCBData/group00041/00041/00041030_test.jpg,/mnt/sda/cbj/dataset/DeepPCB-master/PCBData/group00041/00041_not/00041030.txt,short,327 194 360 245,/mnt/sda/cbj/dataset/DeepPCB_stage1_lowdata_s20260917/DeepPCB/test/short/00041030_01_short.jpg,1,240 194 273 245
00041030,/mnt/sda/cbj/dataset/DeepPCB-master/PCBData/group00041/00041/00041030_test.jpg,/mnt/sda/cbj/dataset/DeepPCB-master/PCBData/group00041/00041_not/00041030.txt,mousebite,172 59 207 89,/mnt/sda/cbj/dataset/DeepPCB_stage1_lowdata_s20260917/DeepPCB/test/mousebite/00041030_02_mousebite.jpg,2,172 59 207 89
00041030,/mnt/sda/cbj/dataset/DeepPCB-master/PCBData/group00041/00041/00041030_test.jpg,/mnt/sda/cbj/dataset/DeepPCB-master/PCBData/group00041/00041_not/00041030.txt,mousebite,104 212 139 237,/mnt/sda/cbj/dataset/DeepPCB_stage1_lowdata_s20260917/DeepPCB/test/mousebite/00041030_03_mousebite.jpg,2,104 212 139 237
00041030,/mnt/sda/cbj/dataset/DeepPCB-master/PCBData/group00041/00041/00041030_test.jpg,/mnt/sda/cbj/dataset/DeepPCB-master/PCBData/group00041/00041_not/00041030.txt,spur,57 110 85 145,/mnt/sda/cbj/dataset/DeepPCB_stage1_lowdata_s20260917/DeepPCB/test/spur/00041030_04_spur.jpg,3,57 110 85 145
00041030,/mnt/sda/cbj/dataset/DeepPCB-master/PCBData/group00041/00041/00041030_test.jpg,/mnt/sda/cbj/dataset/DeepPCB-master/PCBData/group00041/00041_not/00041030.txt,pinhole,54 151 79 183,/mnt/sda/cbj/dataset/DeepPCB_stage1_lowdata_s20260917/DeepPCB/test/pinhole/00041030_05_pinhole.jpg,5,54 151 79 183
00041030,/mnt/sda/cbj/dataset/DeepPCB-master/PCBData/group00041/00041/00041030_test.jpg,/mnt/sda/cbj/dataset/DeepPCB-master/PCBData/group00041/00041_not/00041030.txt,spurious_copper,210 123 249 157,/mnt/sda/cbj/dataset/DeepPCB_stage1_lowdata_s20260917/DeepPCB/test/spurious_copper/00041030_06_spurious_copper.jpg,4,210 123 249 157
00041030,/mnt/sda/cbj/dataset/DeepPCB-master/PCBData/group00041/00041/00041030_test.jpg,/mnt/sda/cbj/dataset/DeepPCB-master/PCBData/group00041/00041_not/00041030.txt,spur,188 371 220 399,/mnt/sda/cbj/dataset/DeepPCB_stage1_lowdata_s20260917/DeepPCB/test/spur/00041030_07_spur.jpg,3,188 243 220 271
00041030,/mnt/sda/cbj/dataset/DeepPCB-master/PCBData/group00041/00041/00041030_test.jpg,/mnt/sda/cbj/dataset/DeepPCB-master/PCBData/group00041/00041_not/00041030.txt,spurious_copper,508 378 544 430,/mnt/sda/cbj/dataset/DeepPCB_stage1_lowdata_s20260917/DeepPCB/test/spurious_copper/00041030_08_spurious_copper.jpg,4,380 250 416 302
00041030,/mnt/sda/cbj/dataset/DeepPCB-master/PCBData/group00041/00041/00041030_test.jpg,/mnt/sda/cbj/dataset/DeepPCB-master/PCBData/group00041/00041_not/00041030.txt,pinhole,400 412 434 446,/mnt/sda/cbj/dataset/DeepPCB_stage1_lowdata_s20260917/DeepPCB/test/pinhole/00041030_09_pinhole.jpg,5,272 284 306 318
00041039,/mnt/sda/cbj/dataset/DeepPCB-master/PCBData/group00041/00041/00041039_test.jpg,/mnt/sda/cbj/dataset/DeepPCB-master/PCBData/group00041/00041_not/00041039.txt,open,431 291 491 319,/mnt/sda/cbj/dataset/DeepPCB_stage1_lowdata_s20260917/DeepPCB/test/open/00041039_00_open.jpg,0,303 242 363 270
00041039,/mnt/sda/cbj/dataset/DeepPCB-master/PCBData/group00041/00041/00041039_test.jpg,/mnt/sda/cbj/dataset/DeepPCB-master/PCBData/group00041/00041_not/00041039.txt,short,493 261 564 294,/mnt/sda/cbj/dataset/DeepPCB_stage1_lowdata_s20260917/DeepPCB/test/short/00041039_01_short.jpg,1,365 240 436 273
00041039,/mnt/sda/cbj/dataset/DeepPCB-master/PCBData/group00041/00041/00041039_test.jpg,/mnt/sda/cbj/dataset/DeepPCB-master/PCBData/group00041/00041_not/00041039.txt,mousebite,446 431 475 459,/mnt/sda/cbj/dataset/DeepPCB_stage1_lowdata_s20260917/DeepPCB/test/mousebite/00041039_02_mousebite.jpg,2,318 303 347 331
00041039,/mnt/sda/cbj/dataset/DeepPCB-master/PCBData/group00041/00041/00041039_test.jpg,/mnt/sda/cbj/dataset/DeepPCB-master/PCBData/group00041/00041_not/00041039.txt,spur,477 430 513 462,/mnt/sda/cbj/dataset/DeepPCB_stage1_lowdata_s20260917/DeepPCB/test/spur/00041039_03_spur.jpg,3,349 302 385 334
00041039,/mnt/sda/cbj/dataset/DeepPCB-master/PCBData/group00041/00041/00041039_test.jpg,/mnt/sda/cbj/dataset/DeepPCB-master/PCBData/group00041/00041_not/00041039.txt,pinhole,392 413 419 467,/mnt/sda/cbj/dataset/DeepPCB_stage1_lowdata_s20260917/DeepPCB/test/pinhole/00041039_04_pinhole.jpg,5,264 285 291 339
00041039,/mnt/sda/cbj/dataset/DeepPCB-master/PCBData/group00041/00041/00041039_test.jpg,/mnt/sda/cbj/dataset/DeepPCB-master/PCBData/group00041/00041_not/00041039.txt,spurious_copper,203 344 249 404,/mnt/sda/cbj/dataset/DeepPCB_stage1_lowdata_s20260917/DeepPCB/test/spurious_copper/00041039_05_spurious_copper.jpg,4,203 226 249 286
00041043,/mnt/sda/cbj/dataset/DeepPCB-master/PCBData/group00041/00041/00041043_test.jpg,/mnt/sda/cbj/dataset/DeepPCB-master/PCBData/group00041/00041_not/00041043.txt,open,375 385 438 429,/mnt/sda/cbj/dataset/DeepPCB_stage1_lowdata_s20260917/DeepPCB/test/open/00041043_00_open.jpg,0,247 257 310 301
00041043,/mnt/sda/cbj/dataset/DeepPCB-master/PCBData/group00041/00041/00041043_test.jpg,/mnt/sda/cbj/dataset/DeepPCB-master/PCBData/group00041/00041_not/00041043.txt,short,408 190 473 218,/mnt/sda/cbj/dataset/DeepPCB_stage1_lowdata_s20260917/DeepPCB/test/short/00041043_01_short.jpg,1,280 190 345 218
00041043,/mnt/sda/cbj/dataset/DeepPCB-master/PCBData/group00041/00041/00041043_test.jpg,/mnt/sda/cbj/dataset/DeepPCB-master/PCBData/group00041/00041_not/00041043.txt,mousebite,379 246 413 273,/mnt/sda/cbj/dataset/DeepPCB_stage1_lowdata_s20260917/DeepPCB/test/mousebite/00041043_02_mousebite.jpg,2,251 243 285 270
00041043,/mnt/sda/cbj/dataset/DeepPCB-master/PCBData/group00041/00041/00041043_test.jpg,/mnt/sda/cbj/dataset/DeepPCB-master/PCBData/group00041/00041_not/00041043.txt,pinhole,344 574 384 605,/mnt/sda/cbj/dataset/DeepPCB_stage1_lowdata_s20260917/DeepPCB/test/pinhole/00041043_03_pinhole.jpg,5,236 446 276 477
00041043,/mnt/sda/cbj/dataset/DeepPCB-master/PCBData/group00041/00041/00041043_test.jpg,/mnt/sda/cbj/dataset/DeepPCB-master/PCBData/group00041/00041_not/00041043.txt,spurious_copper,135 185 170 230,/mnt/sda/cbj/dataset/DeepPCB_stage1_lowdata_s20260917/DeepPCB/test/spurious_copper/00041043_04_spurious_copper.jpg,4,135 185 170 230
00041043,/mnt/sda/cbj/dataset/DeepPCB-master/PCBData/group00041/00041/00041043_test.jpg,/mnt/sda/cbj/dataset/DeepPCB-master/PCBData/group00041/00041_not/00041043.txt,spurious_copper,217 358 249 395,/mnt/sda/cbj/dataset/DeepPCB_stage1_lowdata_s20260917/DeepPCB/test/spurious_copper/00041043_05_spurious_copper.jpg,4,217 238 249 275
00041043,/mnt/sda/cbj/dataset/DeepPCB-master/PCBData/group00041/00041/00041043_test.jpg,/mnt/sda/cbj/dataset/DeepPCB-master/PCBData/group00041/00041_not/00041043.txt,spur,49 442 92 468,/mnt/sda/cbj/dataset/DeepPCB_stage1_lowdata_s20260917/DeepPCB/test/spur/00041043_06_spur.jpg,3,49 314 92 340
00041043,/mnt/sda/cbj/dataset/DeepPCB-master/PCBData/group00041/00041/00041043_test.jpg,/mnt/sda/cbj/dataset/DeepPCB-master/PCBData/group00041/00041_not/00041043.txt,short,99 481 150 517,/mnt/sda/cbj/dataset/DeepPCB_stage1_lowdata_s20260917/DeepPCB/test/short/00041043_07_short.jpg,1,99 353 150 389
00041043,/mnt/sda/cbj/dataset/DeepPCB-master/PCBData/group00041/00041/00041043_test.jpg,/mnt/sda/cbj/dataset/DeepPCB-master/PCBData/group00041/00041_not/00041043.txt,mousebite,50 489 89 516,/mnt/sda/cbj/dataset/DeepPCB_stage1_lowdata_s20260917/DeepPCB/test/mousebite/00041043_08_mousebite.jpg,2,50 361 89 388
00041043,/mnt/sda/cbj/dataset/DeepPCB-master/PCBData/group00041/00041/00041043_test.jpg,/mnt/sda/cbj/dataset/DeepPCB-master/PCBData/group00041/00041_not/00041043.txt,open,392 117 451 162,/mnt/sda/cbj/dataset/DeepPCB_stage1_lowdata_s20260917/DeepPCB/test/open/00041043_09_open.jpg,0,264 117 323 162
00041046,/mnt/sda/cbj/dataset/DeepPCB-master/PCBData/group00041/00041/00041046_test.jpg,/mnt/sda/cbj/dataset/DeepPCB-master/PCBData/group00041/00041_not/00041046.txt,open,431 412 493 446,/mnt/sda/cbj/dataset/DeepPCB_stage1_lowdata_s20260917/DeepPCB/test/open/00041046_00_open.jpg,0,303 284 365 318
00041046,/mnt/sda/cbj/dataset/DeepPCB-master/PCBData/group00041/00041/00041046_test.jpg,/mnt/sda/cbj/dataset/DeepPCB-master/PCBData/group00041/00041_not/00041046.txt,mousebite,395 499 436 527,/mnt/sda/cbj/dataset/DeepPCB_stage1_lowdata_s20260917/DeepPCB/test/mousebite/00041046_01_mousebite.jpg,2,267 371 308 399
00041046,/mnt/sda/cbj/dataset/DeepPCB-master/PCBData/group00041/00041/00041046_test.jpg,/mnt/sda/cbj/dataset/DeepPCB-master/PCBData/group00041/00041_not/00041046.txt,short,509 391 555 416,/mnt/sda/cbj/dataset/DeepPCB_stage1_lowdata_s20260917/DeepPCB/test/short/00041046_02_short.jpg,1,381 263 427 288
00041046,/mnt/sda/cbj/dataset/DeepPCB-master/PCBData/group00041/00041/00041046_test.jpg,/mnt/sda/cbj/dataset/DeepPCB-master/PCBData/group00041/00041_not/00041046.txt,spur,467 569 501 596,/mnt/sda/cbj/dataset/DeepPCB_stage1_lowdata_s20260917/DeepPCB/test/spur/00041046_03_spur.jpg,3,339 441 373 468
00041046,/mnt/sda/cbj/dataset/DeepPCB-master/PCBData/group00041/00041/00041046_test.jpg,/mnt/sda/cbj/dataset/DeepPCB-master/PCBData/group00041/00041_not/00041046.txt,spurious_copper,163 344 236 415,/mnt/sda/cbj/dataset/DeepPCB_stage1_lowdata_s20260917/DeepPCB/test/spurious_copper/00041046_04_spurious_copper.jpg,4,163 221 236 292
00041046,/mnt/sda/cbj/dataset/DeepPCB-master/PCBData/group00041/00041/00041046_test.jpg,/mnt/sda/cbj/dataset/DeepPCB-master/PCBData/group00041/00041_not/00041046.txt,pinhole,244 16 285 45,/mnt/sda/cbj/dataset/DeepPCB_stage1_lowdata_s20260917/DeepPCB/test/pinhole/00041046_05_pinhole.jpg,5,236 16 277 45
00041047,/mnt/sda/cbj/dataset/DeepPCB-master/PCBData/group00041/00041/00041047_test.jpg,/mnt/sda/cbj/dataset/DeepPCB-master/PCBData/group00041/00041_not/00041047.txt,open,374 246 437 296,/mnt/sda/cbj/dataset/DeepPCB_stage1_lowdata_s20260917/DeepPCB/test/open/00041047_00_open.jpg,0,246 231 309 281
00041047,/mnt/sda/cbj/dataset/DeepPCB-master/PCBData/group00041/00041/00041047_test.jpg,/mnt/sda/cbj/dataset/DeepPCB-master/PCBData/group00041/00041_not/00041047.txt,short,322 379 355 423,/mnt/sda/cbj/dataset/DeepPCB_stage1_lowdata_s20260917/DeepPCB/test/short/00041047_01_short.jpg,1,240 251 273 295
00041047,/mnt/sda/cbj/dataset/DeepPCB-master/PCBData/group00041/00041/00041047_test.jpg,/mnt/sda/cbj/dataset/DeepPCB-master/PCBData/group00041/00041_not/00041047.txt,spur,158 329 194 363,/mnt/sda/cbj/dataset/DeepPCB_stage1_lowdata_s20260917/DeepPCB/test/spur/00041047_02_spur.jpg,3,158 239 194 273
00041047,/mnt/sda/cbj/dataset/DeepPCB-master/PCBData/group00041/00041/00041047_test.jpg,/mnt/sda/cbj/dataset/DeepPCB-master/PCBData/group00041/00041_not/00041047.txt,pinhole,385 361 428 387,/mnt/sda/cbj/dataset/DeepPCB_stage1_lowdata_s20260917/DeepPCB/test/pinhole/00041047_03_pinhole.jpg,5,257 243 300 269
00041047,/mnt/sda/cbj/dataset/DeepPCB-master/PCBData/group00041/00041/00041047_test.jpg,/mnt/sda/cbj/dataset/DeepPCB-master/PCBData/group00041/00041_not/00041047.txt,spurious_copper,153 474 196 524,/mnt/sda/cbj/dataset/DeepPCB_stage1_lowdata_s20260917/DeepPCB/test/spurious_copper/00041047_04_spurious_copper.jpg,4,153 346 196 396
00041047,/mnt/sda/cbj/dataset/DeepPCB-master/PCBData/group00041/00041/00041047_test.jpg,/mnt/sda/cbj/dataset/DeepPCB-master/PCBData/group00041/00041_not/00041047.txt,spurious_copper,251 190 301 236,/mnt/sda/cbj/dataset/DeepPCB_stage1_lowdata_s20260917/DeepPCB/test/spurious_copper/00041047_05_spurious_copper.jpg,4,231 190 281 236
00041047,/mnt/sda/cbj/dataset/DeepPCB-master/PCBData/group00041/00041/00041047_test.jpg,/mnt/sda/cbj/dataset/DeepPCB-master/PCBData/group00041/00041_not/00041047.txt,mousebite,33 216 73 242,/mnt/sda/cbj/dataset/DeepPCB_stage1_lowdata_s20260917/DeepPCB/test/mousebite/00041047_06_mousebite.jpg,2,33 216 73 242
00041047,/mnt/sda/cbj/dataset/DeepPCB-master/PCBData/group00041/00041/00041047_test.jpg,/mnt/sda/cbj/dataset/DeepPCB-master/PCBData/group00041/00041_not/00041047.txt,spur,113 249 139 285,/mnt/sda/cbj/dataset/DeepPCB_stage1_lowdata_s20260917/DeepPCB/test/spur/00041047_07_spur.jpg,3,113 238 139 274
00041047,/mnt/sda/cbj/dataset/DeepPCB-master/PCBData/group00041/00041/00041047_test.jpg,/mnt/sda/cbj/dataset/DeepPCB-master/PCBData/group00041/00041_not/00041047.txt,short,93 454 131 482,/mnt/sda/cbj/dataset/DeepPCB_stage1_lowdata_s20260917/DeepPCB/test/short/00041047_08_short.jpg,1,93 326 131 354
00041047,/mnt/sda/cbj/dataset/DeepPCB-master/PCBData/group00041/00041/00041047_test.jpg,/mnt/sda/cbj/dataset/DeepPCB-master/PCBData/group00041/00041_not/00041047.txt,open,66 400 100 440,/mnt/sda/cbj/dataset/DeepPCB_stage1_lowdata_s20260917/DeepPCB/test/open/00041047_09_open.jpg,0,66 272 100 312
00041057,/mnt/sda/cbj/dataset/DeepPCB-master/PCBData/group00041/00041/00041057_test.jpg,/mnt/sda/cbj/dataset/DeepPCB-master/PCBData/group00041/00041_not/00041057.txt,open,205 270 236 301,/mnt/sda/cbj/dataset/DeepPCB_stage1_lowdata_s20260917/DeepPCB/test/open/00041057_00_open.jpg,0,205 241 236 272
00041057,/mnt/sda/cbj/dataset/DeepPCB-master/PCBData/group00041/00041/00041057_test.jpg,/mnt/sda/cbj/dataset/DeepPCB-master/PCBData/group00041/00041_not/00041057.txt,short,159 145 194 172,/mnt/sda/cbj/dataset/DeepPCB_stage1_lowdata_s20260917/DeepPCB/test/short/00041057_01_short.jpg,1,159 145 194 172
00041057,/mnt/sda/cbj/dataset/DeepPCB-master/PCBData/group00041/00041/00041057_test.jpg,/mnt/sda/cbj/dataset/DeepPCB-master/PCBData/group00041/00041_not/00041057.txt,mousebite,322 325 358 352,/mnt/sda/cbj/dataset/DeepPCB_stage1_lowdata_s20260917/DeepPCB/test/mousebite/00041057_02_mousebite.jpg,2,238 243 274 270
00041057,/mnt/sda/cbj/dataset/DeepPCB-master/PCBData/group00041/00041/00041057_test.jpg,/mnt/sda/cbj/dataset/DeepPCB-master/PCBData/group00041/00041_not/00041057.txt,spurious_copper,403 269 431 306,/mnt/sda/cbj/dataset/DeepPCB_stage1_lowdata_s20260917/DeepPCB/test/spurious_copper/00041057_03_spurious_copper.jpg,4,275 238 303 275
00041057,/mnt/sda/cbj/dataset/DeepPCB-master/PCBData/group00041/00041/00041057_test.jpg,/mnt/sda/cbj/dataset/DeepPCB-master/PCBData/group00041/00041_not/00041057.txt,pinhole,307 218 350 256,/mnt/sda/cbj/dataset/DeepPCB_stage1_lowdata_s20260917/DeepPCB/test/pinhole/00041057_04_pinhole.jpg,5,235 218 278 256
00041057,/mnt/sda/cbj/dataset/DeepPCB-master/PCBData/group00041/00041/00041057_test.jpg,/mnt/sda/cbj/dataset/DeepPCB-master/PCBData/group00041/00041_not/00041057.txt,spur,86 505 118 540,/mnt/sda/cbj/dataset/DeepPCB_stage1_lowdata_s20260917/DeepPCB/test/spur/00041057_05_spur.jpg,3,86 377 118 412
00041057,/mnt/sda/cbj/dataset/DeepPCB-master/PCBData/group00041/00041/00041057_test.jpg,/mnt/sda/cbj/dataset/DeepPCB-master/PCBData/group00041/00041_not/00041057.txt,short,98 347 138 383,/mnt/sda/cbj/dataset/DeepPCB_stage1_lowdata_s20260917/DeepPCB/test/short/00041057_06_short.jpg,1,98 238 138 274
00041068,/mnt/sda/cbj/dataset/DeepPCB-master/PCBData/group00041/00041/00041068_test.jpg,/mnt/sda/cbj/dataset/DeepPCB-master/PCBData/group00041/00041_not/00041068.txt,open,289 561 331 596,/mnt/sda/cbj/dataset/DeepPCB_stage1_lowdata_s20260917/DeepPCB/test/open/00041068_00_open.jpg,0,235 433 277 468
00041068,/mnt/sda/cbj/dataset/DeepPCB-master/PCBData/group00041/00041/00041068_test.jpg,/mnt/sda/cbj/dataset/DeepPCB-master/PCBData/group00041/00041_not/00041068.txt,short,542 391 585 421,/mnt/sda/cbj/dataset/DeepPCB_stage1_lowdata_s20260917/DeepPCB/test/short/00041068_01_short.jpg,1,414 263 457 293
00041068,/mnt/sda/cbj/dataset/DeepPCB-master/PCBData/group00041/00041/00041068_test.jpg,/mnt/sda/cbj/dataset/DeepPCB-master/PCBData/group00041/00041_not/00041068.txt,spur,351 302 394 333,/mnt/sda/cbj/dataset/DeepPCB_stage1_lowdata_s20260917/DeepPCB/test/spur/00041068_02_spur.jpg,3,235 241 278 272
00041068,/mnt/sda/cbj/dataset/DeepPCB-master/PCBData/group00041/00041/00041068_test.jpg,/mnt/sda/cbj/dataset/DeepPCB-master/PCBData/group00041/00041_not/00041068.txt,spurious_copper,327 235 356 274,/mnt/sda/cbj/dataset/DeepPCB_stage1_lowdata_s20260917/DeepPCB/test/spurious_copper/00041068_03_spurious_copper.jpg,4,242 235 271 274
00041068,/mnt/sda/cbj/dataset/DeepPCB-master/PCBData/group00041/00041/00041068_test.jpg,/mnt/sda/cbj/dataset/DeepPCB-master/PCBData/group00041/00041_not/00041068.txt,pinhole,387 225 418 259,/mnt/sda/cbj/dataset/DeepPCB_stage1_lowdata_s20260917/DeepPCB/test/pinhole/00041068_04_pinhole.jpg,5,259 225 290 259
00041068,/mnt/sda/cbj/dataset/DeepPCB-master/PCBData/group00041/00041/00041068_test.jpg,/mnt/sda/cbj/dataset/DeepPCB-master/PCBData/group00041/00041_not/00041068.txt,mousebite,127 367 167 394,/mnt/sda/cbj/dataset/DeepPCB_stage1_lowdata_s20260917/DeepPCB/test/mousebite/00041068_05_mousebite.jpg,2,127 243 167 270
00041068,/mnt/sda/cbj/dataset/DeepPCB-master/PCBData/group00041/00041/00041068_test.jpg,/mnt/sda/cbj/dataset/DeepPCB-master/PCBData/group00041/00041_not/00041068.txt,open,422 476 475 544,/mnt/sda/cbj/dataset/DeepPCB_stage1_lowdata_s20260917/DeepPCB/test/open/00041068_06_open.jpg,0,294 348 347 416
00041068,/mnt/sda/cbj/dataset/DeepPCB-master/PCBData/group00041/00041/00041068_test.jpg,/mnt/sda/cbj/dataset/DeepPCB-master/PCBData/group00041/00041_not/00041068.txt,pinhole,486 227 519 258,/mnt/sda/cbj/dataset/DeepPCB_stage1_lowdata_s20260917/DeepPCB/test/pinhole/00041068_07_pinhole.jpg,5,358 227 391 258
00041079,/mnt/sda/cbj/dataset/DeepPCB-master/PCBData/group00041/00041/00041079_test.jpg,/mnt/sda/cbj/dataset/DeepPCB-master/PCBData/group00041/00041_not/00041079.txt,open,31 234 66 267,/mnt/sda/cbj/dataset/DeepPCB_stage1_lowdata_s20260917/DeepPCB/test/open/00041079_00_open.jpg,0,31 234 66 267
00041079,/mnt/sda/cbj/dataset/DeepPCB-master/PCBData/group00041/00041/00041079_test.jpg,/mnt/sda/cbj/dataset/DeepPCB-master/PCBData/group00041/00041_not/00041079.txt,short,44 162 95 203,/mnt/sda/cbj/dataset/DeepPCB_stage1_lowdata_s20260917/DeepPCB/test/short/00041079_01_short.jpg,1,44 162 95 203
00041079,/mnt/sda/cbj/dataset/DeepPCB-master/PCBData/group00041/00041/00041079_test.jpg,/mnt/sda/cbj/dataset/DeepPCB-master/PCBData/group00041/00041_not/00041079.txt,spur,86 51 120 85,/mnt/sda/cbj/dataset/DeepPCB_stage1_lowdata_s20260917/DeepPCB/test/spur/00041079_02_spur.jpg,3,86 51 120 85
00041079,/mnt/sda/cbj/dataset/DeepPCB-master/PCBData/group00041/00041/00041079_test.jpg,/mnt/sda/cbj/dataset/DeepPCB-master/PCBData/group00041/00041_not/00041079.txt,spurious_copper,443 177 482 219,/mnt/sda/cbj/dataset/DeepPCB_stage1_lowdata_s20260917/DeepPCB/test/spurious_copper/00041079_03_spurious_copper.jpg,4,315 177 354 219
00041079,/mnt/sda/cbj/dataset/DeepPCB-master/PCBData/group00041/00041/00041079_test.jpg,/mnt/sda/cbj/dataset/DeepPCB-master/PCBData/group00041/00041_not/00041079.txt,pinhole,287 141 311 176,/mnt/sda/cbj/dataset/DeepPCB_stage1_lowdata_s20260917/DeepPCB/test/pinhole/00041079_04_pinhole.jpg,5,244 141 268 176
00041079,/mnt/sda/cbj/dataset/DeepPCB-master/PCBData/group00041/00041/00041079_test.jpg,/mnt/sda/cbj/dataset/DeepPCB-master/PCBData/group00041/00041_not/00041079.txt,spurious_copper,249 517 297 555,/mnt/sda/cbj/dataset/DeepPCB_stage1_lowdata_s20260917/DeepPCB/test/spurious_copper/00041079_05_spurious_copper.jpg,4,232 389 280 427
00041079,/mnt/sda/cbj/dataset/DeepPCB-master/PCBData/group00041/00041/00041079_test.jpg,/mnt/sda/cbj/dataset/DeepPCB-master/PCBData/group00041/00041_not/00041079.txt,mousebite,177 398 204 431,/mnt/sda/cbj/dataset/DeepPCB_stage1_lowdata_s20260917/DeepPCB/test/mousebite/00041079_06_mousebite.jpg,2,177 270 204 303
00041079,/mnt/sda/cbj/dataset/DeepPCB-master/PCBData/group00041/00041/00041079_test.jpg,/mnt/sda/cbj/dataset/DeepPCB-master/PCBData/group00041/00041_not/00041079.txt,mousebite,67 291 110 318,/mnt/sda/cbj/dataset/DeepPCB_stage1_lowdata_s20260917/DeepPCB/test/mousebite/00041079_07_mousebite.jpg,2,67 243 110 270
00041079,/mnt/sda/cbj/dataset/DeepPCB-master/PCBData/group00041/00041/00041079_test.jpg,/mnt/sda/cbj/dataset/DeepPCB-master/PCBData/group00041/00041_not/00041079.txt,spur,109 204 140 237,/mnt/sda/cbj/dataset/DeepPCB_stage1_lowdata_s20260917/DeepPCB/test/spur/00041079_08_spur.jpg,3,109 204 140 237
00041081,/mnt/sda/cbj/dataset/DeepPCB-master/PCBData/group00041/00041/00041081_test.jpg,/mnt/sda/cbj/dataset/DeepPCB-master/PCBData/group00041/00041_not/00041081.txt,open,179 203 218 238,/mnt/sda/cbj/dataset/DeepPCB_stage1_lowdata_s20260917/DeepPCB/test/open/00041081_00_open.jpg,0,179 203 218 238
00041081,/mnt/sda/cbj/dataset/DeepPCB-master/PCBData/group00041/00041/00041081_test.jpg,/mnt/sda/cbj/dataset/DeepPCB-master/PCBData/group00041/00041_not/00041081.txt,short,243 130 274 169,/mnt/sda/cbj/dataset/DeepPCB_stage1_lowdata_s20260917/DeepPCB/test/short/00041081_01_short.jpg,1,241 130 272 169
00041081,/mnt/sda/cbj/dataset/DeepPCB-master/PCBData/group00041/00041/00041081_test.jpg,/mnt/sda/cbj/dataset/DeepPCB-master/PCBData/group00041/00041_not/00041081.txt,mousebite,158 391 193 417,/mnt/sda/cbj/dataset/DeepPCB_stage1_lowdata_s20260917/DeepPCB/test/mousebite/00041081_02_mousebite.jpg,2,158 263 193 289
00041081,/mnt/sda/cbj/dataset/DeepPCB-master/PCBData/group00041/00041/00041081_test.jpg,/mnt/sda/cbj/dataset/DeepPCB-master/PCBData/group00041/00041_not/00041081.txt,spur,310 281 337 312,/mnt/sda/cbj/dataset/DeepPCB_stage1_lowdata_s20260917/DeepPCB/test/spur/00041081_03_spur.jpg,3,243 241 270 272
00041081,/mnt/sda/cbj/dataset/DeepPCB-master/PCBData/group00041/00041/00041081_test.jpg,/mnt/sda/cbj/dataset/DeepPCB-master/PCBData/group00041/00041_not/00041081.txt,pinhole,259 73 297 100,/mnt/sda/cbj/dataset/DeepPCB_stage1_lowdata_s20260917/DeepPCB/test/pinhole/00041081_04_pinhole.jpg,5,237 73 275 100
00041081,/mnt/sda/cbj/dataset/DeepPCB-master/PCBData/group00041/00041/00041081_test.jpg,/mnt/sda/cbj/dataset/DeepPCB-master/PCBData/group00041/00041_not/00041081.txt,spurious_copper,110 265 150 302,/mnt/sda/cbj/dataset/DeepPCB_stage1_lowdata_s20260917/DeepPCB/test/spurious_copper/00041081_05_spurious_copper.jpg,4,110 238 150 275
00041085,/mnt/sda/cbj/dataset/DeepPCB-master/PCBData/group00041/00041/00041085_test.jpg,/mnt/sda/cbj/dataset/DeepPCB-master/PCBData/group00041/00041_not/00041085.txt,open,346 101 374 143,/mnt/sda/cbj/dataset/DeepPCB_stage1_lowdata_s20260917/DeepPCB/test/open/00041085_00_open.jpg,0,242 101 270 143
00041085,/mnt/sda/cbj/dataset/DeepPCB-master/PCBData/group00041/00041/00041085_test.jpg,/mnt/sda/cbj/dataset/DeepPCB-master/PCBData/group00041/00041_not/00041085.txt,short,323 231 391 257,/mnt/sda/cbj/dataset/DeepPCB_stage1_lowdata_s20260917/DeepPCB/test/short/00041085_01_short.jpg,1,222 231 290 257
00041085,/mnt/sda/cbj/dataset/DeepPCB-master/PCBData/group00041/00041/00041085_test.jpg,/mnt/sda/cbj/dataset/DeepPCB-master/PCBData/group00041/00041_not/00041085.txt,mousebite,174 253 217 291,/mnt/sda/cbj/dataset/DeepPCB_stage1_lowdata_s20260917/DeepPCB/test/mousebite/00041085_02_mousebite.jpg,2,174 237 217 275
00041085,/mnt/sda/cbj/dataset/DeepPCB-master/PCBData/group00041/00041/00041085_test.jpg,/mnt/sda/cbj/dataset/DeepPCB-master/PCBData/group00041/00041_not/00041085.txt,spurious_copper,215 497 251 531,/mnt/sda/cbj/dataset/DeepPCB_stage1_lowdata_s20260917/DeepPCB/test/spurious_copper/00041085_03_spurious_copper.jpg,4,215 369 251 403
00041085,/mnt/sda/cbj/dataset/DeepPCB-master/PCBData/group00041/00041/00041085_test.jpg,/mnt/sda/cbj/dataset/DeepPCB-master/PCBData/group00041/00041_not/00041085.txt,pinhole,132 389 201 423,/mnt/sda/cbj/dataset/DeepPCB_stage1_lowdata_s20260917/DeepPCB/test/pinhole/00041085_04_pinhole.jpg,5,132 261 201 295
00041085,/mnt/sda/cbj/dataset/DeepPCB-master/PCBData/group00041/00041/00041085_test.jpg,/mnt/sda/cbj/dataset/DeepPCB-master/PCBData/group00041/00041_not/00041085.txt,spur,102 326 147 365,/mnt/sda/cbj/dataset/DeepPCB_stage1_lowdata_s20260917/DeepPCB/test/spur/00041085_05_spur.jpg,3,102 237 147 276
00041089,/mnt/sda/cbj/dataset/DeepPCB-master/PCBData/group00041/00041/00041089_test.jpg,/mnt/sda/cbj/dataset/DeepPCB-master/PCBData/group00041/00041_not/00041089.txt,open,160 472 201 501,/mnt/sda/cbj/dataset/DeepPCB_stage1_lowdata_s20260917/DeepPCB/test/open/00041089_00_open.jpg,0,160 344 201 373
00041089,/mnt/sda/cbj/dataset/DeepPCB-master/PCBData/group00041/00041/00041089_test.jpg,/mnt/sda/cbj/dataset/DeepPCB-master/PCBData/group00041/00041_not/00041089.txt,short,34 324 85 353,/mnt/sda/cbj/dataset/DeepPCB_stage1_lowdata_s20260917/DeepPCB/test/short/00041089_01_short.jpg,1,34 242 85 271
00041089,/mnt/sda/cbj/dataset/DeepPCB-master/PCBData/group00041/00041/00041089_test.jpg,/mnt/sda/cbj/dataset/DeepPCB-master/PCBData/group00041/00041_not/00041089.txt,mousebite,153 164 189 202,/mnt/sda/cbj/dataset/DeepPCB_stage1_lowdata_s20260917/DeepPCB/test/mousebite/00041089_02_mousebite.jpg,2,153 164 189 202
00041089,/mnt/sda/cbj/dataset/DeepPCB-master/PCBData/group00041/00041/00041089_test.jpg,/mnt/sda/cbj/dataset/DeepPCB-master/PCBData/group00041/00041_not/00041089.txt,spurious_copper,178 253 212 291,/mnt/sda/cbj/dataset/DeepPCB_stage1_lowdata_s20260917/DeepPCB/test/spurious_copper/00041089_03_spurious_copper.jpg,4,178 237 212 275
00041089,/mnt/sda/cbj/dataset/DeepPCB-master/PCBData/group00041/00041/00041089_test.jpg,/mnt/sda/cbj/dataset/DeepPCB-master/PCBData/group00041/00041_not/00041089.txt,pinhole,435 146 469 187,/mnt/sda/cbj/dataset/DeepPCB_stage1_lowdata_s20260917/DeepPCB/test/pinhole/00041089_04_pinhole.jpg,5,307 146 341 187
00041089,/mnt/sda/cbj/dataset/DeepPCB-master/PCBData/group00041/00041/00041089_test.jpg,/mnt/sda/cbj/dataset/DeepPCB-master/PCBData/group00041/00041_not/00041089.txt,short,53 104 103 138,/mnt/sda/cbj/dataset/DeepPCB_stage1_lowdata_s20260917/DeepPCB/test/short/00041089_05_short.jpg,1,53 104 103 138
00041089,/mnt/sda/cbj/dataset/DeepPCB-master/PCBData/group00041/00041/00041089_test.jpg,/mnt/sda/cbj/dataset/DeepPCB-master/PCBData/group00041/00041_not/00041089.txt,spur,136 88 166 117,/mnt/sda/cbj/dataset/DeepPCB_stage1_lowdata_s20260917/DeepPCB/test/spur/00041089_06_spur.jpg,3,136 88 166 117
00041095,/mnt/sda/cbj/dataset/DeepPCB-master/PCBData/group00041/00041/00041095_test.jpg,/mnt/sda/cbj/dataset/DeepPCB-master/PCBData/group00041/00041_not/00041095.txt,open,102 203 139 233,/mnt/sda/cbj/dataset/DeepPCB_stage1_lowdata_s20260917/DeepPCB/test/open/00041095_00_open.jpg,0,102 203 139 233
00041095,/mnt/sda/cbj/dataset/DeepPCB-master/PCBData/group00041/00041/00041095_test.jpg,/mnt/sda/cbj/dataset/DeepPCB-master/PCBData/group00041/00041_not/00041095.txt,short,49 141 108 169,/mnt/sda/cbj/dataset/DeepPCB_stage1_lowdata_s20260917/DeepPCB/test/short/00041095_01_short.jpg,1,49 141 108 169
00041095,/mnt/sda/cbj/dataset/DeepPCB-master/PCBData/group00041/00041/00041095_test.jpg,/mnt/sda/cbj/dataset/DeepPCB-master/PCBData/group00041/00041_not/00041095.txt,spur,104 288 135 323,/mnt/sda/cbj/dataset/DeepPCB_stage1_lowdata_s20260917/DeepPCB/test/spur/00041095_02_spur.jpg,3,104 239 135 274
00041095,/mnt/sda/cbj/dataset/DeepPCB-master/PCBData/group00041/00041/00041095_test.jpg,/mnt/sda/cbj/dataset/DeepPCB-master/PCBData/group00041/00041_not/00041095.txt,pinhole,168 322 210 347,/mnt/sda/cbj/dataset/DeepPCB_stage1_lowdata_s20260917/DeepPCB/test/pinhole/00041095_03_pinhole.jpg,5,168 244 210 269
00041095,/mnt/sda/cbj/dataset/DeepPCB-master/PCBData/group00041/00041/00041095_test.jpg,/mnt/sda/cbj/dataset/DeepPCB-master/PCBData/group00041/00041_not/00041095.txt,spurious_copper,178 246 212 288,/mnt/sda/cbj/dataset/DeepPCB_stage1_lowdata_s20260917/DeepPCB/test/spurious_copper/00041095_04_spurious_copper.jpg,4,178 235 212 277
00041095,/mnt/sda/cbj/dataset/DeepPCB-master/PCBData/group00041/00041/00041095_test.jpg,/mnt/sda/cbj/dataset/DeepPCB-master/PCBData/group00041/00041_not/00041095.txt,mousebite,219 249 255 277,/mnt/sda/cbj/dataset/DeepPCB_stage1_lowdata_s20260917/DeepPCB/test/mousebite/00041095_05_mousebite.jpg,2,219 242 255 270
00041114,/mnt/sda/cbj/dataset/DeepPCB-master/PCBData/group00041/00041/00041114_test.jpg,/mnt/sda/cbj/dataset/DeepPCB-master/PCBData/group00041/00041_not/00041114.txt,open,218 344 253 380,/mnt/sda/cbj/dataset/DeepPCB_stage1_lowdata_s20260917/DeepPCB/test/open/00041114_00_open.jpg,0,218 238 253 274
00041114,/mnt/sda/cbj/dataset/DeepPCB-master/PCBData/group00041/00041/00041114_test.jpg,/mnt/sda/cbj/dataset/DeepPCB-master/PCBData/group00041/00041_not/00041114.txt,short,158 368 186 422,/mnt/sda/cbj/dataset/DeepPCB_stage1_lowdata_s20260917/DeepPCB/test/short/00041114_01_short.jpg,1,158 240 186 294
00041114,/mnt/sda/cbj/dataset/DeepPCB-master/PCBData/group00041/00041/00041114_test.jpg,/mnt/sda/cbj/dataset/DeepPCB-master/PCBData/group00041/00041_not/00041114.txt,spur,287 380 319 421,/mnt/sda/cbj/dataset/DeepPCB_stage1_lowdata_s20260917/DeepPCB/test/spur/00041114_02_spur.jpg,3,240 252 272 293
00041114,/mnt/sda/cbj/dataset/DeepPCB-master/PCBData/group00041/00041/00041114_test.jpg,/mnt/sda/cbj/dataset/DeepPCB-master/PCBData/group00041/00041_not/00041114.txt,pinhole,181 194 217 218,/mnt/sda/cbj/dataset/DeepPCB_stage1_lowdata_s20260917/DeepPCB/test/pinhole/00041114_03_pinhole.jpg,5,181 194 217 218
00041114,/mnt/sda/cbj/dataset/DeepPCB-master/PCBData/group00041/00041/00041114_test.jpg,/mnt/sda/cbj/dataset/DeepPCB-master/PCBData/group00041/00041_not/00041114.txt,spurious_copper,206 269 240 302,/mnt/sda/cbj/dataset/DeepPCB_stage1_lowdata_s20260917/DeepPCB/test/spurious_copper/00041114_04_spurious_copper.jpg,4,206 240 240 273
00041114,/mnt/sda/cbj/dataset/DeepPCB-master/PCBData/group00041/00041/00041114_test.jpg,/mnt/sda/cbj/dataset/DeepPCB-master/PCBData/group00041/00041_not/00041114.txt,mousebite,392 411 427 441,/mnt/sda/cbj/dataset/DeepPCB_stage1_lowdata_s20260917/DeepPCB/test/mousebite/00041114_05_mousebite.jpg,2,264 283 299 313
00041114,/mnt/sda/cbj/dataset/DeepPCB-master/PCBData/group00041/00041/00041114_test.jpg,/mnt/sda/cbj/dataset/DeepPCB-master/PCBData/group00041/00041_not/00041114.txt,spurious_copper,393 266 426 296,/mnt/sda/cbj/dataset/DeepPCB_stage1_lowdata_s20260917/DeepPCB/test/spurious_copper/00041114_06_spurious_copper.jpg,4,265 241 298 271
00041114,/mnt/sda/cbj/dataset/DeepPCB-master/PCBData/group00041/00041/00041114_test.jpg,/mnt/sda/cbj/dataset/DeepPCB-master/PCBData/group00041/00041_not/00041114.txt,short,99 447 125 490,/mnt/sda/cbj/dataset/DeepPCB_stage1_lowdata_s20260917/DeepPCB/test/short/00041114_07_short.jpg,1,99 319 125 362
00041114,/mnt/sda/cbj/dataset/DeepPCB-master/PCBData/group00041/00041/00041114_test.jpg,/mnt/sda/cbj/dataset/DeepPCB-master/PCBData/group00041/00041_not/00041114.txt,mousebite,502 475 539 501,/mnt/sda/cbj/dataset/DeepPCB_stage1_lowdata_s20260917/DeepPCB/test/mousebite/00041114_08_mousebite.jpg,2,374 347 411 373
00041125,/mnt/sda/cbj/dataset/DeepPCB-master/PCBData/group00041/00041/00041125_test.jpg,/mnt/sda/cbj/dataset/DeepPCB-master/PCBData/group00041/00041_not/00041125.txt,open,128 270 164 305,/mnt/sda/cbj/dataset/DeepPCB_stage1_lowdata_s20260917/DeepPCB/test/open/00041125_00_open.jpg,0,128 239 164 274
00041125,/mnt/sda/cbj/dataset/DeepPCB-master/PCBData/group00041/00041/00041125_test.jpg,/mnt/sda/cbj/dataset/DeepPCB-master/PCBData/group00041/00041_not/00041125.txt,short,9 219 56 259,/mnt/sda/cbj/dataset/DeepPCB_stage1_lowdata_s20260917/DeepPCB/test/short/00041125_01_short.jpg,1,9 219 56 259
00041125,/mnt/sda/cbj/dataset/DeepPCB-master/PCBData/group00041/00041/00041125_test.jpg,/mnt/sda/cbj/dataset/DeepPCB-master/PCBData/group00041/00041_not/00041125.txt,mousebite,411 354 439 383,/mnt/sda/cbj/dataset/DeepPCB_stage1_lowdata_s20260917/DeepPCB/test/mousebite/00041125_02_mousebite.jpg,2,283 242 311 271
00041125,/mnt/sda/cbj/dataset/DeepPCB-master/PCBData/group00041/00041/00041125_test.jpg,/mnt/sda/cbj/dataset/DeepPCB-master/PCBData/group00041/00041_not/00041125.txt,spurious_copper,174 348 208 381,/mnt/sda/cbj/dataset/DeepPCB_stage1_lowdata_s20260917/DeepPCB/test/spurious_copper/00041125_03_spurious_copper.jpg,4,174 240 208 273
00041125,/mnt/sda/cbj/dataset/DeepPCB-master/PCBData/group00041/00041/00041125_test.jpg,/mnt/sda/cbj/dataset/DeepPCB-master/PCBData/group00041/00041_not/00041125.txt,pinhole,167 87 202 115,/mnt/sda/cbj/dataset/DeepPCB_stage1_lowdata_s20260917/DeepPCB/test/pinhole/00041125_04_pinhole.jpg,5,167 87 202 115
00041125,/mnt/sda/cbj/dataset/DeepPCB-master/PCBData/group00041/00041/00041125_test.jpg,/mnt/sda/cbj/dataset/DeepPCB-master/PCBData/group00041/00041_not/00041125.txt,spur,118 183 149 212,/mnt/sda/cbj/dataset/DeepPCB_stage1_lowdata_s20260917/DeepPCB/test/spur/00041125_05_spur.jpg,3,118 183 149 212
00041125,/mnt/sda/cbj/dataset/DeepPCB-master/PCBData/group00041/00041/00041125_test.jpg,/mnt/sda/cbj/dataset/DeepPCB-master/PCBData/group00041/00041_not/00041125.txt,spurious_copper,505 301 537 331,/mnt/sda/cbj/dataset/DeepPCB_stage1_lowdata_s20260917/DeepPCB/test/spurious_copper/00041125_06_spurious_copper.jpg,4,377 241 409 271
00041125,/mnt/sda/cbj/dataset/DeepPCB-master/PCBData/group00041/00041/00041125_test.jpg,/mnt/sda/cbj/dataset/DeepPCB-master/PCBData/group00041/00041_not/00041125.txt,mousebite,109 231 142 267,/mnt/sda/cbj/dataset/DeepPCB_stage1_lowdata_s20260917/DeepPCB/test/mousebite/00041125_07_mousebite.jpg,2,109 231 142 267
00041125,/mnt/sda/cbj/dataset/DeepPCB-master/PCBData/group00041/00041/00041125_test.jpg,/mnt/sda/cbj/dataset/DeepPCB-master/PCBData/group00041/00041_not/00041125.txt,short,65 323 90 365,/mnt/sda/cbj/dataset/DeepPCB_stage1_lowdata_s20260917/DeepPCB/test/short/00041125_08_short.jpg,1,65 235 90 277
00041133,/mnt/sda/cbj/dataset/DeepPCB-master/PCBData/group00041/00041/00041133_test.jpg,/mnt/sda/cbj/dataset/DeepPCB-master/PCBData/group00041/00041_not/00041133.txt,open,436 170 486 202,/mnt/sda/cbj/dataset/DeepPCB_stage1_lowdata_s20260917/DeepPCB/test/open/00041133_00_open.jpg,0,308 170 358 202
00041133,/mnt/sda/cbj/dataset/DeepPCB-master/PCBData/group00041/00041/00041133_test.jpg,/mnt/sda/cbj/dataset/DeepPCB-master/PCBData/group00041/00041_not/00041133.txt,short,453 71 479 113,/mnt/sda/cbj/dataset/DeepPCB_stage1_lowdata_s20260917/DeepPCB/test/short/00041133_01_short.jpg,1,325 71 351 113
00041133,/mnt/sda/cbj/dataset/DeepPCB-master/PCBData/group00041/00041/00041133_test.jpg,/mnt/sda/cbj/dataset/DeepPCB-master/PCBData/group00041/00041_not/00041133.txt,mousebite,230 67 262 94,/mnt/sda/cbj/dataset/DeepPCB_stage1_lowdata_s20260917/DeepPCB/test/mousebite/00041133_02_mousebite.jpg,2,230 67 262 94
00041133,/mnt/sda/cbj/dataset/DeepPCB-master/PCBData/group00041/00041/00041133_test.jpg,/mnt/sda/cbj/dataset/DeepPCB-master/PCBData/group00041/00041_not/00041133.txt,spur,215 256 250 290,/mnt/sda/cbj/dataset/DeepPCB_stage1_lowdata_s20260917/DeepPCB/test/spur/00041133_03_spur.jpg,3,215 239 250 273
00041133,/mnt/sda/cbj/dataset/DeepPCB-master/PCBData/group00041/00041/00041133_test.jpg,/mnt/sda/cbj/dataset/DeepPCB-master/PCBData/group00041/00041_not/00041133.txt,spurious_copper,321 268 350 301,/mnt/sda/cbj/dataset/DeepPCB_stage1_lowdata_s20260917/DeepPCB/test/spurious_copper/00041133_04_spurious_copper.jpg,4,242 240 271 273
00041133,/mnt/sda/cbj/dataset/DeepPCB-master/PCBData/group00041/00041/00041133_test.jpg,/mnt/sda/cbj/dataset/DeepPCB-master/PCBData/group00041/00041_not/00041133.txt,pinhole,193 127 229 157,/mnt/sda/cbj/dataset/DeepPCB_stage1_lowdata_s20260917/DeepPCB/test/pinhole/00041133_05_pinhole.jpg,5,193 127 229 157
00041142,/mnt/sda/cbj/dataset/DeepPCB-master/PCBData/group00041/00041/00041142_test.jpg,/mnt/sda/cbj/dataset/DeepPCB-master/PCBData/group00041/00041_not/00041142.txt,open,276 447 324 487,/mnt/sda/cbj/dataset/DeepPCB_stage1_lowdata_s20260917/DeepPCB/test/open/00041142_00_open.jpg,0,232 319 280 359
00041142,/mnt/sda/cbj/dataset/DeepPCB-master/PCBData/group00041/00041/00041142_test.jpg,/mnt/sda/cbj/dataset/DeepPCB-master/PCBData/group00041/00041_not/00041142.txt,mousebite,402 382 438 408,/mnt/sda/cbj/dataset/DeepPCB_stage1_lowdata_s20260917/DeepPCB/test/mousebite/00041142_01_mousebite.jpg,2,274 254 310 280
00041142,/mnt/sda/cbj/dataset/DeepPCB-master/PCBData/group00041/00041/00041142_test.jpg,/mnt/sda/cbj/dataset/DeepPCB-master/PCBData/group00041/00041_not/00041142.txt,spur,152 174 186 215,/mnt/sda/cbj/dataset/DeepPCB_stage1_lowdata_s20260917/DeepPCB/test/spur/00041142_02_spur.jpg,3,152 174 186 215
00041142,/mnt/sda/cbj/dataset/DeepPCB-master/PCBData/group00041/00041/00041142_test.jpg,/mnt/sda/cbj/dataset/DeepPCB-master/PCBData/group00041/00041_not/00041142.txt,pinhole,290 69 331 111,/mnt/sda/cbj/dataset/DeepPCB_stage1_lowdata_s20260917/DeepPCB/test/pinhole/00041142_03_pinhole.jpg,5,236 69 277 111
00041142,/mnt/sda/cbj/dataset/DeepPCB-master/PCBData/group00041/00041/00041142_test.jpg,/mnt/sda/cbj/dataset/DeepPCB-master/PCBData/group00041/00041_not/00041142.txt,spurious_copper,239 302 271 338,/mnt/sda/cbj/dataset/DeepPCB_stage1_lowdata_s20260917/DeepPCB/test/spurious_copper/00041142_04_spurious_copper.jpg,4,239 238 271 274
00041142,/mnt/sda/cbj/dataset/DeepPCB-master/PCBData/group00041/00041/00041142_test.jpg,/mnt/sda/cbj/dataset/DeepPCB-master/PCBData/group00041/00041_not/00041142.txt,short,455 406 483 471,/mnt/sda/cbj/dataset/DeepPCB_stage1_lowdata_s20260917/DeepPCB/test/short/00041142_05_short.jpg,1,327 278 355 343
00041150,/mnt/sda/cbj/dataset/DeepPCB-master/PCBData/group00041/00041/00041150_test.jpg,/mnt/sda/cbj/dataset/DeepPCB-master/PCBData/group00041/00041_not/00041150.txt,open,204 244 246 277,/mnt/sda/cbj/dataset/DeepPCB_stage1_lowdata_s20260917/DeepPCB/test/open/00041150_00_open.jpg,0,204 240 246 273
00041150,/mnt/sda/cbj/dataset/DeepPCB-master/PCBData/group00041/00041/00041150_test.jpg,/mnt/sda/cbj/dataset/DeepPCB-master/PCBData/group00041/00041_not/00041150.txt,short,259 253 292 296,/mnt/sda/cbj/dataset/DeepPCB_stage1_lowdata_s20260917/DeepPCB/test/short/00041150_01_short.jpg,1,240 235 273 278
00041150,/mnt/sda/cbj/dataset/DeepPCB-master/PCBData/group00041/00041/00041150_test.jpg,/mnt/sda/cbj/dataset/DeepPCB-master/PCBData/group00041/00041_not/00041150.txt,mousebite,305 314 338 353,/mnt/sda/cbj/dataset/DeepPCB_stage1_lowdata_s20260917/DeepPCB/test/mousebite/00041150_02_mousebite.jpg,2,240 237 273 276
00041150,/mnt/sda/cbj/dataset/DeepPCB-master/PCBData/group00041/00041/00041150_test.jpg,/mnt/sda/cbj/dataset/DeepPCB-master/PCBData/group00041/00041_not/00041150.txt,spur,371 264 402 297,/mnt/sda/cbj/dataset/DeepPCB_stage1_lowdata_s20260917/DeepPCB/test/spur/00041150_03_spur.jpg,3,243 240 274 273
00041150,/mnt/sda/cbj/dataset/DeepPCB-master/PCBData/group00041/00041/00041150_test.jpg,/mnt/sda/cbj/dataset/DeepPCB-master/PCBData/group00041/00041_not/00041150.txt,pinhole,302 130 356 160,/mnt/sda/cbj/dataset/DeepPCB_stage1_lowdata_s20260917/DeepPCB/test/pinhole/00041150_04_pinhole.jpg,5,229 130 283 160
00041150,/mnt/sda/cbj/dataset/DeepPCB-master/PCBData/group00041/00041/00041150_test.jpg,/mnt/sda/cbj/dataset/DeepPCB-master/PCBData/group00041/00041_not/00041150.txt,spurious_copper,391 194 437 221,/mnt/sda/cbj/dataset/DeepPCB_stage1_lowdata_s20260917/DeepPCB/test/spurious_copper/00041150_05_spurious_copper.jpg,4,263 194 309 221
00041169,/mnt/sda/cbj/dataset/DeepPCB-master/PCBData/group00041/00041/00041169_test.jpg,/mnt/sda/cbj/dataset/DeepPCB-master/PCBData/group00041/00041_not/00041169.txt,open,130 353 197 392,/mnt/sda/cbj/dataset/DeepPCB_stage1_lowdata_s20260917/DeepPCB/test/open/00041169_00_open.jpg,0,130 237 197 276
00041169,/mnt/sda/cbj/dataset/DeepPCB-master/PCBData/group00041/00041/00041169_test.jpg,/mnt/sda/cbj/dataset/DeepPCB-master/PCBData/group00041/00041_not/00041169.txt,short,414 308 442 402,/mnt/sda/cbj/dataset/DeepPCB_stage1_lowdata_s20260917/DeepPCB/test/short/00041169_01_short.jpg,1,286 209 314 303
00041169,/mnt/sda/cbj/dataset/DeepPCB-master/PCBData/group00041/00041/00041169_test.jpg,/mnt/sda/cbj/dataset/DeepPCB-master/PCBData/group00041/00041_not/00041169.txt,mousebite,342 437 380 464,/mnt/sda/cbj/dataset/DeepPCB_stage1_lowdata_s20260917/DeepPCB/test/mousebite/00041169_02_mousebite.jpg,2,237 309 275 336
00041169,/mnt/sda/cbj/dataset/DeepPCB-master/PCBData/group00041/00041/00041169_test.jpg,/mnt/sda/cbj/dataset/DeepPCB-master/PCBData/group00041/00041_not/00041169.txt,spur,457 303 492 342,/mnt/sda/cbj/dataset/DeepPCB_stage1_lowdata_s20260917/DeepPCB/test/spur/00041169_03_spur.jpg,3,329 237 364 276
00041169,/mnt/sda/cbj/dataset/DeepPCB-master/PCBData/group00041/00041/00041169_test.jpg,/mnt/sda/cbj/dataset/DeepPCB-master/PCBData/group00041/00041_not/00041169.txt,spurious_copper,91 279 129 313,/mnt/sda/cbj/dataset/DeepPCB_stage1_lowdata_s20260917/DeepPCB/test/spurious_copper/00041169_04_spurious_copper.jpg,4,91 239 129 273
00041169,/mnt/sda/cbj/dataset/DeepPCB-master/PCBData/group00041/00041/00041169_test.jpg,/mnt/sda/cbj/dataset/DeepPCB-master/PCBData/group00041/00041_not/00041169.txt,pinhole,243 130 275 162,/mnt/sda/cbj/dataset/DeepPCB_stage1_lowdata_s20260917/DeepPCB/test/pinhole/00041169_05_pinhole.jpg,5,240 130 272 162
00041180,/mnt/sda/cbj/dataset/DeepPCB-master/PCBData/group00041/00041/00041180_test.jpg,/mnt/sda/cbj/dataset/DeepPCB-master/PCBData/group00041/00041_not/00041180.txt,open,146 300 197 325,/mnt/sda/cbj/dataset/DeepPCB_stage1_lowdata_s20260917/DeepPCB/test/open/00041180_00_open.jpg,0,146 244 197 269
00041180,/mnt/sda/cbj/dataset/DeepPCB-master/PCBData/group00041/00041/00041180_test.jpg,/mnt/sda/cbj/dataset/DeepPCB-master/PCBData/group00041/00041_not/00041180.txt,short,210 99 255 145,/mnt/sda/cbj/dataset/DeepPCB_stage1_lowdata_s20260917/DeepPCB/test/short/00041180_01_short.jpg,1,210 99 255 145
00041180,/mnt/sda/cbj/dataset/DeepPCB-master/PCBData/group00041/00041/00041180_test.jpg,/mnt/sda/cbj/dataset/DeepPCB-master/PCBData/group00041/00041_not/00041180.txt,mousebite,302 54 332 85,/mnt/sda/cbj/dataset/DeepPCB_stage1_lowdata_s20260917/DeepPCB/test/mousebite/00041180_02_mousebite.jpg,2,241 54 271 85
00041180,/mnt/sda/cbj/dataset/DeepPCB-master/PCBData/group00041/00041/00041180_test.jpg,/mnt/sda/cbj/dataset/DeepPCB-master/PCBData/group00041/00041_not/00041180.txt,mousebite,459 237 496 263,/mnt/sda/cbj/dataset/DeepPCB_stage1_lowdata_s20260917/DeepPCB/test/mousebite/00041180_03_mousebite.jpg,2,331 237 368 263
00041180,/mnt/sda/cbj/dataset/DeepPCB-master/PCBData/group00041/00041/00041180_test.jpg,/mnt/sda/cbj/dataset/DeepPCB-master/PCBData/group00041/00041_not/00041180.txt,spurious_copper,310 338 343 371,/mnt/sda/cbj/dataset/DeepPCB_stage1_lowdata_s20260917/DeepPCB/test/spurious_copper/00041180_04_spurious_copper.jpg,4,240 240 273 273
00041180,/mnt/sda/cbj/dataset/DeepPCB-master/PCBData/group00041/00041/00041180_test.jpg,/mnt/sda/cbj/dataset/DeepPCB-master/PCBData/group00041/00041_not/00041180.txt,pinhole,534 319 568 348,/mnt/sda/cbj/dataset/DeepPCB_stage1_lowdata_s20260917/DeepPCB/test/pinhole/00041180_05_pinhole.jpg,5,406 242 440 271
00041180,/mnt/sda/cbj/dataset/DeepPCB-master/PCBData/group00041/00041/00041180_test.jpg,/mnt/sda/cbj/dataset/DeepPCB-master/PCBData/group00041/00041_not/00041180.txt,spurious_copper,380 395 418 426,/mnt/sda/cbj/dataset/DeepPCB_stage1_lowdata_s20260917/DeepPCB/test/spurious_copper/00041180_06_spurious_copper.jpg,4,252 267 290 298
00041180,/mnt/sda/cbj/dataset/DeepPCB-master/PCBData/group00041/00041/00041180_test.jpg,/mnt/sda/cbj/dataset/DeepPCB-master/PCBData/group00041/00041_not/00041180.txt,spur,294 482 333 522,/mnt/sda/cbj/dataset/DeepPCB_stage1_lowdata_s20260917/DeepPCB/test/spur/00041180_07_spur.jpg,3,237 354 276 394
00041180,/mnt/sda/cbj/dataset/DeepPCB-master/PCBData/group00041/00041/00041180_test.jpg,/mnt/sda/cbj/dataset/DeepPCB-master/PCBData/group00041/00041_not/00041180.txt,spur,501 288 536 324,/mnt/sda/cbj/dataset/DeepPCB_stage1_lowdata_s20260917/DeepPCB/test/spur/00041180_08_spur.jpg,3,373 238 408 274
00041181,/mnt/sda/cbj/dataset/DeepPCB-master/PCBData/group00041/00041/00041181_test.jpg,/mnt/sda/cbj/dataset/DeepPCB-master/PCBData/group00041/00041_not/00041181.txt,open,52 270 92 305,/mnt/sda/cbj/dataset/DeepPCB_stage1_lowdata_s20260917/DeepPCB/test/open/00041181_00_open.jpg,0,52 239 92 274
00041181,/mnt/sda/cbj/dataset/DeepPCB-master/PCBData/group00041/00041/00041181_test.jpg,/mnt/sda/cbj/dataset/DeepPCB-master/PCBData/group00041/00041_not/00041181.txt,spur,202 304 242 335,/mnt/sda/cbj/dataset/DeepPCB_stage1_lowdata_s20260917/DeepPCB/test/spur/00041181_01_spur.jpg,3,202 241 242 272
00041181,/mnt/sda/cbj/dataset/DeepPCB-master/PCBData/group00041/00041/00041181_test.jpg,/mnt/sda/cbj/dataset/DeepPCB-master/PCBData/group00041/00041_not/00041181.txt,pinhole,377 205 422 231,/mnt/sda/cbj/dataset/DeepPCB_stage1_lowdata_s20260917/DeepPCB/test/pinhole/00041181_02_pinhole.jpg,5,249 205 294 231
00041181,/mnt/sda/cbj/dataset/DeepPCB-master/PCBData/group00041/00041/00041181_test.jpg,/mnt/sda/cbj/dataset/DeepPCB-master/PCBData/group00041/00041_not/00041181.txt,spurious_copper,364 308 398 342,/mnt/sda/cbj/dataset/DeepPCB_stage1_lowdata_s20260917/DeepPCB/test/spurious_copper/00041181_03_spurious_copper.jpg,4,239 239 273 273
00041181,/mnt/sda/cbj/dataset/DeepPCB-master/PCBData/group00041/00041/00041181_test.jpg,/mnt/sda/cbj/dataset/DeepPCB-master/PCBData/group00041/00041_not/00041181.txt,mousebite,124 251 154 287,/mnt/sda/cbj/dataset/DeepPCB_stage1_lowdata_s20260917/DeepPCB/test/mousebite/00041181_04_mousebite.jpg,2,124 238 154 274
00041181,/mnt/sda/cbj/dataset/DeepPCB-master/PCBData/group00041/00041/00041181_test.jpg,/mnt/sda/cbj/dataset/DeepPCB-master/PCBData/group00041/00041_not/00041181.txt,short,209 224 298 284,/mnt/sda/cbj/dataset/DeepPCB_stage1_lowdata_s20260917/DeepPCB/test/short/00041181_05_short.jpg,1,209 224 298 284
00041181,/mnt/sda/cbj/dataset/DeepPCB-master/PCBData/group00041/00041/00041181_test.jpg,/mnt/sda/cbj/dataset/DeepPCB-master/PCBData/group00041/00041_not/00041181.txt,spur,163 59 200 96,/mnt/sda/cbj/dataset/DeepPCB_stage1_lowdata_s20260917/DeepPCB/test/spur/00041181_06_spur.jpg,3,163 59 200 96
00041181,/mnt/sda/cbj/dataset/DeepPCB-master/PCBData/group00041/00041/00041181_test.jpg,/mnt/sda/cbj/dataset/DeepPCB-master/PCBData/group00041/00041_not/00041181.txt,pinhole,449 198 489 232,/mnt/sda/cbj/dataset/DeepPCB_stage1_lowdata_s20260917/DeepPCB/test/pinhole/00041181_07_pinhole.jpg,5,321 198 361 232
00041190,/mnt/sda/cbj/dataset/DeepPCB-master/PCBData/group00041/00041/00041190_test.jpg,/mnt/sda/cbj/dataset/DeepPCB-master/PCBData/group00041/00041_not/00041190.txt,open,196 234 230 269,/mnt/sda/cbj/dataset/DeepPCB_stage1_lowdata_s20260917/DeepPCB/test/open/00041190_00_open.jpg,0,196 234 230 269
00041190,/mnt/sda/cbj/dataset/DeepPCB-master/PCBData/group00041/00041/00041190_test.jpg,/mnt/sda/cbj/dataset/DeepPCB-master/PCBData/group00041/00041_not/00041190.txt,short,116 168 143 209,/mnt/sda/cbj/dataset/DeepPCB_stage1_lowdata_s20260917/DeepPCB/test/short/00041190_01_short.jpg,1,116 168 143 209
00041190,/mnt/sda/cbj/dataset/DeepPCB-master/PCBData/group00041/00041/00041190_test.jpg,/mnt/sda/cbj/dataset/DeepPCB-master/PCBData/group00041/00041_not/00041190.txt,mousebite,153 119 189 152,/mnt/sda/cbj/dataset/DeepPCB_stage1_lowdata_s20260917/DeepPCB/test/mousebite/00041190_02_mousebite.jpg,2,153 119 189 152
00041190,/mnt/sda/cbj/dataset/DeepPCB-master/PCBData/group00041/00041/00041190_test.jpg,/mnt/sda/cbj/dataset/DeepPCB-master/PCBData/group00041/00041_not/00041190.txt,spur,492 108 528 140,/mnt/sda/cbj/dataset/DeepPCB_stage1_lowdata_s20260917/DeepPCB/test/spur/00041190_03_spur.jpg,3,364 108 400 140
00041190,/mnt/sda/cbj/dataset/DeepPCB-master/PCBData/group00041/00041/00041190_test.jpg,/mnt/sda/cbj/dataset/DeepPCB-master/PCBData/group00041/00041_not/00041190.txt,spurious_copper,332 185 367 215,/mnt/sda/cbj/dataset/DeepPCB_stage1_lowdata_s20260917/DeepPCB/test/spurious_copper/00041190_04_spurious_copper.jpg,4,239 185 274 215
00041190,/mnt/sda/cbj/dataset/DeepPCB-master/PCBData/group00041/00041/00041190_test.jpg,/mnt/sda/cbj/dataset/DeepPCB-master/PCBData/group00041/00041_not/00041190.txt,pinhole,351 42 391 72,/mnt/sda/cbj/dataset/DeepPCB_stage1_lowdata_s20260917/DeepPCB/test/pinhole/00041190_05_pinhole.jpg,5,236 42 276 72
13000003,/mnt/sda/cbj/dataset/DeepPCB-master/PCBData/group13000/13000/13000003_test.jpg,/mnt/sda/cbj/dataset/DeepPCB-master/PCBData/group13000/13000_not/13000003.txt,open,170 272 236 301,/mnt/sda/cbj/dataset/DeepPCB_stage1_lowdata_s20260917/DeepPCB/test/open/13000003_00_open.jpg,0,170 242 236 271
13000003,/mnt/sda/cbj/dataset/DeepPCB-master/PCBData/group13000/13000/13000003_test.jpg,/mnt/sda/cbj/dataset/DeepPCB-master/PCBData/group13000/13000_not/13000003.txt,mousebite,141 161 171 186,/mnt/sda/cbj/dataset/DeepPCB_stage1_lowdata_s20260917/DeepPCB/test/mousebite/13000003_01_mousebite.jpg,2,141 161 171 186
13000003,/mnt/sda/cbj/dataset/DeepPCB-master/PCBData/group13000/13000/13000003_test.jpg,/mnt/sda/cbj/dataset/DeepPCB-master/PCBData/group13000/13000_not/13000003.txt,spurious_copper,401 217 431 257,/mnt/sda/cbj/dataset/DeepPCB_stage1_lowdata_s20260917/DeepPCB/test/spurious_copper/13000003_02_spurious_copper.jpg,4,273 217 303 257
13000003,/mnt/sda/cbj/dataset/DeepPCB-master/PCBData/group13000/13000/13000003_test.jpg,/mnt/sda/cbj/dataset/DeepPCB-master/PCBData/group13000/13000_not/13000003.txt,pinhole,428 362 468 395,/mnt/sda/cbj/dataset/DeepPCB_stage1_lowdata_s20260917/DeepPCB/test/pinhole/13000003_03_pinhole.jpg,5,300 240 340 273
13000003,/mnt/sda/cbj/dataset/DeepPCB-master/PCBData/group13000/13000/13000003_test.jpg,/mnt/sda/cbj/dataset/DeepPCB-master/PCBData/group13000/13000_not/13000003.txt,spurious_copper,51 230 81 266,/mnt/sda/cbj/dataset/DeepPCB_stage1_lowdata_s20260917/DeepPCB/test/spurious_copper/13000003_04_spurious_copper.jpg,4,51 230 81 266
13000003,/mnt/sda/cbj/dataset/DeepPCB-master/PCBData/group13000/13000/13000003_test.jpg,/mnt/sda/cbj/dataset/DeepPCB-master/PCBData/group13000/13000_not/13000003.txt,spur,147 217 180 243,/mnt/sda/cbj/dataset/DeepPCB_stage1_lowdata_s20260917/DeepPCB/test/spur/13000003_05_spur.jpg,3,147 217 180 243
13000003,/mnt/sda/cbj/dataset/DeepPCB-master/PCBData/group13000/13000/13000003_test.jpg,/mnt/sda/cbj/dataset/DeepPCB-master/PCBData/group13000/13000_not/13000003.txt,spurious_copper,388 119 419 148,/mnt/sda/cbj/dataset/DeepPCB_stage1_lowdata_s20260917/DeepPCB/test/spurious_copper/13000003_06_spurious_copper.jpg,4,260 119 291 148
13000003,/mnt/sda/cbj/dataset/DeepPCB-master/PCBData/group13000/13000/13000003_test.jpg,/mnt/sda/cbj/dataset/DeepPCB-master/PCBData/group13000/13000_not/13000003.txt,pinhole,568 419 605 447,/mnt/sda/cbj/dataset/DeepPCB_stage1_lowdata_s20260917/DeepPCB/test/pinhole/13000003_07_pinhole.jpg,5,440 291 477 319
13000003,/mnt/sda/cbj/dataset/DeepPCB-master/PCBData/group13000/13000/13000003_test.jpg,/mnt/sda/cbj/dataset/DeepPCB-master/PCBData/group13000/13000_not/13000003.txt,short,310 274 344 300,/mnt/sda/cbj/dataset/DeepPCB_stage1_lowdata_s20260917/DeepPCB/test/short/13000003_08_short.jpg,1,239 243 273 269
13000008,/mnt/sda/cbj/dataset/DeepPCB-master/PCBData/group13000/13000/13000008_test.jpg,/mnt/sda/cbj/dataset/DeepPCB-master/PCBData/group13000/13000_not/13000008.txt,open,160 303 200 328,/mnt/sda/cbj/dataset/DeepPCB_stage1_lowdata_s20260917/DeepPCB/test/open/13000008_00_open.jpg,0,160 244 200 269
13000008,/mnt/sda/cbj/dataset/DeepPCB-master/PCBData/group13000/13000/13000008_test.jpg,/mnt/sda/cbj/dataset/DeepPCB-master/PCBData/group13000/13000_not/13000008.txt,short,420 258 447 302,/mnt/sda/cbj/dataset/DeepPCB_stage1_lowdata_s20260917/DeepPCB/test/short/13000008_01_short.jpg,1,292 234 319 278
13000008,/mnt/sda/cbj/dataset/DeepPCB-master/PCBData/group13000/13000/13000008_test.jpg,/mnt/sda/cbj/dataset/DeepPCB-master/PCBData/group13000/13000_not/13000008.txt,short,147 384 188 412,/mnt/sda/cbj/dataset/DeepPCB_stage1_lowdata_s20260917/DeepPCB/test/short/13000008_02_short.jpg,1,147 256 188 284
13000008,/mnt/sda/cbj/dataset/DeepPCB-master/PCBData/group13000/13000/13000008_test.jpg,/mnt/sda/cbj/dataset/DeepPCB-master/PCBData/group13000/13000_not/13000008.txt,mousebite,183 156 219 183,/mnt/sda/cbj/dataset/DeepPCB_stage1_lowdata_s20260917/DeepPCB/test/mousebite/13000008_03_mousebite.jpg,2,183 156 219 183
13000008,/mnt/sda/cbj/dataset/DeepPCB-master/PCBData/group13000/13000/13000008_test.jpg,/mnt/sda/cbj/dataset/DeepPCB-master/PCBData/group13000/13000_not/13000008.txt,spur,234 153 267 180,/mnt/sda/cbj/dataset/DeepPCB_stage1_lowdata_s20260917/DeepPCB/test/spur/13000008_04_spur.jpg,3,234 153 267 180
13000008,/mnt/sda/cbj/dataset/DeepPCB-master/PCBData/group13000/13000/13000008_test.jpg,/mnt/sda/cbj/dataset/DeepPCB-master/PCBData/group13000/13000_not/13000008.txt,pinhole,149 180 185 206,/mnt/sda/cbj/dataset/DeepPCB_stage1_lowdata_s20260917/DeepPCB/test/pinhole/13000008_05_pinhole.jpg,5,149 180 185 206
13000008,/mnt/sda/cbj/dataset/DeepPCB-master/PCBData/group13000/13000/13000008_test.jpg,/mnt/sda/cbj/dataset/DeepPCB-master/PCBData/group13000/13000_not/13000008.txt,spurious_copper,68 202 117 238,/mnt/sda/cbj/dataset/DeepPCB_stage1_lowdata_s20260917/DeepPCB/test/spurious_copper/13000008_06_spurious_copper.jpg,4,68 202 117 238
13000008,/mnt/sda/cbj/dataset/DeepPCB-master/PCBData/group13000/13000/13000008_test.jpg,/mnt/sda/cbj/dataset/DeepPCB-master/PCBData/group13000/13000_not/13000008.txt,short,395 129 423 161,/mnt/sda/cbj/dataset/DeepPCB_stage1_lowdata_s20260917/DeepPCB/test/short/13000008_07_short.jpg,1,267 129 295 161
13000008,/mnt/sda/cbj/dataset/DeepPCB-master/PCBData/group13000/13000/13000008_test.jpg,/mnt/sda/cbj/dataset/DeepPCB-master/PCBData/group13000/13000_not/13000008.txt,spurious_copper,57 399 100 443,/mnt/sda/cbj/dataset/DeepPCB_stage1_lowdata_s20260917/DeepPCB/test/spurious_copper/13000008_08_spurious_copper.jpg,4,57 271 100 315
13000009,/mnt/sda/cbj/dataset/DeepPCB-master/PCBData/group13000/13000/13000009_test.jpg,/mnt/sda/cbj/dataset/DeepPCB-master/PCBData/group13000/13000_not/13000009.txt,open,295 269 342 300,/mnt/sda/cbj/dataset/DeepPCB_stage1_lowdata_s20260917/DeepPCB/test/open/13000009_00_open.jpg,0,233 241 280 272
13000009,/mnt/sda/cbj/dataset/DeepPCB-master/PCBData/group13000/13000/13000009_test.jpg,/mnt/sda/cbj/dataset/DeepPCB-master/PCBData/group13000/13000_not/13000009.txt,mousebite,185 258 213 285,/mnt/sda/cbj/dataset/DeepPCB_stage1_lowdata_s20260917/DeepPCB/test/mousebite/13000009_01_mousebite.jpg,2,185 243 213 270
13000009,/mnt/sda/cbj/dataset/DeepPCB-master/PCBData/group13000/13000/13000009_test.jpg,/mnt/sda/cbj/dataset/DeepPCB-master/PCBData/group13000/13000_not/13000009.txt,spurious_copper,96 166 127 193,/mnt/sda/cbj/dataset/DeepPCB_stage1_lowdata_s20260917/DeepPCB/test/spurious_copper/13000009_02_spurious_copper.jpg,4,96 166 127 193
13000009,/mnt/sda/cbj/dataset/DeepPCB-master/PCBData/group13000/13000/13000009_test.jpg,/mnt/sda/cbj/dataset/DeepPCB-master/PCBData/group13000/13000_not/13000009.txt,pinhole,279 356 306 381,/mnt/sda/cbj/dataset/DeepPCB_stage1_lowdata_s20260917/DeepPCB/test/pinhole/13000009_03_pinhole.jpg,5,243 244 270 269
13000009,/mnt/sda/cbj/dataset/DeepPCB-master/PCBData/group13000/13000/13000009_test.jpg,/mnt/sda/cbj/dataset/DeepPCB-master/PCBData/group13000/13000_not/13000009.txt,open,211 391 255 425,/mnt/sda/cbj/dataset/DeepPCB_stage1_lowdata_s20260917/DeepPCB/test/open/13000009_04_open.jpg,0,211 263 255 297
13000009,/mnt/sda/cbj/dataset/DeepPCB-master/PCBData/group13000/13000/13000009_test.jpg,/mnt/sda/cbj/dataset/DeepPCB-master/PCBData/group13000/13000_not/13000009.txt,spurious_copper,63 276 91 307,/mnt/sda/cbj/dataset/DeepPCB_stage1_lowdata_s20260917/DeepPCB/test/spurious_copper/13000009_05_spurious_copper.jpg,4,63 241 91 272
13000009,/mnt/sda/cbj/dataset/DeepPCB-master/PCBData/group13000/13000/13000009_test.jpg,/mnt/sda/cbj/dataset/DeepPCB-master/PCBData/group13000/13000_not/13000009.txt,spur,441 278 481 306,/mnt/sda/cbj/dataset/DeepPCB_stage1_lowdata_s20260917/DeepPCB/test/spur/13000009_06_spur.jpg,3,313 242 353 270
13000009,/mnt/sda/cbj/dataset/DeepPCB-master/PCBData/group13000/13000/13000009_test.jpg,/mnt/sda/cbj/dataset/DeepPCB-master/PCBData/group13000/13000_not/13000009.txt,pinhole,387 121 420 146,/mnt/sda/cbj/dataset/DeepPCB_stage1_lowdata_s20260917/DeepPCB/test/pinhole/13000009_07_pinhole.jpg,5,259 121 292 146
13000009,/mnt/sda/cbj/dataset/DeepPCB-master/PCBData/group13000/13000/13000009_test.jpg,/mnt/sda/cbj/dataset/DeepPCB-master/PCBData/group13000/13000_not/13000009.txt,short,483 507 538 534,/mnt/sda/cbj/dataset/DeepPCB_stage1_lowdata_s20260917/DeepPCB/test/short/13000009_08_short.jpg,1,355 379 410 406
13000009,/mnt/sda/cbj/dataset/DeepPCB-master/PCBData/group13000/13000/13000009_test.jpg,/mnt/sda/cbj/dataset/DeepPCB-master/PCBData/group13000/13000_not/13000009.txt,spur,452 597 478 625,/mnt/sda/cbj/dataset/DeepPCB_stage1_lowdata_s20260917/DeepPCB/test/spur/13000009_09_spur.jpg,3,324 469 350 497
13000017,/mnt/sda/cbj/dataset/DeepPCB-master/PCBData/group13000/13000/13000017_test.jpg,/mnt/sda/cbj/dataset/DeepPCB-master/PCBData/group13000/13000_not/13000017.txt,open,4 517 43 543,/mnt/sda/cbj/dataset/DeepPCB_stage1_lowdata_s20260917/DeepPCB/test/open/13000017_00_open.jpg,0,4 389 43 415
13000017,/mnt/sda/cbj/dataset/DeepPCB-master/PCBData/group13000/13000/13000017_test.jpg,/mnt/sda/cbj/dataset/DeepPCB-master/PCBData/group13000/13000_not/13000017.txt,open,577 403 627 427,/mnt/sda/cbj/dataset/DeepPCB_stage1_lowdata_s20260917/DeepPCB/test/open/13000017_01_open.jpg,0,449 275 499 299
13000017,/mnt/sda/cbj/dataset/DeepPCB-master/PCBData/group13000/13000/13000017_test.jpg,/mnt/sda/cbj/dataset/DeepPCB-master/PCBData/group13000/13000_not/13000017.txt,short,51 573 76 602,/mnt/sda/cbj/dataset/DeepPCB_stage1_lowdata_s20260917/DeepPCB/test/short/13000017_02_short.jpg,1,51 445 76 474
13000017,/mnt/sda/cbj/dataset/DeepPCB-master/PCBData/group13000/13000/13000017_test.jpg,/mnt/sda/cbj/dataset/DeepPCB-master/PCBData/group13000/13000_not/13000017.txt,mousebite,389 64 417 90,/mnt/sda/cbj/dataset/DeepPCB_stage1_lowdata_s20260917/DeepPCB/test/mousebite/13000017_03_mousebite.jpg,2,261 64 289 90
13000017,/mnt/sda/cbj/dataset/DeepPCB-master/PCBData/group13000/13000/13000017_test.jpg,/mnt/sda/cbj/dataset/DeepPCB-master/PCBData/group13000/13000_not/13000017.txt,mousebite,268 161 298 186,/mnt/sda/cbj/dataset/DeepPCB_stage1_lowdata_s20260917/DeepPCB/test/mousebite/13000017_04_mousebite.jpg,2,241 161 271 186
13000017,/mnt/sda/cbj/dataset/DeepPCB-master/PCBData/group13000/13000/13000017_test.jpg,/mnt/sda/cbj/dataset/DeepPCB-master/PCBData/group13000/13000_not/13000017.txt,spur,518 179 547 216,/mnt/sda/cbj/dataset/DeepPCB_stage1_lowdata_s20260917/DeepPCB/test/spur/13000017_05_spur.jpg,3,390 179 419 216
13000017,/mnt/sda/cbj/dataset/DeepPCB-master/PCBData/group13000/13000/13000017_test.jpg,/mnt/sda/cbj/dataset/DeepPCB-master/PCBData/group13000/13000_not/13000017.txt,spur,610 356 636 388,/mnt/sda/cbj/dataset/DeepPCB_stage1_lowdata_s20260917/DeepPCB/test/spur/13000017_06_spur.jpg,3,482 240 508 272
13000017,/mnt/sda/cbj/dataset/DeepPCB-master/PCBData/group13000/13000/13000017_test.jpg,/mnt/sda/cbj/dataset/DeepPCB-master/PCBData/group13000/13000_not/13000017.txt,spurious_copper,346 234 375 260,/mnt/sda/cbj/dataset/DeepPCB_stage1_lowdata_s20260917/DeepPCB/test/spurious_copper/13000017_07_spurious_copper.jpg,4,242 234 271 260
13000017,/mnt/sda/cbj/dataset/DeepPCB-master/PCBData/group13000/13000/13000017_test.jpg,/mnt/sda/cbj/dataset/DeepPCB-master/PCBData/group13000/13000_not/13000017.txt,spurious_copper,63 63 89 96,/mnt/sda/cbj/dataset/DeepPCB_stage1_lowdata_s20260917/DeepPCB/test/spurious_copper/13000017_08_spurious_copper.jpg,4,63 63 89 96
13000017,/mnt/sda/cbj/dataset/DeepPCB-master/PCBData/group13000/13000/13000017_test.jpg,/mnt/sda/cbj/dataset/DeepPCB-master/PCBData/group13000/13000_not/13000017.txt,pinhole,511 28 540 54,/mnt/sda/cbj/dataset/DeepPCB_stage1_lowdata_s20260917/DeepPCB/test/pinhole/13000017_09_pinhole.jpg,5,383 28 412 54
13000017,/mnt/sda/cbj/dataset/DeepPCB-master/PCBData/group13000/13000/13000017_test.jpg,/mnt/sda/cbj/dataset/DeepPCB-master/PCBData/group13000/13000_not/13000017.txt,pinhole,53 594 81 618,/mnt/sda/cbj/dataset/DeepPCB_stage1_lowdata_s20260917/DeepPCB/test/pinhole/13000017_10_pinhole.jpg,5,53 466 81 490
13000019,/mnt/sda/cbj/dataset/DeepPCB-master/PCBData/group13000/13000/13000019_test.jpg,/mnt/sda/cbj/dataset/DeepPCB-master/PCBData/group13000/13000_not/13000019.txt,open,472 333 510 359,/mnt/sda/cbj/dataset/DeepPCB_stage1_lowdata_s20260917/DeepPCB/test/open/13000019_00_open.jpg,0,344 243 382 269
13000019,/mnt/sda/cbj/dataset/DeepPCB-master/PCBData/group13000/13000/13000019_test.jpg,/mnt/sda/cbj/dataset/DeepPCB-master/PCBData/group13000/13000_not/13000019.txt,open,462 452 494 478,/mnt/sda/cbj/dataset/DeepPCB_stage1_lowdata_s20260917/DeepPCB/test/open/13000019_01_open.jpg,0,334 324 366 350
13000019,/mnt/sda/cbj/dataset/DeepPCB-master/PCBData/group13000/13000/13000019_test.jpg,/mnt/sda/cbj/dataset/DeepPCB-master/PCBData/group13000/13000_not/13000019.txt,open,609 479 639 511,/mnt/sda/cbj/dataset/DeepPCB_stage1_lowdata_s20260917/DeepPCB/test/open/13000019_02_open.jpg,0,481 351 511 383
13000019,/mnt/sda/cbj/dataset/DeepPCB-master/PCBData/group13000/13000/13000019_test.jpg,/mnt/sda/cbj/dataset/DeepPCB-master/PCBData/group13000/13000_not/13000019.txt,short,458 386 494 416,/mnt/sda/cbj/dataset/DeepPCB_stage1_lowdata_s20260917/DeepPCB/test/short/13000019_03_short.jpg,1,330 258 366 288
13000019,/mnt/sda/cbj/dataset/DeepPCB-master/PCBData/group13000/13000/13000019_test.jpg,/mnt/sda/cbj/dataset/DeepPCB-master/PCBData/group13000/13000_not/13000019.txt,short,377 486 429 512,/mnt/sda/cbj/dataset/DeepPCB_stage1_lowdata_s20260917/DeepPCB/test/short/13000019_04_short.jpg,1,249 358 301 384
13000019,/mnt/sda/cbj/dataset/DeepPCB-master/PCBData/group13000/13000/13000019_test.jpg,/mnt/sda/cbj/dataset/DeepPCB-master/PCBData/group13000/13000_not/13000019.txt,mousebite,23 385 58 409,/mnt/sda/cbj/dataset/DeepPCB_stage1_lowdata_s20260917/DeepPCB/test/mousebite/13000019_05_mousebite.jpg,2,23 257 58 281
13000019,/mnt/sda/cbj/dataset/DeepPCB-master/PCBData/group13000/13000/13000019_test.jpg,/mnt/sda/cbj/dataset/DeepPCB-master/PCBData/group13000/13000_not/13000019.txt,mousebite,209 580 243 608,/mnt/sda/cbj/dataset/DeepPCB_stage1_lowdata_s20260917/DeepPCB/test/mousebite/13000019_06_mousebite.jpg,2,209 452 243 480
13000019,/mnt/sda/cbj/dataset/DeepPCB-master/PCBData/group13000/13000/13000019_test.jpg,/mnt/sda/cbj/dataset/DeepPCB-master/PCBData/group13000/13000_not/13000019.txt,spur,514 280 548 314,/mnt/sda/cbj/dataset/DeepPCB_stage1_lowdata_s20260917/DeepPCB/test/spur/13000019_07_spur.jpg,3,386 239 420 273
13000019,/mnt/sda/cbj/dataset/DeepPCB-master/PCBData/group13000/13000/13000019_test.jpg,/mnt/sda/cbj/dataset/DeepPCB-master/PCBData/group13000/13000_not/13000019.txt,spur,504 397 535 430,/mnt/sda/cbj/dataset/DeepPCB_stage1_lowdata_s20260917/DeepPCB/test/spur/13000019_08_spur.jpg,3,376 269 407 302
13000019,/mnt/sda/cbj/dataset/DeepPCB-master/PCBData/group13000/13000/13000019_test.jpg,/mnt/sda/cbj/dataset/DeepPCB-master/PCBData/group13000/13000_not/13000019.txt,spurious_copper,301 162 329 187,/mnt/sda/cbj/dataset/DeepPCB_stage1_lowdata_s20260917/DeepPCB/test/spurious_copper/13000019_09_spurious_copper.jpg,4,242 162 270 187
13000019,/mnt/sda/cbj/dataset/DeepPCB-master/PCBData/group13000/13000/13000019_test.jpg,/mnt/sda/cbj/dataset/DeepPCB-master/PCBData/group13000/13000_not/13000019.txt,spurious_copper,537 595 567 619,/mnt/sda/cbj/dataset/DeepPCB_stage1_lowdata_s20260917/DeepPCB/test/spurious_copper/13000019_10_spurious_copper.jpg,4,409 467 439 491
13000019,/mnt/sda/cbj/dataset/DeepPCB-master/PCBData/group13000/13000/13000019_test.jpg,/mnt/sda/cbj/dataset/DeepPCB-master/PCBData/group13000/13000_not/13000019.txt,pinhole,325 280 352 305,/mnt/sda/cbj/dataset/DeepPCB_stage1_lowdata_s20260917/DeepPCB/test/pinhole/13000019_11_pinhole.jpg,5,243 244 270 269
13000019,/mnt/sda/cbj/dataset/DeepPCB-master/PCBData/group13000/13000/13000019_test.jpg,/mnt/sda/cbj/dataset/DeepPCB-master/PCBData/group13000/13000_not/13000019.txt,pinhole,120 49 147 78,/mnt/sda/cbj/dataset/DeepPCB_stage1_lowdata_s20260917/DeepPCB/test/pinhole/13000019_12_pinhole.jpg,5,120 49 147 78
13000022,/mnt/sda/cbj/dataset/DeepPCB-master/PCBData/group13000/13000/13000022_test.jpg,/mnt/sda/cbj/dataset/DeepPCB-master/PCBData/group13000/13000_not/13000022.txt,open,397 230 431 260,/mnt/sda/cbj/dataset/DeepPCB_stage1_lowdata_s20260917/DeepPCB/test/open/13000022_00_open.jpg,0,269 230 303 260
13000022,/mnt/sda/cbj/dataset/DeepPCB-master/PCBData/group13000/13000/13000022_test.jpg,/mnt/sda/cbj/dataset/DeepPCB-master/PCBData/group13000/13000_not/13000022.txt,open,450 290 498 320,/mnt/sda/cbj/dataset/DeepPCB_stage1_lowdata_s20260917/DeepPCB/test/open/13000022_01_open.jpg,0,322 241 370 271
13000022,/mnt/sda/cbj/dataset/DeepPCB-master/PCBData/group13000/13000/13000022_test.jpg,/mnt/sda/cbj/dataset/DeepPCB-master/PCBData/group13000/13000_not/13000022.txt,short,68 72 105 104,/mnt/sda/cbj/dataset/DeepPCB_stage1_lowdata_s20260917/DeepPCB/test/short/13000022_02_short.jpg,1,68 72 105 104
13000022,/mnt/sda/cbj/dataset/DeepPCB-master/PCBData/group13000/13000/13000022_test.jpg,/mnt/sda/cbj/dataset/DeepPCB-master/PCBData/group13000/13000_not/13000022.txt,short,457 61 483 115,/mnt/sda/cbj/dataset/DeepPCB_stage1_lowdata_s20260917/DeepPCB/test/short/13000022_03_short.jpg,1,329 61 355 115
13000022,/mnt/sda/cbj/dataset/DeepPCB-master/PCBData/group13000/13000/13000022_test.jpg,/mnt/sda/cbj/dataset/DeepPCB-master/PCBData/group13000/13000_not/13000022.txt,mousebite,202 70 235 97,/mnt/sda/cbj/dataset/DeepPCB_stage1_lowdata_s20260917/DeepPCB/test/mousebite/13000022_04_mousebite.jpg,2,202 70 235 97
13000022,/mnt/sda/cbj/dataset/DeepPCB-master/PCBData/group13000/13000/13000022_test.jpg,/mnt/sda/cbj/dataset/DeepPCB-master/PCBData/group13000/13000_not/13000022.txt,mousebite,529 499 564 539,/mnt/sda/cbj/dataset/DeepPCB_stage1_lowdata_s20260917/DeepPCB/test/mousebite/13000022_05_mousebite.jpg,2,401 371 436 411
13000022,/mnt/sda/cbj/dataset/DeepPCB-master/PCBData/group13000/13000/13000022_test.jpg,/mnt/sda/cbj/dataset/DeepPCB-master/PCBData/group13000/13000_not/13000022.txt,spur,164 74 192 98,/mnt/sda/cbj/dataset/DeepPCB_stage1_lowdata_s20260917/DeepPCB/test/spur/13000022_06_spur.jpg,3,164 74 192 98
13000022,/mnt/sda/cbj/dataset/DeepPCB-master/PCBData/group13000/13000/13000022_test.jpg,/mnt/sda/cbj/dataset/DeepPCB-master/PCBData/group13000/13000_not/13000022.txt,spur,169 244 202 270,/mnt/sda/cbj/dataset/DeepPCB_stage1_lowdata_s20260917/DeepPCB/test/spur/13000022_07_spur.jpg,3,169 243 202 269
13000022,/mnt/sda/cbj/dataset/DeepPCB-master/PCBData/group13000/13000/13000022_test.jpg,/mnt/sda/cbj/dataset/DeepPCB-master/PCBData/group13000/13000_not/13000022.txt,spurious_copper,89 322 124 350,/mnt/sda/cbj/dataset/DeepPCB_stage1_lowdata_s20260917/DeepPCB/test/spurious_copper/13000022_08_spurious_copper.jpg,4,89 242 124 270
13000022,/mnt/sda/cbj/dataset/DeepPCB-master/PCBData/group13000/13000/13000022_test.jpg,/mnt/sda/cbj/dataset/DeepPCB-master/PCBData/group13000/13000_not/13000022.txt,spurious_copper,241 71 271 97,/mnt/sda/cbj/dataset/DeepPCB_stage1_lowdata_s20260917/DeepPCB/test/spurious_copper/13000022_09_spurious_copper.jpg,4,241 71 271 97
13000022,/mnt/sda/cbj/dataset/DeepPCB-master/PCBData/group13000/13000/13000022_test.jpg,/mnt/sda/cbj/dataset/DeepPCB-master/PCBData/group13000/13000_not/13000022.txt,pinhole,342 84 371 112,/mnt/sda/cbj/dataset/DeepPCB_stage1_lowdata_s20260917/DeepPCB/test/pinhole/13000022_10_pinhole.jpg,5,242 84 271 112
13000022,/mnt/sda/cbj/dataset/DeepPCB-master/PCBData/group13000/13000/13000022_test.jpg,/mnt/sda/cbj/dataset/DeepPCB-master/PCBData/group13000/13000_not/13000022.txt,pinhole,185 28 216 52,/mnt/sda/cbj/dataset/DeepPCB_stage1_lowdata_s20260917/DeepPCB/test/pinhole/13000022_11_pinhole.jpg,5,185 28 216 52
13000023,/mnt/sda/cbj/dataset/DeepPCB-master/PCBData/group13000/13000/13000023_test.jpg,/mnt/sda/cbj/dataset/DeepPCB-master/PCBData/group13000/13000_not/13000023.txt,open,88 34 129 74,/mnt/sda/cbj/dataset/DeepPCB_stage1_lowdata_s20260917/DeepPCB/test/open/13000023_00_open.jpg,0,88 34 129 74
13000023,/mnt/sda/cbj/dataset/DeepPCB-master/PCBData/group13000/13000/13000023_test.jpg,/mnt/sda/cbj/dataset/DeepPCB-master/PCBData/group13000/13000_not/13000023.txt,open,562 48 595 78,/mnt/sda/cbj/dataset/DeepPCB_stage1_lowdata_s20260917/DeepPCB/test/open/13000023_01_open.jpg,0,434 48 467 78
13000023,/mnt/sda/cbj/dataset/DeepPCB-master/PCBData/group13000/13000/13000023_test.jpg,/mnt/sda/cbj/dataset/DeepPCB-master/PCBData/group13000/13000_not/13000023.txt,short,523 37 574 72,/mnt/sda/cbj/dataset/DeepPCB_stage1_lowdata_s20260917/DeepPCB/test/short/13000023_02_short.jpg,1,395 37 446 72
13000023,/mnt/sda/cbj/dataset/DeepPCB-master/PCBData/group13000/13000/13000023_test.jpg,/mnt/sda/cbj/dataset/DeepPCB-master/PCBData/group13000/13000_not/13000023.txt,short,25 155 73 185,/mnt/sda/cbj/dataset/DeepPCB_stage1_lowdata_s20260917/DeepPCB/test/short/13000023_03_short.jpg,1,25 155 73 185
13000023,/mnt/sda/cbj/dataset/DeepPCB-master/PCBData/group13000/13000/13000023_test.jpg,/mnt/sda/cbj/dataset/DeepPCB-master/PCBData/group13000/13000_not/13000023.txt,mousebite,592 321 624 346,/mnt/sda/cbj/dataset/DeepPCB_stage1_lowdata_s20260917/DeepPCB/test/mousebite/13000023_04_mousebite.jpg,2,464 244 496 269
13000023,/mnt/sda/cbj/dataset/DeepPCB-master/PCBData/group13000/13000/13000023_test.jpg,/mnt/sda/cbj/dataset/DeepPCB-master/PCBData/group13000/13000_not/13000023.txt,mousebite,70 319 97 355,/mnt/sda/cbj/dataset/DeepPCB_stage1_lowdata_s20260917/DeepPCB/test/mousebite/13000023_05_mousebite.jpg,2,70 238 97 274
13000023,/mnt/sda/cbj/dataset/DeepPCB-master/PCBData/group13000/13000/13000023_test.jpg,/mnt/sda/cbj/dataset/DeepPCB-master/PCBData/group13000/13000_not/13000023.txt,spur,5 91 37 115,/mnt/sda/cbj/dataset/DeepPCB_stage1_lowdata_s20260917/DeepPCB/test/spur/13000023_06_spur.jpg,3,5 91 37 115
13000023,/mnt/sda/cbj/dataset/DeepPCB-master/PCBData/group13000/13000/13000023_test.jpg,/mnt/sda/cbj/dataset/DeepPCB-master/PCBData/group13000/13000_not/13000023.txt,spur,144 9 178 33,/mnt/sda/cbj/dataset/DeepPCB_stage1_lowdata_s20260917/DeepPCB/test/spur/13000023_07_spur.jpg,3,144 9 178 33
13000023,/mnt/sda/cbj/dataset/DeepPCB-master/PCBData/group13000/13000/13000023_test.jpg,/mnt/sda/cbj/dataset/DeepPCB-master/PCBData/group13000/13000_not/13000023.txt,spurious_copper,211 171 238 195,/mnt/sda/cbj/dataset/DeepPCB_stage1_lowdata_s20260917/DeepPCB/test/spurious_copper/13000023_08_spurious_copper.jpg,4,211 171 238 195
13000023,/mnt/sda/cbj/dataset/DeepPCB-master/PCBData/group13000/13000/13000023_test.jpg,/mnt/sda/cbj/dataset/DeepPCB-master/PCBData/group13000/13000_not/13000023.txt,spurious_copper,540 343 569 368,/mnt/sda/cbj/dataset/DeepPCB_stage1_lowdata_s20260917/DeepPCB/test/spurious_copper/13000023_09_spurious_copper.jpg,4,412 244 441 269
13000023,/mnt/sda/cbj/dataset/DeepPCB-master/PCBData/group13000/13000/13000023_test.jpg,/mnt/sda/cbj/dataset/DeepPCB-master/PCBData/group13000/13000_not/13000023.txt,pinhole,352 450 381 480,/mnt/sda/cbj/dataset/DeepPCB_stage1_lowdata_s20260917/DeepPCB/test/pinhole/13000023_10_pinhole.jpg,5,242 322 271 352
13000023,/mnt/sda/cbj/dataset/DeepPCB-master/PCBData/group13000/13000/13000023_test.jpg,/mnt/sda/cbj/dataset/DeepPCB-master/PCBData/group13000/13000_not/13000023.txt,pinhole,505 382 533 406,/mnt/sda/cbj/dataset/DeepPCB_stage1_lowdata_s20260917/DeepPCB/test/pinhole/13000023_11_pinhole.jpg,5,377 254 405 278
13000024,/mnt/sda/cbj/dataset/DeepPCB-master/PCBData/group13000/13000/13000024_test.jpg,/mnt/sda/cbj/dataset/DeepPCB-master/PCBData/group13000/13000_not/13000024.txt,open,44 472 83 501,/mnt/sda/cbj/dataset/DeepPCB_stage1_lowdata_s20260917/DeepPCB/test/open/13000024_00_open.jpg,0,44 344 83 373
13000024,/mnt/sda/cbj/dataset/DeepPCB-master/PCBData/group13000/13000/13000024_test.jpg,/mnt/sda/cbj/dataset/DeepPCB-master/PCBData/group13000/13000_not/13000024.txt,open,23 585 50 621,/mnt/sda/cbj/dataset/DeepPCB_stage1_lowdata_s20260917/DeepPCB/test/open/13000024_01_open.jpg,0,23 457 50 493
13000024,/mnt/sda/cbj/dataset/DeepPCB-master/PCBData/group13000/13000/13000024_test.jpg,/mnt/sda/cbj/dataset/DeepPCB-master/PCBData/group13000/13000_not/13000024.txt,short,53 40 88 66,/mnt/sda/cbj/dataset/DeepPCB_stage1_lowdata_s20260917/DeepPCB/test/short/13000024_02_short.jpg,1,53 40 88 66
13000024,/mnt/sda/cbj/dataset/DeepPCB-master/PCBData/group13000/13000/13000024_test.jpg,/mnt/sda/cbj/dataset/DeepPCB-master/PCBData/group13000/13000_not/13000024.txt,short,46 292 87 316,/mnt/sda/cbj/dataset/DeepPCB_stage1_lowdata_s20260917/DeepPCB/test/short/13000024_03_short.jpg,1,46 244 87 268
13000024,/mnt/sda/cbj/dataset/DeepPCB-master/PCBData/group13000/13000/13000024_test.jpg,/mnt/sda/cbj/dataset/DeepPCB-master/PCBData/group13000/13000_not/13000024.txt,mousebite,261 306 294 333,/mnt/sda/cbj/dataset/DeepPCB_stage1_lowdata_s20260917/DeepPCB/test/mousebite/13000024_04_mousebite.jpg,2,240 243 273 270
13000024,/mnt/sda/cbj/dataset/DeepPCB-master/PCBData/group13000/13000/13000024_test.jpg,/mnt/sda/cbj/dataset/DeepPCB-master/PCBData/group13000/13000_not/13000024.txt,mousebite,505 142 534 172,/mnt/sda/cbj/dataset/DeepPCB_stage1_lowdata_s20260917/DeepPCB/test/mousebite/13000024_05_mousebite.jpg,2,377 142 406 172
13000024,/mnt/sda/cbj/dataset/DeepPCB-master/PCBData/group13000/13000/13000024_test.jpg,/mnt/sda/cbj/dataset/DeepPCB-master/PCBData/group13000/13000_not/13000024.txt,spurious_copper,432 133 461 158,/mnt/sda/cbj/dataset/DeepPCB_stage1_lowdata_s20260917/DeepPCB/test/spurious_copper/13000024_06_spurious_copper.jpg,4,304 133 333 158
13000024,/mnt/sda/cbj/dataset/DeepPCB-master/PCBData/group13000/13000/13000024_test.jpg,/mnt/sda/cbj/dataset/DeepPCB-master/PCBData/group13000/13000_not/13000024.txt,spurious_copper,32 192 64 218,/mnt/sda/cbj/dataset/DeepPCB_stage1_lowdata_s20260917/DeepPCB/test/spurious_copper/13000024_07_spurious_copper.jpg,4,32 192 64 218
13000024,/mnt/sda/cbj/dataset/DeepPCB-master/PCBData/group13000/13000/13000024_test.jpg,/mnt/sda/cbj/dataset/DeepPCB-master/PCBData/group13000/13000_not/13000024.txt,pinhole,190 88 219 115,/mnt/sda/cbj/dataset/DeepPCB_stage1_lowdata_s20260917/DeepPCB/test/pinhole/13000024_08_pinhole.jpg,5,190 88 219 115
13000024,/mnt/sda/cbj/dataset/DeepPCB-master/PCBData/group13000/13000/13000024_test.jpg,/mnt/sda/cbj/dataset/DeepPCB-master/PCBData/group13000/13000_not/13000024.txt,pinhole,27 106 55 134,/mnt/sda/cbj/dataset/DeepPCB_stage1_lowdata_s20260917/DeepPCB/test/pinhole/13000024_09_pinhole.jpg,5,27 106 55 134
13000024,/mnt/sda/cbj/dataset/DeepPCB-master/PCBData/group13000/13000/13000024_test.jpg,/mnt/sda/cbj/dataset/DeepPCB-master/PCBData/group13000/13000_not/13000024.txt,spur,51 64 80 88,/mnt/sda/cbj/dataset/DeepPCB_stage1_lowdata_s20260917/DeepPCB/test/spur/13000024_10_spur.jpg,3,51 64 80 88
13000024,/mnt/sda/cbj/dataset/DeepPCB-master/PCBData/group13000/13000/13000024_test.jpg,/mnt/sda/cbj/dataset/DeepPCB-master/PCBData/group13000/13000_not/13000024.txt,spur,9 35 41 60,/mnt/sda/cbj/dataset/DeepPCB_stage1_lowdata_s20260917/DeepPCB/test/spur/13000024_11_spur.jpg,3,9 35 41 60
13000025,/mnt/sda/cbj/dataset/DeepPCB-master/PCBData/group13000/13000/13000025_test.jpg,/mnt/sda/cbj/dataset/DeepPCB-master/PCBData/group13000/13000_not/13000025.txt,open,180 77 214 115,/mnt/sda/cbj/dataset/DeepPCB_stage1_lowdata_s20260917/DeepPCB/test/open/13000025_00_open.jpg,0,180 77 214 115
13000025,/mnt/sda/cbj/dataset/DeepPCB-master/PCBData/group13000/13000/13000025_test.jpg,/mnt/sda/cbj/dataset/DeepPCB-master/PCBData/group13000/13000_not/13000025.txt,open,13 178 60 208,/mnt/sda/cbj/dataset/DeepPCB_stage1_lowdata_s20260917/DeepPCB/test/open/13000025_01_open.jpg,0,13 178 60 208
13000025,/mnt/sda/cbj/dataset/DeepPCB-master/PCBData/group13000/13000/13000025_test.jpg,/mnt/sda/cbj/dataset/DeepPCB-master/PCBData/group13000/13000_not/13000025.txt,short,180 136 215 160,/mnt/sda/cbj/dataset/DeepPCB_stage1_lowdata_s20260917/DeepPCB/test/short/13000025_02_short.jpg,1,180 136 215 160
13000025,/mnt/sda/cbj/dataset/DeepPCB-master/PCBData/group13000/13000/13000025_test.jpg,/mnt/sda/cbj/dataset/DeepPCB-master/PCBData/group13000/13000_not/13000025.txt,short,213 289 259 323,/mnt/sda/cbj/dataset/DeepPCB_stage1_lowdata_s20260917/DeepPCB/test/short/13000025_03_short.jpg,1,213 239 259 273
13000025,/mnt/sda/cbj/dataset/DeepPCB-master/PCBData/group13000/13000/13000025_test.jpg,/mnt/sda/cbj/dataset/DeepPCB-master/PCBData/group13000/13000_not/13000025.txt,mousebite,214 456 246 486,/mnt/sda/cbj/dataset/DeepPCB_stage1_lowdata_s20260917/DeepPCB/test/mousebite/13000025_04_mousebite.jpg,2,214 328 246 358
13000025,/mnt/sda/cbj/dataset/DeepPCB-master/PCBData/group13000/13000/13000025_test.jpg,/mnt/sda/cbj/dataset/DeepPCB-master/PCBData/group13000/13000_not/13000025.txt,mousebite,511 93 545 118,/mnt/sda/cbj/dataset/DeepPCB_stage1_lowdata_s20260917/DeepPCB/test/mousebite/13000025_05_mousebite.jpg,2,383 93 417 118
13000025,/mnt/sda/cbj/dataset/DeepPCB-master/PCBData/group13000/13000/13000025_test.jpg,/mnt/sda/cbj/dataset/DeepPCB-master/PCBData/group13000/13000_not/13000025.txt,spur,65 129 96 158,/mnt/sda/cbj/dataset/DeepPCB_stage1_lowdata_s20260917/DeepPCB/test/spur/13000025_06_spur.jpg,3,65 129 96 158
13000025,/mnt/sda/cbj/dataset/DeepPCB-master/PCBData/group13000/13000/13000025_test.jpg,/mnt/sda/cbj/dataset/DeepPCB-master/PCBData/group13000/13000_not/13000025.txt,spur,11 47 44 71,/mnt/sda/cbj/dataset/DeepPCB_stage1_lowdata_s20260917/DeepPCB/test/spur/13000025_07_spur.jpg,3,11 47 44 71
13000025,/mnt/sda/cbj/dataset/DeepPCB-master/PCBData/group13000/13000/13000025_test.jpg,/mnt/sda/cbj/dataset/DeepPCB-master/PCBData/group13000/13000_not/13000025.txt,spurious_copper,49 279 78 308,/mnt/sda/cbj/dataset/DeepPCB_stage1_lowdata_s20260917/DeepPCB/test/spurious_copper/13000025_08_spurious_copper.jpg,4,49 242 78 271
13000025,/mnt/sda/cbj/dataset/DeepPCB-master/PCBData/group13000/13000/13000025_test.jpg,/mnt/sda/cbj/dataset/DeepPCB-master/PCBData/group13000/13000_not/13000025.txt,spurious_copper,299 190 326 220,/mnt/sda/cbj/dataset/DeepPCB_stage1_lowdata_s20260917/DeepPCB/test/spurious_copper/13000025_09_spurious_copper.jpg,4,243 190 270 220
13000025,/mnt/sda/cbj/dataset/DeepPCB-master/PCBData/group13000/13000/13000025_test.jpg,/mnt/sda/cbj/dataset/DeepPCB-master/PCBData/group13000/13000_not/13000025.txt,pinhole,535 248 560 272,/mnt/sda/cbj/dataset/DeepPCB_stage1_lowdata_s20260917/DeepPCB/test/pinhole/13000025_10_pinhole.jpg,5,407 244 432 268
13000025,/mnt/sda/cbj/dataset/DeepPCB-master/PCBData/group13000/13000/13000025_test.jpg,/mnt/sda/cbj/dataset/DeepPCB-master/PCBData/group13000/13000_not/13000025.txt,pinhole,265 9 295 33,/mnt/sda/cbj/dataset/DeepPCB_stage1_lowdata_s20260917/DeepPCB/test/pinhole/13000025_11_pinhole.jpg,5,241 9 271 33
13000026,/mnt/sda/cbj/dataset/DeepPCB-master/PCBData/group13000/13000/13000026_test.jpg,/mnt/sda/cbj/dataset/DeepPCB-master/PCBData/group13000/13000_not/13000026.txt,open,165 117 193 154,/mnt/sda/cbj/dataset/DeepPCB_stage1_lowdata_s20260917/DeepPCB/test/open/13000026_00_open.jpg,0,165 117 193 154
13000026,/mnt/sda/cbj/dataset/DeepPCB-master/PCBData/group13000/13000/13000026_test.jpg,/mnt/sda/cbj/dataset/DeepPCB-master/PCBData/group13000/13000_not/13000026.txt,open,441 46 467 81,/mnt/sda/cbj/dataset/DeepPCB_stage1_lowdata_s20260917/DeepPCB/test/open/13000026_01_open.jpg,0,313 46 339 81
13000026,/mnt/sda/cbj/dataset/DeepPCB-master/PCBData/group13000/13000/13000026_test.jpg,/mnt/sda/cbj/dataset/DeepPCB-master/PCBData/group13000/13000_not/13000026.txt,short,136 29 179 71,/mnt/sda/cbj/dataset/DeepPCB_stage1_lowdata_s20260917/DeepPCB/test/short/13000026_02_short.jpg,1,136 29 179 71
13000026,/mnt/sda/cbj/dataset/DeepPCB-master/PCBData/group13000/13000/13000026_test.jpg,/mnt/sda/cbj/dataset/DeepPCB-master/PCBData/group13000/13000_not/13000026.txt,short,132 264 158 307,/mnt/sda/cbj/dataset/DeepPCB_stage1_lowdata_s20260917/DeepPCB/test/short/13000026_03_short.jpg,1,132 235 158 278
13000026,/mnt/sda/cbj/dataset/DeepPCB-master/PCBData/group13000/13000/13000026_test.jpg,/mnt/sda/cbj/dataset/DeepPCB-master/PCBData/group13000/13000_not/13000026.txt,mousebite,379 110 416 145,/mnt/sda/cbj/dataset/DeepPCB_stage1_lowdata_s20260917/DeepPCB/test/mousebite/13000026_04_mousebite.jpg,2,251 110 288 145
13000026,/mnt/sda/cbj/dataset/DeepPCB-master/PCBData/group13000/13000/13000026_test.jpg,/mnt/sda/cbj/dataset/DeepPCB-master/PCBData/group13000/13000_not/13000026.txt,mousebite,455 164 490 191,/mnt/sda/cbj/dataset/DeepPCB_stage1_lowdata_s20260917/DeepPCB/test/mousebite/13000026_05_mousebite.jpg,2,327 164 362 191
13000026,/mnt/sda/cbj/dataset/DeepPCB-master/PCBData/group13000/13000/13000026_test.jpg,/mnt/sda/cbj/dataset/DeepPCB-master/PCBData/group13000/13000_not/13000026.txt,spur,186 99 219 124,/mnt/sda/cbj/dataset/DeepPCB_stage1_lowdata_s20260917/DeepPCB/test/spur/13000026_06_spur.jpg,3,186 99 219 124
13000026,/mnt/sda/cbj/dataset/DeepPCB-master/PCBData/group13000/13000/13000026_test.jpg,/mnt/sda/cbj/dataset/DeepPCB-master/PCBData/group13000/13000_not/13000026.txt,spur,404 70 436 95,/mnt/sda/cbj/dataset/DeepPCB_stage1_lowdata_s20260917/DeepPCB/test/spur/13000026_07_spur.jpg,3,276 70 308 95
13000026,/mnt/sda/cbj/dataset/DeepPCB-master/PCBData/group13000/13000/13000026_test.jpg,/mnt/sda/cbj/dataset/DeepPCB-master/PCBData/group13000/13000_not/13000026.txt,spurious_copper,231 180 267 205,/mnt/sda/cbj/dataset/DeepPCB_stage1_lowdata_s20260917/DeepPCB/test/spurious_copper/13000026_08_spurious_copper.jpg,4,231 180 267 205
13000026,/mnt/sda/cbj/dataset/DeepPCB-master/PCBData/group13000/13000/13000026_test.jpg,/mnt/sda/cbj/dataset/DeepPCB-master/PCBData/group13000/13000_not/13000026.txt,spurious_copper,245 258 285 282,/mnt/sda/cbj/dataset/DeepPCB_stage1_lowdata_s20260917/DeepPCB/test/spurious_copper/13000026_09_spurious_copper.jpg,4,236 244 276 268
13000026,/mnt/sda/cbj/dataset/DeepPCB-master/PCBData/group13000/13000/13000026_test.jpg,/mnt/sda/cbj/dataset/DeepPCB-master/PCBData/group13000/13000_not/13000026.txt,pinhole,347 139 385 170,/mnt/sda/cbj/dataset/DeepPCB_stage1_lowdata_s20260917/DeepPCB/test/pinhole/13000026_10_pinhole.jpg,5,237 139 275 170
13000026,/mnt/sda/cbj/dataset/DeepPCB-master/PCBData/group13000/13000/13000026_test.jpg,/mnt/sda/cbj/dataset/DeepPCB-master/PCBData/group13000/13000_not/13000026.txt,pinhole,26 40 52 67,/mnt/sda/cbj/dataset/DeepPCB_stage1_lowdata_s20260917/DeepPCB/test/pinhole/13000026_11_pinhole.jpg,5,26 40 52 67
13000027,/mnt/sda/cbj/dataset/DeepPCB-master/PCBData/group13000/13000/13000027_test.jpg,/mnt/sda/cbj/dataset/DeepPCB-master/PCBData/group13000/13000_not/13000027.txt,open,107 99 151 123,/mnt/sda/cbj/dataset/DeepPCB_stage1_lowdata_s20260917/DeepPCB/test/open/13000027_00_open.jpg,0,107 99 151 123
13000027,/mnt/sda/cbj/dataset/DeepPCB-master/PCBData/group13000/13000/13000027_test.jpg,/mnt/sda/cbj/dataset/DeepPCB-master/PCBData/group13000/13000_not/13000027.txt,open,30 28 65 72,/mnt/sda/cbj/dataset/DeepPCB_stage1_lowdata_s20260917/DeepPCB/test/open/13000027_01_open.jpg,0,30 28 65 72
13000027,/mnt/sda/cbj/dataset/DeepPCB-master/PCBData/group13000/13000/13000027_test.jpg,/mnt/sda/cbj/dataset/DeepPCB-master/PCBData/group13000/13000_not/13000027.txt,short,223 274 253 298,/mnt/sda/cbj/dataset/DeepPCB_stage1_lowdata_s20260917/DeepPCB/test/short/13000027_02_short.jpg,1,223 244 253 268
13000027,/mnt/sda/cbj/dataset/DeepPCB-master/PCBData/group13000/13000/13000027_test.jpg,/mnt/sda/cbj/dataset/DeepPCB-master/PCBData/group13000/13000_not/13000027.txt,short,346 45 383 80,/mnt/sda/cbj/dataset/DeepPCB_stage1_lowdata_s20260917/DeepPCB/test/short/13000027_03_short.jpg,1,238 45 275 80
13000027,/mnt/sda/cbj/dataset/DeepPCB-master/PCBData/group13000/13000/13000027_test.jpg,/mnt/sda/cbj/dataset/DeepPCB-master/PCBData/group13000/13000_not/13000027.txt,mousebite,136 236 161 262,/mnt/sda/cbj/dataset/DeepPCB_stage1_lowdata_s20260917/DeepPCB/test/mousebite/13000027_04_mousebite.jpg,2,136 236 161 262
13000027,/mnt/sda/cbj/dataset/DeepPCB-master/PCBData/group13000/13000/13000027_test.jpg,/mnt/sda/cbj/dataset/DeepPCB-master/PCBData/group13000/13000_not/13000027.txt,mousebite,72 487 103 519,/mnt/sda/cbj/dataset/DeepPCB_stage1_lowdata_s20260917/DeepPCB/test/mousebite/13000027_05_mousebite.jpg,2,72 359 103 391
13000027,/mnt/sda/cbj/dataset/DeepPCB-master/PCBData/group13000/13000/13000027_test.jpg,/mnt/sda/cbj/dataset/DeepPCB-master/PCBData/group13000/13000_not/13000027.txt,spur,424 129 450 159,/mnt/sda/cbj/dataset/DeepPCB_stage1_lowdata_s20260917/DeepPCB/test/spur/13000027_06_spur.jpg,3,296 129 322 159
13000027,/mnt/sda/cbj/dataset/DeepPCB-master/PCBData/group13000/13000/13000027_test.jpg,/mnt/sda/cbj/dataset/DeepPCB-master/PCBData/group13000/13000_not/13000027.txt,spur,452 200 482 226,/mnt/sda/cbj/dataset/DeepPCB_stage1_lowdata_s20260917/DeepPCB/test/spur/13000027_07_spur.jpg,3,324 200 354 226
13000027,/mnt/sda/cbj/dataset/DeepPCB-master/PCBData/group13000/13000/13000027_test.jpg,/mnt/sda/cbj/dataset/DeepPCB-master/PCBData/group13000/13000_not/13000027.txt,spurious_copper,175 207 200 239,/mnt/sda/cbj/dataset/DeepPCB_stage1_lowdata_s20260917/DeepPCB/test/spurious_copper/13000027_08_spurious_copper.jpg,4,175 207 200 239
13000027,/mnt/sda/cbj/dataset/DeepPCB-master/PCBData/group13000/13000/13000027_test.jpg,/mnt/sda/cbj/dataset/DeepPCB-master/PCBData/group13000/13000_not/13000027.txt,spurious_copper,214 339 243 365,/mnt/sda/cbj/dataset/DeepPCB_stage1_lowdata_s20260917/DeepPCB/test/spurious_copper/13000027_09_spurious_copper.jpg,4,214 243 243 269
13000027,/mnt/sda/cbj/dataset/DeepPCB-master/PCBData/group13000/13000/13000027_test.jpg,/mnt/sda/cbj/dataset/DeepPCB-master/PCBData/group13000/13000_not/13000027.txt,pinhole,277 234 302 269,/mnt/sda/cbj/dataset/DeepPCB_stage1_lowdata_s20260917/DeepPCB/test/pinhole/13000027_10_pinhole.jpg,5,244 234 269 269
13000027,/mnt/sda/cbj/dataset/DeepPCB-master/PCBData/group13000/13000/13000027_test.jpg,/mnt/sda/cbj/dataset/DeepPCB-master/PCBData/group13000/13000_not/13000027.txt,pinhole,296 169 333 195,/mnt/sda/cbj/dataset/DeepPCB_stage1_lowdata_s20260917/DeepPCB/test/pinhole/13000027_11_pinhole.jpg,5,238 169 275 195
13000028,/mnt/sda/cbj/dataset/DeepPCB-master/PCBData/group13000/13000/13000028_test.jpg,/mnt/sda/cbj/dataset/DeepPCB-master/PCBData/group13000/13000_not/13000028.txt,open,250 104 277 139,/mnt/sda/cbj/dataset/DeepPCB_stage1_lowdata_s20260917/DeepPCB/test/open/13000028_00_open.jpg,0,243 104 270 139
13000028,/mnt/sda/cbj/dataset/DeepPCB-master/PCBData/group13000/13000/13000028_test.jpg,/mnt/sda/cbj/dataset/DeepPCB-master/PCBData/group13000/13000_not/13000028.txt,open,484 323 519 354,/mnt/sda/cbj/dataset/DeepPCB_stage1_lowdata_s20260917/DeepPCB/test/open/13000028_01_open.jpg,0,356 241 391 272
13000028,/mnt/sda/cbj/dataset/DeepPCB-master/PCBData/group13000/13000/13000028_test.jpg,/mnt/sda/cbj/dataset/DeepPCB-master/PCBData/group13000/13000_not/13000028.txt,short,546 396 583 429,/mnt/sda/cbj/dataset/DeepPCB_stage1_lowdata_s20260917/DeepPCB/test/short/13000028_02_short.jpg,1,418 268 455 301
13000028,/mnt/sda/cbj/dataset/DeepPCB-master/PCBData/group13000/13000/13000028_test.jpg,/mnt/sda/cbj/dataset/DeepPCB-master/PCBData/group13000/13000_not/13000028.txt,short,359 28 406 63,/mnt/sda/cbj/dataset/DeepPCB_stage1_lowdata_s20260917/DeepPCB/test/short/13000028_03_short.jpg,1,233 28 280 63
13000028,/mnt/sda/cbj/dataset/DeepPCB-master/PCBData/group13000/13000/13000028_test.jpg,/mnt/sda/cbj/dataset/DeepPCB-master/PCBData/group13000/13000_not/13000028.txt,mousebite,54 80 87 104,/mnt/sda/cbj/dataset/DeepPCB_stage1_lowdata_s20260917/DeepPCB/test/mousebite/13000028_04_mousebite.jpg,2,54 80 87 104
13000028,/mnt/sda/cbj/dataset/DeepPCB-master/PCBData/group13000/13000/13000028_test.jpg,/mnt/sda/cbj/dataset/DeepPCB-master/PCBData/group13000/13000_not/13000028.txt,mousebite,225 65 250 98,/mnt/sda/cbj/dataset/DeepPCB_stage1_lowdata_s20260917/DeepPCB/test/mousebite/13000028_05_mousebite.jpg,2,225 65 250 98
13000028,/mnt/sda/cbj/dataset/DeepPCB-master/PCBData/group13000/13000/13000028_test.jpg,/mnt/sda/cbj/dataset/DeepPCB-master/PCBData/group13000/13000_not/13000028.txt,spur,161 36 197 60,/mnt/sda/cbj/dataset/DeepPCB_stage1_lowdata_s20260917/DeepPCB/test/spur/13000028_06_spur.jpg,3,161 36 197 60
13000028,/mnt/sda/cbj/dataset/DeepPCB-master/PCBData/group13000/13000/13000028_test.jpg,/mnt/sda/cbj/dataset/DeepPCB-master/PCBData/group13000/13000_not/13000028.txt,spur,561 156 585 187,/mnt/sda/cbj/dataset/DeepPCB_stage1_lowdata_s20260917/DeepPCB/test/spur/13000028_07_spur.jpg,3,433 156 457 187
13000028,/mnt/sda/cbj/dataset/DeepPCB-master/PCBData/group13000/13000/13000028_test.jpg,/mnt/sda/cbj/dataset/DeepPCB-master/PCBData/group13000/13000_not/13000028.txt,spurious_copper,97 216 127 245,/mnt/sda/cbj/dataset/DeepPCB_stage1_lowdata_s20260917/DeepPCB/test/spurious_copper/13000028_08_spurious_copper.jpg,4,97 216 127 245
13000028,/mnt/sda/cbj/dataset/DeepPCB-master/PCBData/group13000/13000/13000028_test.jpg,/mnt/sda/cbj/dataset/DeepPCB-master/PCBData/group13000/13000_not/13000028.txt,spurious_copper,422 282 456 308,/mnt/sda/cbj/dataset/DeepPCB_stage1_lowdata_s20260917/DeepPCB/test/spurious_copper/13000028_09_spurious_copper.jpg,4,294 243 328 269
13000028,/mnt/sda/cbj/dataset/DeepPCB-master/PCBData/group13000/13000/13000028_test.jpg,/mnt/sda/cbj/dataset/DeepPCB-master/PCBData/group13000/13000_not/13000028.txt,pinhole,305 182 333 207,/mnt/sda/cbj/dataset/DeepPCB_stage1_lowdata_s20260917/DeepPCB/test/pinhole/13000028_10_pinhole.jpg,5,242 182 270 207
13000028,/mnt/sda/cbj/dataset/DeepPCB-master/PCBData/group13000/13000/13000028_test.jpg,/mnt/sda/cbj/dataset/DeepPCB-master/PCBData/group13000/13000_not/13000028.txt,pinhole,57 175 86 201,/mnt/sda/cbj/dataset/DeepPCB_stage1_lowdata_s20260917/DeepPCB/test/pinhole/13000028_11_pinhole.jpg,5,57 175 86 201
13000029,/mnt/sda/cbj/dataset/DeepPCB-master/PCBData/group13000/13000/13000029_test.jpg,/mnt/sda/cbj/dataset/DeepPCB-master/PCBData/group13000/13000_not/13000029.txt,open,295 136 329 161,/mnt/sda/cbj/dataset/DeepPCB_stage1_lowdata_s20260917/DeepPCB/test/open/13000029_00_open.jpg,0,239 136 273 161
13000029,/mnt/sda/cbj/dataset/DeepPCB-master/PCBData/group13000/13000/13000029_test.jpg,/mnt/sda/cbj/dataset/DeepPCB-master/PCBData/group13000/13000_not/13000029.txt,open,247 246 282 281,/mnt/sda/cbj/dataset/DeepPCB_stage1_lowdata_s20260917/DeepPCB/test/open/13000029_01_open.jpg,0,239 239 274 274
13000029,/mnt/sda/cbj/dataset/DeepPCB-master/PCBData/group13000/13000/13000029_test.jpg,/mnt/sda/cbj/dataset/DeepPCB-master/PCBData/group13000/13000_not/13000029.txt,short,344 379 368 413,/mnt/sda/cbj/dataset/DeepPCB_stage1_lowdata_s20260917/DeepPCB/test/short/13000029_02_short.jpg,1,244 251 268 285
13000029,/mnt/sda/cbj/dataset/DeepPCB-master/PCBData/group13000/13000/13000029_test.jpg,/mnt/sda/cbj/dataset/DeepPCB-master/PCBData/group13000/13000_not/13000029.txt,short,516 145 552 174,/mnt/sda/cbj/dataset/DeepPCB_stage1_lowdata_s20260917/DeepPCB/test/short/13000029_03_short.jpg,1,388 145 424 174
13000029,/mnt/sda/cbj/dataset/DeepPCB-master/PCBData/group13000/13000/13000029_test.jpg,/mnt/sda/cbj/dataset/DeepPCB-master/PCBData/group13000/13000_not/13000029.txt,mousebite,175 207 203 231,/mnt/sda/cbj/dataset/DeepPCB_stage1_lowdata_s20260917/DeepPCB/test/mousebite/13000029_04_mousebite.jpg,2,175 207 203 231
13000029,/mnt/sda/cbj/dataset/DeepPCB-master/PCBData/group13000/13000/13000029_test.jpg,/mnt/sda/cbj/dataset/DeepPCB-master/PCBData/group13000/13000_not/13000029.txt,mousebite,218 93 254 117,/mnt/sda/cbj/dataset/DeepPCB_stage1_lowdata_s20260917/DeepPCB/test/mousebite/13000029_05_mousebite.jpg,2,218 93 254 117
13000029,/mnt/sda/cbj/dataset/DeepPCB-master/PCBData/group13000/13000/13000029_test.jpg,/mnt/sda/cbj/dataset/DeepPCB-master/PCBData/group13000/13000_not/13000029.txt,spur,91 96 117 128,/mnt/sda/cbj/dataset/DeepPCB_stage1_lowdata_s20260917/DeepPCB/test/spur/13000029_06_spur.jpg,3,91 96 117 128
13000029,/mnt/sda/cbj/dataset/DeepPCB-master/PCBData/group13000/13000/13000029_test.jpg,/mnt/sda/cbj/dataset/DeepPCB-master/PCBData/group13000/13000_not/13000029.txt,spur,383 98 414 122,/mnt/sda/cbj/dataset/DeepPCB_stage1_lowdata_s20260917/DeepPCB/test/spur/13000029_07_spur.jpg,3,255 98 286 122
13000029,/mnt/sda/cbj/dataset/DeepPCB-master/PCBData/group13000/13000/13000029_test.jpg,/mnt/sda/cbj/dataset/DeepPCB-master/PCBData/group13000/13000_not/13000029.txt,spurious_copper,228 39 257 64,/mnt/sda/cbj/dataset/DeepPCB_stage1_lowdata_s20260917/DeepPCB/test/spurious_copper/13000029_08_spurious_copper.jpg,4,228 39 257 64
13000029,/mnt/sda/cbj/dataset/DeepPCB-master/PCBData/group13000/13000/13000029_test.jpg,/mnt/sda/cbj/dataset/DeepPCB-master/PCBData/group13000/13000_not/13000029.txt,spurious_copper,89 311 114 341,/mnt/sda/cbj/dataset/DeepPCB_stage1_lowdata_s20260917/DeepPCB/test/spurious_copper/13000029_09_spurious_copper.jpg,4,89 241 114 271
13000029,/mnt/sda/cbj/dataset/DeepPCB-master/PCBData/group13000/13000/13000029_test.jpg,/mnt/sda/cbj/dataset/DeepPCB-master/PCBData/group13000/13000_not/13000029.txt,pinhole,351 512 380 545,/mnt/sda/cbj/dataset/DeepPCB_stage1_lowdata_s20260917/DeepPCB/test/pinhole/13000029_10_pinhole.jpg,5,242 384 271 417
13000029,/mnt/sda/cbj/dataset/DeepPCB-master/PCBData/group13000/13000/13000029_test.jpg,/mnt/sda/cbj/dataset/DeepPCB-master/PCBData/group13000/13000_not/13000029.txt,pinhole,330 24 357 50,/mnt/sda/cbj/dataset/DeepPCB_stage1_lowdata_s20260917/DeepPCB/test/pinhole/13000029_11_pinhole.jpg,5,243 24 270 50
13000030,/mnt/sda/cbj/dataset/DeepPCB-master/PCBData/group13000/13000/13000030_test.jpg,/mnt/sda/cbj/dataset/DeepPCB-master/PCBData/group13000/13000_not/13000030.txt,open,210 47 247 76,/mnt/sda/cbj/dataset/DeepPCB_stage1_lowdata_s20260917/DeepPCB/test/open/13000030_00_open.jpg,0,210 47 247 76
13000030,/mnt/sda/cbj/dataset/DeepPCB-master/PCBData/group13000/13000/13000030_test.jpg,/mnt/sda/cbj/dataset/DeepPCB-master/PCBData/group13000/13000_not/13000030.txt,open,122 457 155 491,/mnt/sda/cbj/dataset/DeepPCB_stage1_lowdata_s20260917/DeepPCB/test/open/13000030_01_open.jpg,0,122 329 155 363
13000030,/mnt/sda/cbj/dataset/DeepPCB-master/PCBData/group13000/13000/13000030_test.jpg,/mnt/sda/cbj/dataset/DeepPCB-master/PCBData/group13000/13000_not/13000030.txt,short,112 43 139 80,/mnt/sda/cbj/dataset/DeepPCB_stage1_lowdata_s20260917/DeepPCB/test/short/13000030_02_short.jpg,1,112 43 139 80
13000030,/mnt/sda/cbj/dataset/DeepPCB-master/PCBData/group13000/13000/13000030_test.jpg,/mnt/sda/cbj/dataset/DeepPCB-master/PCBData/group13000/13000_not/13000030.txt,short,18 155 66 180,/mnt/sda/cbj/dataset/DeepPCB_stage1_lowdata_s20260917/DeepPCB/test/short/13000030_03_short.jpg,1,18 155 66 180
13000030,/mnt/sda/cbj/dataset/DeepPCB-master/PCBData/group13000/13000/13000030_test.jpg,/mnt/sda/cbj/dataset/DeepPCB-master/PCBData/group13000/13000_not/13000030.txt,mousebite,366 569 407 605,/mnt/sda/cbj/dataset/DeepPCB_stage1_lowdata_s20260917/DeepPCB/test/mousebite/13000030_04_mousebite.jpg,2,238 441 279 477
13000030,/mnt/sda/cbj/dataset/DeepPCB-master/PCBData/group13000/13000/13000030_test.jpg,/mnt/sda/cbj/dataset/DeepPCB-master/PCBData/group13000/13000_not/13000030.txt,mousebite,400 159 434 190,/mnt/sda/cbj/dataset/DeepPCB_stage1_lowdata_s20260917/DeepPCB/test/mousebite/13000030_05_mousebite.jpg,2,272 159 306 190
13000030,/mnt/sda/cbj/dataset/DeepPCB-master/PCBData/group13000/13000/13000030_test.jpg,/mnt/sda/cbj/dataset/DeepPCB-master/PCBData/group13000/13000_not/13000030.txt,spurious_copper,507 141 533 171,/mnt/sda/cbj/dataset/DeepPCB_stage1_lowdata_s20260917/DeepPCB/test/spurious_copper/13000030_06_spurious_copper.jpg,4,379 141 405 171
13000030,/mnt/sda/cbj/dataset/DeepPCB-master/PCBData/group13000/13000/13000030_test.jpg,/mnt/sda/cbj/dataset/DeepPCB-master/PCBData/group13000/13000_not/13000030.txt,spurious_copper,71 123 100 147,/mnt/sda/cbj/dataset/DeepPCB_stage1_lowdata_s20260917/DeepPCB/test/spurious_copper/13000030_07_spurious_copper.jpg,4,71 123 100 147
13000030,/mnt/sda/cbj/dataset/DeepPCB-master/PCBData/group13000/13000/13000030_test.jpg,/mnt/sda/cbj/dataset/DeepPCB-master/PCBData/group13000/13000_not/13000030.txt,pinhole,399 214 430 239,/mnt/sda/cbj/dataset/DeepPCB_stage1_lowdata_s20260917/DeepPCB/test/pinhole/13000030_08_pinhole.jpg,5,271 214 302 239
13000030,/mnt/sda/cbj/dataset/DeepPCB-master/PCBData/group13000/13000/13000030_test.jpg,/mnt/sda/cbj/dataset/DeepPCB-master/PCBData/group13000/13000_not/13000030.txt,pinhole,607 89 633 120,/mnt/sda/cbj/dataset/DeepPCB_stage1_lowdata_s20260917/DeepPCB/test/pinhole/13000030_09_pinhole.jpg,5,479 89 505 120
13000030,/mnt/sda/cbj/dataset/DeepPCB-master/PCBData/group13000/13000/13000030_test.jpg,/mnt/sda/cbj/dataset/DeepPCB-master/PCBData/group13000/13000_not/13000030.txt,spur,182 70 212 98,/mnt/sda/cbj/dataset/DeepPCB_stage1_lowdata_s20260917/DeepPCB/test/spur/13000030_10_spur.jpg,3,182 70 212 98
13000030,/mnt/sda/cbj/dataset/DeepPCB-master/PCBData/group13000/13000/13000030_test.jpg,/mnt/sda/cbj/dataset/DeepPCB-master/PCBData/group13000/13000_not/13000030.txt,spur,592 260 625 293,/mnt/sda/cbj/dataset/DeepPCB_stage1_lowdata_s20260917/DeepPCB/test/spur/13000030_11_spur.jpg,3,464 240 497 273
13000031,/mnt/sda/cbj/dataset/DeepPCB-master/PCBData/group13000/13000/13000031_test.jpg,/mnt/sda/cbj/dataset/DeepPCB-master/PCBData/group13000/13000_not/13000031.txt,open,280 177 353 210,/mnt/sda/cbj/dataset/DeepPCB_stage1_lowdata_s20260917/DeepPCB/test/open/13000031_00_open.jpg,0,220 177 293 210
13000031,/mnt/sda/cbj/dataset/DeepPCB-master/PCBData/group13000/13000/13000031_test.jpg,/mnt/sda/cbj/dataset/DeepPCB-master/PCBData/group13000/13000_not/13000031.txt,short,57 44 96 87,/mnt/sda/cbj/dataset/DeepPCB_stage1_lowdata_s20260917/DeepPCB/test/short/13000031_01_short.jpg,1,57 44 96 87
13000031,/mnt/sda/cbj/dataset/DeepPCB-master/PCBData/group13000/13000/13000031_test.jpg,/mnt/sda/cbj/dataset/DeepPCB-master/PCBData/group13000/13000_not/13000031.txt,mousebite,340 106 380 135,/mnt/sda/cbj/dataset/DeepPCB_stage1_lowdata_s20260917/DeepPCB/test/mousebite/13000031_02_mousebite.jpg,2,236 106 276 135
13000031,/mnt/sda/cbj/dataset/DeepPCB-master/PCBData/group13000/13000/13000031_test.jpg,/mnt/sda/cbj/dataset/DeepPCB-master/PCBData/group13000/13000_not/13000031.txt,spur,124 178 160 212,/mnt/sda/cbj/dataset/DeepPCB_stage1_lowdata_s20260917/DeepPCB/test/spur/13000031_03_spur.jpg,3,124 178 160 212
13000031,/mnt/sda/cbj/dataset/DeepPCB-master/PCBData/group13000/13000/13000031_test.jpg,/mnt/sda/cbj/dataset/DeepPCB-master/PCBData/group13000/13000_not/13000031.txt,spur,250 441 279 472,/mnt/sda/cbj/dataset/DeepPCB_stage1_lowdata_s20260917/DeepPCB/test/spur/13000031_04_spur.jpg,3,242 313 271 344
13000031,/mnt/sda/cbj/dataset/DeepPCB-master/PCBData/group13000/13000/13000031_test.jpg,/mnt/sda/cbj/dataset/DeepPCB-master/PCBData/group13000/13000_not/13000031.txt,spurious_copper,139 110 171 136,/mnt/sda/cbj/dataset/DeepPCB_stage1_lowdata_s20260917/DeepPCB/test/spurious_copper/13000031_05_spurious_copper.jpg,4,139 110 171 136
13000031,/mnt/sda/cbj/dataset/DeepPCB-master/PCBData/group13000/13000/13000031_test.jpg,/mnt/sda/cbj/dataset/DeepPCB-master/PCBData/group13000/13000_not/13000031.txt,spurious_copper,423 435 453 461,/mnt/sda/cbj/dataset/DeepPCB_stage1_lowdata_s20260917/DeepPCB/test/spurious_copper/13000031_06_spurious_copper.jpg,4,295 307 325 333
13000031,/mnt/sda/cbj/dataset/DeepPCB-master/PCBData/group13000/13000/13000031_test.jpg,/mnt/sda/cbj/dataset/DeepPCB-master/PCBData/group13000/13000_not/13000031.txt,pinhole,512 395 540 420,/mnt/sda/cbj/dataset/DeepPCB_stage1_lowdata_s20260917/DeepPCB/test/pinhole/13000031_07_pinhole.jpg,5,384 267 412 292
13000031,/mnt/sda/cbj/dataset/DeepPCB-master/PCBData/group13000/13000/13000031_test.jpg,/mnt/sda/cbj/dataset/DeepPCB-master/PCBData/group13000/13000_not/13000031.txt,pinhole,86 265 125 295,/mnt/sda/cbj/dataset/DeepPCB_stage1_lowdata_s20260917/DeepPCB/test/pinhole/13000031_08_pinhole.jpg,5,86 241 125 271
13000037,/mnt/sda/cbj/dataset/DeepPCB-master/PCBData/group13000/13000/13000037_test.jpg,/mnt/sda/cbj/dataset/DeepPCB-master/PCBData/group13000/13000_not/13000037.txt,open,118 283 143 321,/mnt/sda/cbj/dataset/DeepPCB_stage1_lowdata_s20260917/DeepPCB/test/open/13000037_00_open.jpg,0,118 237 143 275
13000037,/mnt/sda/cbj/dataset/DeepPCB-master/PCBData/group13000/13000/13000037_test.jpg,/mnt/sda/cbj/dataset/DeepPCB-master/PCBData/group13000/13000_not/13000037.txt,open,387 449 431 477,/mnt/sda/cbj/dataset/DeepPCB_stage1_lowdata_s20260917/DeepPCB/test/open/13000037_01_open.jpg,0,259 321 303 349
13000037,/mnt/sda/cbj/dataset/DeepPCB-master/PCBData/group13000/13000/13000037_test.jpg,/mnt/sda/cbj/dataset/DeepPCB-master/PCBData/group13000/13000_not/13000037.txt,short,49 243 73 290,/mnt/sda/cbj/dataset/DeepPCB_stage1_lowdata_s20260917/DeepPCB/test/short/13000037_02_short.jpg,1,49 233 73 280
13000037,/mnt/sda/cbj/dataset/DeepPCB-master/PCBData/group13000/13000/13000037_test.jpg,/mnt/sda/cbj/dataset/DeepPCB-master/PCBData/group13000/13000_not/13000037.txt,short,304 348 363 390,/mnt/sda/cbj/dataset/DeepPCB_stage1_lowdata_s20260917/DeepPCB/test/short/13000037_03_short.jpg,1,227 235 286 277
13000037,/mnt/sda/cbj/dataset/DeepPCB-master/PCBData/group13000/13000/13000037_test.jpg,/mnt/sda/cbj/dataset/DeepPCB-master/PCBData/group13000/13000_not/13000037.txt,mousebite,48 496 82 522,/mnt/sda/cbj/dataset/DeepPCB_stage1_lowdata_s20260917/DeepPCB/test/mousebite/13000037_04_mousebite.jpg,2,48 368 82 394
13000037,/mnt/sda/cbj/dataset/DeepPCB-master/PCBData/group13000/13000/13000037_test.jpg,/mnt/sda/cbj/dataset/DeepPCB-master/PCBData/group13000/13000_not/13000037.txt,spur,321 91 345 122,/mnt/sda/cbj/dataset/DeepPCB_stage1_lowdata_s20260917/DeepPCB/test/spur/13000037_05_spur.jpg,3,244 91 268 122
13000037,/mnt/sda/cbj/dataset/DeepPCB-master/PCBData/group13000/13000/13000037_test.jpg,/mnt/sda/cbj/dataset/DeepPCB-master/PCBData/group13000/13000_not/13000037.txt,spur,201 340 229 370,/mnt/sda/cbj/dataset/DeepPCB_stage1_lowdata_s20260917/DeepPCB/test/spur/13000037_06_spur.jpg,3,201 241 229 271
13000037,/mnt/sda/cbj/dataset/DeepPCB-master/PCBData/group13000/13000/13000037_test.jpg,/mnt/sda/cbj/dataset/DeepPCB-master/PCBData/group13000/13000_not/13000037.txt,pinhole,243 140 271 165,/mnt/sda/cbj/dataset/DeepPCB_stage1_lowdata_s20260917/DeepPCB/test/pinhole/13000037_07_pinhole.jpg,5,242 140 270 165
13000037,/mnt/sda/cbj/dataset/DeepPCB-master/PCBData/group13000/13000/13000037_test.jpg,/mnt/sda/cbj/dataset/DeepPCB-master/PCBData/group13000/13000_not/13000037.txt,pinhole,417 389 447 413,/mnt/sda/cbj/dataset/DeepPCB_stage1_lowdata_s20260917/DeepPCB/test/pinhole/13000037_08_pinhole.jpg,5,289 261 319 285
13000037,/mnt/sda/cbj/dataset/DeepPCB-master/PCBData/group13000/13000/13000037_test.jpg,/mnt/sda/cbj/dataset/DeepPCB-master/PCBData/group13000/13000_not/13000037.txt,spurious_copper,498 61 530 86,/mnt/sda/cbj/dataset/DeepPCB_stage1_lowdata_s20260917/DeepPCB/test/spurious_copper/13000037_09_spurious_copper.jpg,4,370 61 402 86
13000037,/mnt/sda/cbj/dataset/DeepPCB-master/PCBData/group13000/13000/13000037_test.jpg,/mnt/sda/cbj/dataset/DeepPCB-master/PCBData/group13000/13000_not/13000037.txt,spurious_copper,256 353 285 378,/mnt/sda/cbj/dataset/DeepPCB_stage1_lowdata_s20260917/DeepPCB/test/spurious_copper/13000037_10_spurious_copper.jpg,4,242 244 271 269
13000037,/mnt/sda/cbj/dataset/DeepPCB-master/PCBData/group13000/13000/13000037_test.jpg,/mnt/sda/cbj/dataset/DeepPCB-master/PCBData/group13000/13000_not/13000037.txt,mousebite,555 444 591 468,/mnt/sda/cbj/dataset/DeepPCB_stage1_lowdata_s20260917/DeepPCB/test/mousebite/13000037_11_mousebite.jpg,2,427 316 463 340
13000079,/mnt/sda/cbj/dataset/DeepPCB-master/PCBData/group13000/13000/13000079_test.jpg,/mnt/sda/cbj/dataset/DeepPCB-master/PCBData/group13000/13000_not/13000079.txt,open,190 584 224 625,/mnt/sda/cbj/dataset/DeepPCB_stage1_lowdata_s20260917/DeepPCB/test/open/13000079_00_open.jpg,0,190 456 224 497
13000079,/mnt/sda/cbj/dataset/DeepPCB-master/PCBData/group13000/13000/13000079_test.jpg,/mnt/sda/cbj/dataset/DeepPCB-master/PCBData/group13000/13000_not/13000079.txt,short,379 569 413 607,/mnt/sda/cbj/dataset/DeepPCB_stage1_lowdata_s20260917/DeepPCB/test/short/13000079_01_short.jpg,1,251 441 285 479
13000079,/mnt/sda/cbj/dataset/DeepPCB-master/PCBData/group13000/13000/13000079_test.jpg,/mnt/sda/cbj/dataset/DeepPCB-master/PCBData/group13000/13000_not/13000079.txt,spur,260 301 293 337,/mnt/sda/cbj/dataset/DeepPCB_stage1_lowdata_s20260917/DeepPCB/test/spur/13000079_02_spur.jpg,3,240 238 273 274
13000079,/mnt/sda/cbj/dataset/DeepPCB-master/PCBData/group13000/13000/13000079_test.jpg,/mnt/sda/cbj/dataset/DeepPCB-master/PCBData/group13000/13000_not/13000079.txt,spurious_copper,321 254 362 286,/mnt/sda/cbj/dataset/DeepPCB_stage1_lowdata_s20260917/DeepPCB/test/spurious_copper/13000079_03_spurious_copper.jpg,4,236 240 277 272
13000079,/mnt/sda/cbj/dataset/DeepPCB-master/PCBData/group13000/13000/13000079_test.jpg,/mnt/sda/cbj/dataset/DeepPCB-master/PCBData/group13000/13000_not/13000079.txt,pinhole,238 124 275 156,/mnt/sda/cbj/dataset/DeepPCB_stage1_lowdata_s20260917/DeepPCB/test/pinhole/13000079_04_pinhole.jpg,5,238 124 275 156
13000079,/mnt/sda/cbj/dataset/DeepPCB-master/PCBData/group13000/13000/13000079_test.jpg,/mnt/sda/cbj/dataset/DeepPCB-master/PCBData/group13000/13000_not/13000079.txt,mousebite,138 195 171 230,/mnt/sda/cbj/dataset/DeepPCB_stage1_lowdata_s20260917/DeepPCB/test/mousebite/13000079_05_mousebite.jpg,2,138 195 171 230
13000079,/mnt/sda/cbj/dataset/DeepPCB-master/PCBData/group13000/13000/13000079_test.jpg,/mnt/sda/cbj/dataset/DeepPCB-master/PCBData/group13000/13000_not/13000079.txt,pinhole,146 378 213 417,/mnt/sda/cbj/dataset/DeepPCB_stage1_lowdata_s20260917/DeepPCB/test/pinhole/13000079_06_pinhole.jpg,5,146 250 213 289
13000097,/mnt/sda/cbj/dataset/DeepPCB-master/PCBData/group13000/13000/13000097_test.jpg,/mnt/sda/cbj/dataset/DeepPCB-master/PCBData/group13000/13000_not/13000097.txt,open,286 368 332 407,/mnt/sda/cbj/dataset/DeepPCB_stage1_lowdata_s20260917/DeepPCB/test/open/13000097_00_open.jpg,0,233 240 279 279
13000097,/mnt/sda/cbj/dataset/DeepPCB-master/PCBData/group13000/13000/13000097_test.jpg,/mnt/sda/cbj/dataset/DeepPCB-master/PCBData/group13000/13000_not/13000097.txt,short,305 302 342 330,/mnt/sda/cbj/dataset/DeepPCB_stage1_lowdata_s20260917/DeepPCB/test/short/13000097_01_short.jpg,1,238 242 275 270
13000097,/mnt/sda/cbj/dataset/DeepPCB-master/PCBData/group13000/13000/13000097_test.jpg,/mnt/sda/cbj/dataset/DeepPCB-master/PCBData/group13000/13000_not/13000097.txt,mousebite,299 190 332 216,/mnt/sda/cbj/dataset/DeepPCB_stage1_lowdata_s20260917/DeepPCB/test/mousebite/13000097_02_mousebite.jpg,2,240 190 273 216
13000097,/mnt/sda/cbj/dataset/DeepPCB-master/PCBData/group13000/13000/13000097_test.jpg,/mnt/sda/cbj/dataset/DeepPCB-master/PCBData/group13000/13000_not/13000097.txt,spur,144 179 182 209,/mnt/sda/cbj/dataset/DeepPCB_stage1_lowdata_s20260917/DeepPCB/test/spur/13000097_03_spur.jpg,3,144 179 182 209
13000097,/mnt/sda/cbj/dataset/DeepPCB-master/PCBData/group13000/13000/13000097_test.jpg,/mnt/sda/cbj/dataset/DeepPCB-master/PCBData/group13000/13000_not/13000097.txt,spurious_copper,214 350 242 394,/mnt/sda/cbj/dataset/DeepPCB_stage1_lowdata_s20260917/DeepPCB/test/spurious_copper/13000097_04_spurious_copper.jpg,4,214 234 242 278
13000097,/mnt/sda/cbj/dataset/DeepPCB-master/PCBData/group13000/13000/13000097_test.jpg,/mnt/sda/cbj/dataset/DeepPCB-master/PCBData/group13000/13000_not/13000097.txt,pinhole,11 417 47 450,/mnt/sda/cbj/dataset/DeepPCB_stage1_lowdata_s20260917/DeepPCB/test/pinhole/13000097_05_pinhole.jpg,5,11 289 47 322
13000102,/mnt/sda/cbj/dataset/DeepPCB-master/PCBData/group13000/13000/13000102_test.jpg,/mnt/sda/cbj/dataset/DeepPCB-master/PCBData/group13000/13000_not/13000102.txt,open,254 400 304 444,/mnt/sda/cbj/dataset/DeepPCB_stage1_lowdata_s20260917/DeepPCB/test/open/13000102_00_open.jpg,0,231 272 281 316
13000102,/mnt/sda/cbj/dataset/DeepPCB-master/PCBData/group13000/13000/13000102_test.jpg,/mnt/sda/cbj/dataset/DeepPCB-master/PCBData/group13000/13000_not/13000102.txt,short,451 263 504 291,/mnt/sda/cbj/dataset/DeepPCB_stage1_lowdata_s20260917/DeepPCB/test/short/13000102_01_short.jpg,1,323 242 376 270
13000102,/mnt/sda/cbj/dataset/DeepPCB-master/PCBData/group13000/13000/13000102_test.jpg,/mnt/sda/cbj/dataset/DeepPCB-master/PCBData/group13000/13000_not/13000102.txt,spur,280 283 311 316,/mnt/sda/cbj/dataset/DeepPCB_stage1_lowdata_s20260917/DeepPCB/test/spur/13000102_02_spur.jpg,3,241 240 272 273
13000102,/mnt/sda/cbj/dataset/DeepPCB-master/PCBData/group13000/13000/13000102_test.jpg,/mnt/sda/cbj/dataset/DeepPCB-master/PCBData/group13000/13000_not/13000102.txt,mousebite,218 275 252 304,/mnt/sda/cbj/dataset/DeepPCB_stage1_lowdata_s20260917/DeepPCB/test/mousebite/13000102_03_mousebite.jpg,2,218 242 252 271
13000102,/mnt/sda/cbj/dataset/DeepPCB-master/PCBData/group13000/13000/13000102_test.jpg,/mnt/sda/cbj/dataset/DeepPCB-master/PCBData/group13000/13000_not/13000102.txt,spurious_copper,324 239 359 295,/mnt/sda/cbj/dataset/DeepPCB_stage1_lowdata_s20260917/DeepPCB/test/spurious_copper/13000102_04_spurious_copper.jpg,4,239 228 274 284
13000102,/mnt/sda/cbj/dataset/DeepPCB-master/PCBData/group13000/13000/13000102_test.jpg,/mnt/sda/cbj/dataset/DeepPCB-master/PCBData/group13000/13000_not/13000102.txt,pinhole,28 304 63 344,/mnt/sda/cbj/dataset/DeepPCB_stage1_lowdata_s20260917/DeepPCB/test/pinhole/13000102_05_pinhole.jpg,5,28 236 63 276
13000110,/mnt/sda/cbj/dataset/DeepPCB-master/PCBData/group13000/13000/13000110_test.jpg,/mnt/sda/cbj/dataset/DeepPCB-master/PCBData/group13000/13000_not/13000110.txt,open,66 96 120 135,/mnt/sda/cbj/dataset/DeepPCB_stage1_lowdata_s20260917/DeepPCB/test/open/13000110_00_open.jpg,0,66 96 120 135
13000110,/mnt/sda/cbj/dataset/DeepPCB-master/PCBData/group13000/13000/13000110_test.jpg,/mnt/sda/cbj/dataset/DeepPCB-master/PCBData/group13000/13000_not/13000110.txt,mousebite,164 186 206 213,/mnt/sda/cbj/dataset/DeepPCB_stage1_lowdata_s20260917/DeepPCB/test/mousebite/13000110_01_mousebite.jpg,2,164 186 206 213
13000110,/mnt/sda/cbj/dataset/DeepPCB-master/PCBData/group13000/13000/13000110_test.jpg,/mnt/sda/cbj/dataset/DeepPCB-master/PCBData/group13000/13000_not/13000110.txt,spur,286 91 321 139,/mnt/sda/cbj/dataset/DeepPCB_stage1_lowdata_s20260917/DeepPCB/test/spur/13000110_02_spur.jpg,3,239 91 274 139
13000110,/mnt/sda/cbj/dataset/DeepPCB-master/PCBData/group13000/13000/13000110_test.jpg,/mnt/sda/cbj/dataset/DeepPCB-master/PCBData/group13000/13000_not/13000110.txt,spurious_copper,184 76 223 115,/mnt/sda/cbj/dataset/DeepPCB_stage1_lowdata_s20260917/DeepPCB/test/spurious_copper/13000110_03_spurious_copper.jpg,4,184 76 223 115
13000110,/mnt/sda/cbj/dataset/DeepPCB-master/PCBData/group13000/13000/13000110_test.jpg,/mnt/sda/cbj/dataset/DeepPCB-master/PCBData/group13000/13000_not/13000110.txt,pinhole,264 361 300 397,/mnt/sda/cbj/dataset/DeepPCB_stage1_lowdata_s20260917/DeepPCB/test/pinhole/13000110_04_pinhole.jpg,5,238 238 274 274
13000110,/mnt/sda/cbj/dataset/DeepPCB-master/PCBData/group13000/13000/13000110_test.jpg,/mnt/sda/cbj/dataset/DeepPCB-master/PCBData/group13000/13000_not/13000110.txt,pinhole,272 219 315 260,/mnt/sda/cbj/dataset/DeepPCB_stage1_lowdata_s20260917/DeepPCB/test/pinhole/13000110_05_pinhole.jpg,5,235 219 278 260
13000110,/mnt/sda/cbj/dataset/DeepPCB-master/PCBData/group13000/13000/13000110_test.jpg,/mnt/sda/cbj/dataset/DeepPCB-master/PCBData/group13000/13000_not/13000110.txt,short,10 131 54 163,/mnt/sda/cbj/dataset/DeepPCB_stage1_lowdata_s20260917/DeepPCB/test/short/13000110_06_short.jpg,1,10 131 54 163
13000118,/mnt/sda/cbj/dataset/DeepPCB-master/PCBData/group13000/13000/13000118_test.jpg,/mnt/sda/cbj/dataset/DeepPCB-master/PCBData/group13000/13000_not/13000118.txt,open,403 306 472 351,/mnt/sda/cbj/dataset/DeepPCB_stage1_lowdata_s20260917/DeepPCB/test/open/13000118_00_open.jpg,0,275 234 344 279
13000118,/mnt/sda/cbj/dataset/DeepPCB-master/PCBData/group13000/13000/13000118_test.jpg,/mnt/sda/cbj/dataset/DeepPCB-master/PCBData/group13000/13000_not/13000118.txt,short,79 491 113 535,/mnt/sda/cbj/dataset/DeepPCB_stage1_lowdata_s20260917/DeepPCB/test/short/13000118_01_short.jpg,1,79 363 113 407
13000118,/mnt/sda/cbj/dataset/DeepPCB-master/PCBData/group13000/13000/13000118_test.jpg,/mnt/sda/cbj/dataset/DeepPCB-master/PCBData/group13000/13000_not/13000118.txt,mousebite,365 474 408 505,/mnt/sda/cbj/dataset/DeepPCB_stage1_lowdata_s20260917/DeepPCB/test/mousebite/13000118_02_mousebite.jpg,2,237 346 280 377
13000118,/mnt/sda/cbj/dataset/DeepPCB-master/PCBData/group13000/13000/13000118_test.jpg,/mnt/sda/cbj/dataset/DeepPCB-master/PCBData/group13000/13000_not/13000118.txt,spur,459 229 498 257,/mnt/sda/cbj/dataset/DeepPCB_stage1_lowdata_s20260917/DeepPCB/test/spur/13000118_03_spur.jpg,3,331 229 370 257
13000118,/mnt/sda/cbj/dataset/DeepPCB-master/PCBData/group13000/13000/13000118_test.jpg,/mnt/sda/cbj/dataset/DeepPCB-master/PCBData/group13000/13000_not/13000118.txt,spurious_copper,177 149 216 190,/mnt/sda/cbj/dataset/DeepPCB_stage1_lowdata_s20260917/DeepPCB/test/spurious_copper/13000118_04_spurious_copper.jpg,4,177 149 216 190
13000118,/mnt/sda/cbj/dataset/DeepPCB-master/PCBData/group13000/13000/13000118_test.jpg,/mnt/sda/cbj/dataset/DeepPCB-master/PCBData/group13000/13000_not/13000118.txt,pinhole,223 303 260 341,/mnt/sda/cbj/dataset/DeepPCB_stage1_lowdata_s20260917/DeepPCB/test/pinhole/13000118_05_pinhole.jpg,5,223 237 260 275
13000126,/mnt/sda/cbj/dataset/DeepPCB-master/PCBData/group13000/13000/13000126_test.jpg,/mnt/sda/cbj/dataset/DeepPCB-master/PCBData/group13000/13000_not/13000126.txt,open,74 258 105 304,/mnt/sda/cbj/dataset/DeepPCB_stage1_lowdata_s20260917/DeepPCB/test/open/13000126_00_open.jpg,0,74 233 105 279
13000126,/mnt/sda/cbj/dataset/DeepPCB-master/PCBData/group13000/13000/13000126_test.jpg,/mnt/sda/cbj/dataset/DeepPCB-master/PCBData/group13000/13000_not/13000126.txt,short,188 247 216 282,/mnt/sda/cbj/dataset/DeepPCB_stage1_lowdata_s20260917/DeepPCB/test/short/13000126_01_short.jpg,1,188 239 216 274
13000126,/mnt/sda/cbj/dataset/DeepPCB-master/PCBData/group13000/13000/13000126_test.jpg,/mnt/sda/cbj/dataset/DeepPCB-master/PCBData/group13000/13000_not/13000126.txt,spur,212 145 246 174,/mnt/sda/cbj/dataset/DeepPCB_stage1_lowdata_s20260917/DeepPCB/test/spur/13000126_02_spur.jpg,3,212 145 246 174
13000126,/mnt/sda/cbj/dataset/DeepPCB-master/PCBData/group13000/13000/13000126_test.jpg,/mnt/sda/cbj/dataset/DeepPCB-master/PCBData/group13000/13000_not/13000126.txt,spurious_copper,255 207 307 245,/mnt/sda/cbj/dataset/DeepPCB_stage1_lowdata_s20260917/DeepPCB/test/spurious_copper/13000126_03_spurious_copper.jpg,4,230 207 282 245
13000126,/mnt/sda/cbj/dataset/DeepPCB-master/PCBData/group13000/13000/13000126_test.jpg,/mnt/sda/cbj/dataset/DeepPCB-master/PCBData/group13000/13000_not/13000126.txt,pinhole,287 488 317 516,/mnt/sda/cbj/dataset/DeepPCB_stage1_lowdata_s20260917/DeepPCB/test/pinhole/13000126_04_pinhole.jpg,5,241 360 271 388
13000126,/mnt/sda/cbj/dataset/DeepPCB-master/PCBData/group13000/13000/13000126_test.jpg,/mnt/sda/cbj/dataset/DeepPCB-master/PCBData/group13000/13000_not/13000126.txt,mousebite,478 383 509 409,/mnt/sda/cbj/dataset/DeepPCB_stage1_lowdata_s20260917/DeepPCB/test/mousebite/13000126_05_mousebite.jpg,2,350 255 381 281
13000174,/mnt/sda/cbj/dataset/DeepPCB-master/PCBData/group13000/13000/13000174_test.jpg,/mnt/sda/cbj/dataset/DeepPCB-master/PCBData/group13000/13000_not/13000174.txt,open,77 72 161 101,/mnt/sda/cbj/dataset/DeepPCB_stage1_lowdata_s20260917/DeepPCB/test/open/13000174_00_open.jpg,0,77 72 161 101
13000174,/mnt/sda/cbj/dataset/DeepPCB-master/PCBData/group13000/13000/13000174_test.jpg,/mnt/sda/cbj/dataset/DeepPCB-master/PCBData/group13000/13000_not/13000174.txt,short,119 453 204 484,/mnt/sda/cbj/dataset/DeepPCB_stage1_lowdata_s20260917/DeepPCB/test/short/13000174_01_short.jpg,1,119 325 204 356
13000174,/mnt/sda/cbj/dataset/DeepPCB-master/PCBData/group13000/13000/13000174_test.jpg,/mnt/sda/cbj/dataset/DeepPCB-master/PCBData/group13000/13000_not/13000174.txt,pinhole,348 334 384 370,/mnt/sda/cbj/dataset/DeepPCB_stage1_lowdata_s20260917/DeepPCB/test/pinhole/13000174_02_pinhole.jpg,5,238 238 274 274
13000174,/mnt/sda/cbj/dataset/DeepPCB-master/PCBData/group13000/13000/13000174_test.jpg,/mnt/sda/cbj/dataset/DeepPCB-master/PCBData/group13000/13000_not/13000174.txt,spurious_copper,57 278 116 336,/mnt/sda/cbj/dataset/DeepPCB_stage1_lowdata_s20260917/DeepPCB/test/spurious_copper/13000174_03_spurious_copper.jpg,4,57 227 116 285
13000174,/mnt/sda/cbj/dataset/DeepPCB-master/PCBData/group13000/13000/13000174_test.jpg,/mnt/sda/cbj/dataset/DeepPCB-master/PCBData/group13000/13000_not/13000174.txt,spur,73 412 107 443,/mnt/sda/cbj/dataset/DeepPCB_stage1_lowdata_s20260917/DeepPCB/test/spur/13000174_04_spur.jpg,3,73 284 107 315
13000174,/mnt/sda/cbj/dataset/DeepPCB-master/PCBData/group13000/13000/13000174_test.jpg,/mnt/sda/cbj/dataset/DeepPCB-master/PCBData/group13000/13000_not/13000174.txt,mousebite,179 314 208 340,/mnt/sda/cbj/dataset/DeepPCB_stage1_lowdata_s20260917/DeepPCB/test/mousebite/13000174_05_mousebite.jpg,2,179 243 208 269
13000197,/mnt/sda/cbj/dataset/DeepPCB-master/PCBData/group13000/13000/13000197_test.jpg,/mnt/sda/cbj/dataset/DeepPCB-master/PCBData/group13000/13000_not/13000197.txt,open,372 252 409 299,/mnt/sda/cbj/dataset/DeepPCB_stage1_lowdata_s20260917/DeepPCB/test/open/13000197_00_open.jpg,0,244 233 281 280
13000197,/mnt/sda/cbj/dataset/DeepPCB-master/PCBData/group13000/13000/13000197_test.jpg,/mnt/sda/cbj/dataset/DeepPCB-master/PCBData/group13000/13000_not/13000197.txt,short,444 224 480 282,/mnt/sda/cbj/dataset/DeepPCB_stage1_lowdata_s20260917/DeepPCB/test/short/13000197_01_short.jpg,1,316 224 352 282
13000197,/mnt/sda/cbj/dataset/DeepPCB-master/PCBData/group13000/13000/13000197_test.jpg,/mnt/sda/cbj/dataset/DeepPCB-master/PCBData/group13000/13000_not/13000197.txt,mousebite,382 197 414 225,/mnt/sda/cbj/dataset/DeepPCB_stage1_lowdata_s20260917/DeepPCB/test/mousebite/13000197_02_mousebite.jpg,2,254 197 286 225
13000197,/mnt/sda/cbj/dataset/DeepPCB-master/PCBData/group13000/13000/13000197_test.jpg,/mnt/sda/cbj/dataset/DeepPCB-master/PCBData/group13000/13000_not/13000197.txt,spur,315 146 354 176,/mnt/sda/cbj/dataset/DeepPCB_stage1_lowdata_s20260917/DeepPCB/test/spur/13000197_03_spur.jpg,3,237 146 276 176
13000197,/mnt/sda/cbj/dataset/DeepPCB-master/PCBData/group13000/13000/13000197_test.jpg,/mnt/sda/cbj/dataset/DeepPCB-master/PCBData/group13000/13000_not/13000197.txt,spurious_copper,120 316 160 350,/mnt/sda/cbj/dataset/DeepPCB_stage1_lowdata_s20260917/DeepPCB/test/spurious_copper/13000197_04_spurious_copper.jpg,4,120 239 160 273
13000197,/mnt/sda/cbj/dataset/DeepPCB-master/PCBData/group13000/13000/13000197_test.jpg,/mnt/sda/cbj/dataset/DeepPCB-master/PCBData/group13000/13000_not/13000197.txt,pinhole,435 492 470 523,/mnt/sda/cbj/dataset/DeepPCB_stage1_lowdata_s20260917/DeepPCB/test/pinhole/13000197_05_pinhole.jpg,5,307 364 342 395
20085014,/mnt/sda/cbj/dataset/DeepPCB-master/PCBData/group20085/20085/20085014_test.jpg,/mnt/sda/cbj/dataset/DeepPCB-master/PCBData/group20085/20085_not/20085014.txt,open,575 388 601 408,/mnt/sda/cbj/dataset/DeepPCB_stage1_lowdata_s20260917/DeepPCB/test/open/20085014_00_open.jpg,0,447 260 473 280
20085014,/mnt/sda/cbj/dataset/DeepPCB-master/PCBData/group20085/20085/20085014_test.jpg,/mnt/sda/cbj/dataset/DeepPCB-master/PCBData/group20085/20085_not/20085014.txt,short,581 487 616 508,/mnt/sda/cbj/dataset/DeepPCB_stage1_lowdata_s20260917/DeepPCB/test/short/20085014_01_short.jpg,1,453 359 488 380
20085014,/mnt/sda/cbj/dataset/DeepPCB-master/PCBData/group20085/20085/20085014_test.jpg,/mnt/sda/cbj/dataset/DeepPCB-master/PCBData/group20085/20085_not/20085014.txt,mousebite,217 135 246 159,/mnt/sda/cbj/dataset/DeepPCB_stage1_lowdata_s20260917/DeepPCB/test/mousebite/20085014_02_mousebite.jpg,2,217 135 246 159
20085014,/mnt/sda/cbj/dataset/DeepPCB-master/PCBData/group20085/20085/20085014_test.jpg,/mnt/sda/cbj/dataset/DeepPCB-master/PCBData/group20085/20085_not/20085014.txt,spur,152 213 177 241,/mnt/sda/cbj/dataset/DeepPCB_stage1_lowdata_s20260917/DeepPCB/test/spur/20085014_03_spur.jpg,3,152 213 177 241
20085014,/mnt/sda/cbj/dataset/DeepPCB-master/PCBData/group20085/20085/20085014_test.jpg,/mnt/sda/cbj/dataset/DeepPCB-master/PCBData/group20085/20085_not/20085014.txt,spurious_copper,59 437 89 460,/mnt/sda/cbj/dataset/DeepPCB_stage1_lowdata_s20260917/DeepPCB/test/spurious_copper/20085014_04_spurious_copper.jpg,4,59 309 89 332
20085014,/mnt/sda/cbj/dataset/DeepPCB-master/PCBData/group20085/20085/20085014_test.jpg,/mnt/sda/cbj/dataset/DeepPCB-master/PCBData/group20085/20085_not/20085014.txt,pinhole,26 188 59 214,/mnt/sda/cbj/dataset/DeepPCB_stage1_lowdata_s20260917/DeepPCB/test/pinhole/20085014_05_pinhole.jpg,5,26 188 59 214
20085016,/mnt/sda/cbj/dataset/DeepPCB-master/PCBData/group20085/20085/20085016_test.jpg,/mnt/sda/cbj/dataset/DeepPCB-master/PCBData/group20085/20085_not/20085016.txt,open,162 229 196 252,/mnt/sda/cbj/dataset/DeepPCB_stage1_lowdata_s20260917/DeepPCB/test/open/20085016_00_open.jpg,0,162 229 196 252
20085016,/mnt/sda/cbj/dataset/DeepPCB-master/PCBData/group20085/20085/20085016_test.jpg,/mnt/sda/cbj/dataset/DeepPCB-master/PCBData/group20085/20085_not/20085016.txt,open,587 414 617 435,/mnt/sda/cbj/dataset/DeepPCB_stage1_lowdata_s20260917/DeepPCB/test/open/20085016_01_open.jpg,0,459 286 489 307
20085016,/mnt/sda/cbj/dataset/DeepPCB-master/PCBData/group20085/20085/20085016_test.jpg,/mnt/sda/cbj/dataset/DeepPCB-master/PCBData/group20085/20085_not/20085016.txt,short,137 284 189 306,/mnt/sda/cbj/dataset/DeepPCB_stage1_lowdata_s20260917/DeepPCB/test/short/20085016_02_short.jpg,1,137 245 189 267
20085016,/mnt/sda/cbj/dataset/DeepPCB-master/PCBData/group20085/20085/20085016_test.jpg,/mnt/sda/cbj/dataset/DeepPCB-master/PCBData/group20085/20085_not/20085016.txt,mousebite,152 45 183 66,/mnt/sda/cbj/dataset/DeepPCB_stage1_lowdata_s20260917/DeepPCB/test/mousebite/20085016_03_mousebite.jpg,2,152 45 183 66
20085016,/mnt/sda/cbj/dataset/DeepPCB-master/PCBData/group20085/20085/20085016_test.jpg,/mnt/sda/cbj/dataset/DeepPCB-master/PCBData/group20085/20085_not/20085016.txt,spur,145 347 183 372,/mnt/sda/cbj/dataset/DeepPCB_stage1_lowdata_s20260917/DeepPCB/test/spur/20085016_04_spur.jpg,3,145 244 183 269
20085016,/mnt/sda/cbj/dataset/DeepPCB-master/PCBData/group20085/20085/20085016_test.jpg,/mnt/sda/cbj/dataset/DeepPCB-master/PCBData/group20085/20085_not/20085016.txt,spurious_copper,408 406 435 429,/mnt/sda/cbj/dataset/DeepPCB_stage1_lowdata_s20260917/DeepPCB/test/spurious_copper/20085016_05_spurious_copper.jpg,4,280 278 307 301
20085016,/mnt/sda/cbj/dataset/DeepPCB-master/PCBData/group20085/20085/20085016_test.jpg,/mnt/sda/cbj/dataset/DeepPCB-master/PCBData/group20085/20085_not/20085016.txt,pinhole,338 559 363 580,/mnt/sda/cbj/dataset/DeepPCB_stage1_lowdata_s20260917/DeepPCB/test/pinhole/20085016_06_pinhole.jpg,5,244 431 269 452
20085020,/mnt/sda/cbj/dataset/DeepPCB-master/PCBData/group20085/20085/20085020_test.jpg,/mnt/sda/cbj/dataset/DeepPCB-master/PCBData/group20085/20085_not/20085020.txt,open,399 265 421 288,/mnt/sda/cbj/dataset/DeepPCB_stage1_lowdata_s20260917/DeepPCB/test/open/20085020_00_open.jpg,0,271 245 293 268
20085020,/mnt/sda/cbj/dataset/DeepPCB-master/PCBData/group20085/20085/20085020_test.jpg,/mnt/sda/cbj/dataset/DeepPCB-master/PCBData/group20085/20085_not/20085020.txt,short,403 131 442 151,/mnt/sda/cbj/dataset/DeepPCB_stage1_lowdata_s20260917/DeepPCB/test/short/20085020_01_short.jpg,1,275 131 314 151
20085020,/mnt/sda/cbj/dataset/DeepPCB-master/PCBData/group20085/20085/20085020_test.jpg,/mnt/sda/cbj/dataset/DeepPCB-master/PCBData/group20085/20085_not/20085020.txt,short,582 360 607 390,/mnt/sda/cbj/dataset/DeepPCB_stage1_lowdata_s20260917/DeepPCB/test/short/20085020_02_short.jpg,1,454 241 479 271
20085020,/mnt/sda/cbj/dataset/DeepPCB-master/PCBData/group20085/20085/20085020_test.jpg,/mnt/sda/cbj/dataset/DeepPCB-master/PCBData/group20085/20085_not/20085020.txt,mousebite,363 521 392 541,/mnt/sda/cbj/dataset/DeepPCB_stage1_lowdata_s20260917/DeepPCB/test/mousebite/20085020_03_mousebite.jpg,2,242 393 271 413
20085020,/mnt/sda/cbj/dataset/DeepPCB-master/PCBData/group20085/20085/20085020_test.jpg,/mnt/sda/cbj/dataset/DeepPCB-master/PCBData/group20085/20085_not/20085020.txt,spur,278 442 311 467,/mnt/sda/cbj/dataset/DeepPCB_stage1_lowdata_s20260917/DeepPCB/test/spur/20085020_04_spur.jpg,3,240 314 273 339
20085020,/mnt/sda/cbj/dataset/DeepPCB-master/PCBData/group20085/20085/20085020_test.jpg,/mnt/sda/cbj/dataset/DeepPCB-master/PCBData/group20085/20085_not/20085020.txt,spurious_copper,95 218 126 244,/mnt/sda/cbj/dataset/DeepPCB_stage1_lowdata_s20260917/DeepPCB/test/spurious_copper/20085020_05_spurious_copper.jpg,4,95 218 126 244
20085020,/mnt/sda/cbj/dataset/DeepPCB-master/PCBData/group20085/20085/20085020_test.jpg,/mnt/sda/cbj/dataset/DeepPCB-master/PCBData/group20085/20085_not/20085020.txt,pinhole,124 460 155 488,/mnt/sda/cbj/dataset/DeepPCB_stage1_lowdata_s20260917/DeepPCB/test/pinhole/20085020_06_pinhole.jpg,5,124 332 155 360
20085020,/mnt/sda/cbj/dataset/DeepPCB-master/PCBData/group20085/20085/20085020_test.jpg,/mnt/sda/cbj/dataset/DeepPCB-master/PCBData/group20085/20085_not/20085020.txt,pinhole,324 105 354 131,/mnt/sda/cbj/dataset/DeepPCB_stage1_lowdata_s20260917/DeepPCB/test/pinhole/20085020_07_pinhole.jpg,5,241 105 271 131
20085026,/mnt/sda/cbj/dataset/DeepPCB-master/PCBData/group20085/20085/20085026_test.jpg,/mnt/sda/cbj/dataset/DeepPCB-master/PCBData/group20085/20085_not/20085026.txt,open,244 536 294 567,/mnt/sda/cbj/dataset/DeepPCB_stage1_lowdata_s20260917/DeepPCB/test/open/20085026_00_open.jpg,0,231 408 281 439
20085026,/mnt/sda/cbj/dataset/DeepPCB-master/PCBData/group20085/20085/20085026_test.jpg,/mnt/sda/cbj/dataset/DeepPCB-master/PCBData/group20085/20085_not/20085026.txt,short,252 447 285 497,/mnt/sda/cbj/dataset/DeepPCB_stage1_lowdata_s20260917/DeepPCB/test/short/20085026_01_short.jpg,1,240 319 273 369
20085026,/mnt/sda/cbj/dataset/DeepPCB-master/PCBData/group20085/20085/20085026_test.jpg,/mnt/sda/cbj/dataset/DeepPCB-master/PCBData/group20085/20085_not/20085026.txt,mousebite,314 372 349 402,/mnt/sda/cbj/dataset/DeepPCB_stage1_lowdata_s20260917/DeepPCB/test/mousebite/20085026_02_mousebite.jpg,2,239 244 274 274
20085026,/mnt/sda/cbj/dataset/DeepPCB-master/PCBData/group20085/20085/20085026_test.jpg,/mnt/sda/cbj/dataset/DeepPCB-master/PCBData/group20085/20085_not/20085026.txt,spur,74 364 114 397,/mnt/sda/cbj/dataset/DeepPCB_stage1_lowdata_s20260917/DeepPCB/test/spur/20085026_03_spur.jpg,3,74 240 114 273
20085026,/mnt/sda/cbj/dataset/DeepPCB-master/PCBData/group20085/20085/20085026_test.jpg,/mnt/sda/cbj/dataset/DeepPCB-master/PCBData/group20085/20085_not/20085026.txt,spurious_copper,337 175 374 215,/mnt/sda/cbj/dataset/DeepPCB_stage1_lowdata_s20260917/DeepPCB/test/spurious_copper/20085026_04_spurious_copper.jpg,4,238 175 275 215
20085026,/mnt/sda/cbj/dataset/DeepPCB-master/PCBData/group20085/20085/20085026_test.jpg,/mnt/sda/cbj/dataset/DeepPCB-master/PCBData/group20085/20085_not/20085026.txt,pinhole,483 387 521 425,/mnt/sda/cbj/dataset/DeepPCB_stage1_lowdata_s20260917/DeepPCB/test/pinhole/20085026_05_pinhole.jpg,5,355 259 393 297
20085027,/mnt/sda/cbj/dataset/DeepPCB-master/PCBData/group20085/20085/20085027_test.jpg,/mnt/sda/cbj/dataset/DeepPCB-master/PCBData/group20085/20085_not/20085027.txt,open,0 324 33 362,/mnt/sda/cbj/dataset/DeepPCB_stage1_lowdata_s20260917/DeepPCB/test/open/20085027_00_open.jpg,0,0 237 33 275
20085027,/mnt/sda/cbj/dataset/DeepPCB-master/PCBData/group20085/20085/20085027_test.jpg,/mnt/sda/cbj/dataset/DeepPCB-master/PCBData/group20085/20085_not/20085027.txt,short,235 575 287 613,/mnt/sda/cbj/dataset/DeepPCB_stage1_lowdata_s20260917/DeepPCB/test/short/20085027_01_short.jpg,1,230 447 282 485
20085027,/mnt/sda/cbj/dataset/DeepPCB-master/PCBData/group20085/20085/20085027_test.jpg,/mnt/sda/cbj/dataset/DeepPCB-master/PCBData/group20085/20085_not/20085027.txt,mousebite,589 50 625 78,/mnt/sda/cbj/dataset/DeepPCB_stage1_lowdata_s20260917/DeepPCB/test/mousebite/20085027_02_mousebite.jpg,2,461 50 497 78
20085027,/mnt/sda/cbj/dataset/DeepPCB-master/PCBData/group20085/20085/20085027_test.jpg,/mnt/sda/cbj/dataset/DeepPCB-master/PCBData/group20085/20085_not/20085027.txt,spur,4 427 34 458,/mnt/sda/cbj/dataset/DeepPCB_stage1_lowdata_s20260917/DeepPCB/test/spur/20085027_03_spur.jpg,3,4 299 34 330
20085027,/mnt/sda/cbj/dataset/DeepPCB-master/PCBData/group20085/20085/20085027_test.jpg,/mnt/sda/cbj/dataset/DeepPCB-master/PCBData/group20085/20085_not/20085027.txt,spurious_copper,167 353 205 387,/mnt/sda/cbj/dataset/DeepPCB_stage1_lowdata_s20260917/DeepPCB/test/spurious_copper/20085027_04_spurious_copper.jpg,4,167 239 205 273
20085027,/mnt/sda/cbj/dataset/DeepPCB-master/PCBData/group20085/20085/20085027_test.jpg,/mnt/sda/cbj/dataset/DeepPCB-master/PCBData/group20085/20085_not/20085027.txt,pinhole,583 473 626 506,/mnt/sda/cbj/dataset/DeepPCB_stage1_lowdata_s20260917/DeepPCB/test/pinhole/20085027_05_pinhole.jpg,5,455 345 498 378
20085033,/mnt/sda/cbj/dataset/DeepPCB-master/PCBData/group20085/20085/20085033_test.jpg,/mnt/sda/cbj/dataset/DeepPCB-master/PCBData/group20085/20085_not/20085033.txt,open,427 128 464 156,/mnt/sda/cbj/dataset/DeepPCB_stage1_lowdata_s20260917/DeepPCB/test/open/20085033_00_open.jpg,0,299 128 336 156
20085033,/mnt/sda/cbj/dataset/DeepPCB-master/PCBData/group20085/20085/20085033_test.jpg,/mnt/sda/cbj/dataset/DeepPCB-master/PCBData/group20085/20085_not/20085033.txt,open,470 174 501 201,/mnt/sda/cbj/dataset/DeepPCB_stage1_lowdata_s20260917/DeepPCB/test/open/20085033_01_open.jpg,0,342 174 373 201
20085033,/mnt/sda/cbj/dataset/DeepPCB-master/PCBData/group20085/20085/20085033_test.jpg,/mnt/sda/cbj/dataset/DeepPCB-master/PCBData/group20085/20085_not/20085033.txt,short,422 405 450 460,/mnt/sda/cbj/dataset/DeepPCB_stage1_lowdata_s20260917/DeepPCB/test/short/20085033_02_short.jpg,1,294 277 322 332
20085033,/mnt/sda/cbj/dataset/DeepPCB-master/PCBData/group20085/20085/20085033_test.jpg,/mnt/sda/cbj/dataset/DeepPCB-master/PCBData/group20085/20085_not/20085033.txt,mousebite,133 342 163 368,/mnt/sda/cbj/dataset/DeepPCB_stage1_lowdata_s20260917/DeepPCB/test/mousebite/20085033_03_mousebite.jpg,2,133 243 163 269
20085033,/mnt/sda/cbj/dataset/DeepPCB-master/PCBData/group20085/20085/20085033_test.jpg,/mnt/sda/cbj/dataset/DeepPCB-master/PCBData/group20085/20085_not/20085033.txt,spur,96 182 133 212,/mnt/sda/cbj/dataset/DeepPCB_stage1_lowdata_s20260917/DeepPCB/test/spur/20085033_04_spur.jpg,3,96 182 133 212
20085033,/mnt/sda/cbj/dataset/DeepPCB-master/PCBData/group20085/20085/20085033_test.jpg,/mnt/sda/cbj/dataset/DeepPCB-master/PCBData/group20085/20085_not/20085033.txt,spurious_copper,254 113 297 154,/mnt/sda/cbj/dataset/DeepPCB_stage1_lowdata_s20260917/DeepPCB/test/spurious_copper/20085033_05_spurious_copper.jpg,4,235 113 278 154
20085033,/mnt/sda/cbj/dataset/DeepPCB-master/PCBData/group20085/20085/20085033_test.jpg,/mnt/sda/cbj/dataset/DeepPCB-master/PCBData/group20085/20085_not/20085033.txt,pinhole,227 276 263 306,/mnt/sda/cbj/dataset/DeepPCB_stage1_lowdata_s20260917/DeepPCB/test/pinhole/20085033_06_pinhole.jpg,5,227 241 263 271
20085051,/mnt/sda/cbj/dataset/DeepPCB-master/PCBData/group20085/20085/20085051_test.jpg,/mnt/sda/cbj/dataset/DeepPCB-master/PCBData/group20085/20085_not/20085051.txt,open,157 132 194 164,/mnt/sda/cbj/dataset/DeepPCB_stage1_lowdata_s20260917/DeepPCB/test/open/20085051_00_open.jpg,0,157 132 194 164
20085051,/mnt/sda/cbj/dataset/DeepPCB-master/PCBData/group20085/20085/20085051_test.jpg,/mnt/sda/cbj/dataset/DeepPCB-master/PCBData/group20085/20085_not/20085051.txt,short,91 44 207 71,/mnt/sda/cbj/dataset/DeepPCB_stage1_lowdata_s20260917/DeepPCB/test/short/20085051_01_short.jpg,1,91 44 207 71
20085051,/mnt/sda/cbj/dataset/DeepPCB-master/PCBData/group20085/20085/20085051_test.jpg,/mnt/sda/cbj/dataset/DeepPCB-master/PCBData/group20085/20085_not/20085051.txt,mousebite,0 166 33 192,/mnt/sda/cbj/dataset/DeepPCB_stage1_lowdata_s20260917/DeepPCB/test/mousebite/20085051_02_mousebite.jpg,2,0 166 33 192
20085051,/mnt/sda/cbj/dataset/DeepPCB-master/PCBData/group20085/20085/20085051_test.jpg,/mnt/sda/cbj/dataset/DeepPCB-master/PCBData/group20085/20085_not/20085051.txt,spur,315 8 348 37,/mnt/sda/cbj/dataset/DeepPCB_stage1_lowdata_s20260917/DeepPCB/test/spur/20085051_03_spur.jpg,3,240 8 273 37
20085051,/mnt/sda/cbj/dataset/DeepPCB-master/PCBData/group20085/20085/20085051_test.jpg,/mnt/sda/cbj/dataset/DeepPCB-master/PCBData/group20085/20085_not/20085051.txt,pinhole,56 143 86 170,/mnt/sda/cbj/dataset/DeepPCB_stage1_lowdata_s20260917/DeepPCB/test/pinhole/20085051_04_pinhole.jpg,5,56 143 86 170
20085051,/mnt/sda/cbj/dataset/DeepPCB-master/PCBData/group20085/20085/20085051_test.jpg,/mnt/sda/cbj/dataset/DeepPCB-master/PCBData/group20085/20085_not/20085051.txt,spurious_copper,420 106 456 150,/mnt/sda/cbj/dataset/DeepPCB_stage1_lowdata_s20260917/DeepPCB/test/spurious_copper/20085051_05_spurious_copper.jpg,4,292 106 328 150
20085062,/mnt/sda/cbj/dataset/DeepPCB-master/PCBData/group20085/20085/20085062_test.jpg,/mnt/sda/cbj/dataset/DeepPCB-master/PCBData/group20085/20085_not/20085062.txt,open,124 149 154 183,/mnt/sda/cbj/dataset/DeepPCB_stage1_lowdata_s20260917/DeepPCB/test/open/20085062_00_open.jpg,0,124 149 154 183
20085062,/mnt/sda/cbj/dataset/DeepPCB-master/PCBData/group20085/20085/20085062_test.jpg,/mnt/sda/cbj/dataset/DeepPCB-master/PCBData/group20085/20085_not/20085062.txt,short,177 58 204 107,/mnt/sda/cbj/dataset/DeepPCB_stage1_lowdata_s20260917/DeepPCB/test/short/20085062_01_short.jpg,1,177 58 204 107
20085062,/mnt/sda/cbj/dataset/DeepPCB-master/PCBData/group20085/20085/20085062_test.jpg,/mnt/sda/cbj/dataset/DeepPCB-master/PCBData/group20085/20085_not/20085062.txt,mousebite,84 57 118 86,/mnt/sda/cbj/dataset/DeepPCB_stage1_lowdata_s20260917/DeepPCB/test/mousebite/20085062_02_mousebite.jpg,2,84 57 118 86
20085062,/mnt/sda/cbj/dataset/DeepPCB-master/PCBData/group20085/20085/20085062_test.jpg,/mnt/sda/cbj/dataset/DeepPCB-master/PCBData/group20085/20085_not/20085062.txt,spur,390 460 430 496,/mnt/sda/cbj/dataset/DeepPCB_stage1_lowdata_s20260917/DeepPCB/test/spur/20085062_03_spur.jpg,3,262 332 302 368
20085062,/mnt/sda/cbj/dataset/DeepPCB-master/PCBData/group20085/20085/20085062_test.jpg,/mnt/sda/cbj/dataset/DeepPCB-master/PCBData/group20085/20085_not/20085062.txt,pinhole,157 331 191 360,/mnt/sda/cbj/dataset/DeepPCB_stage1_lowdata_s20260917/DeepPCB/test/pinhole/20085062_04_pinhole.jpg,5,157 242 191 271
20085062,/mnt/sda/cbj/dataset/DeepPCB-master/PCBData/group20085/20085/20085062_test.jpg,/mnt/sda/cbj/dataset/DeepPCB-master/PCBData/group20085/20085_not/20085062.txt,spurious_copper,363 289 397 328,/mnt/sda/cbj/dataset/DeepPCB_stage1_lowdata_s20260917/DeepPCB/test/spurious_copper/20085062_05_spurious_copper.jpg,4,239 237 273 276
20085062,/mnt/sda/cbj/dataset/DeepPCB-master/PCBData/group20085/20085/20085062_test.jpg,/mnt/sda/cbj/dataset/DeepPCB-master/PCBData/group20085/20085_not/20085062.txt,pinhole,240 28 273 59,/mnt/sda/cbj/dataset/DeepPCB_stage1_lowdata_s20260917/DeepPCB/test/pinhole/20085062_06_pinhole.jpg,5,240 28 273 59
20085071,/mnt/sda/cbj/dataset/DeepPCB-master/PCBData/group20085/20085/20085071_test.jpg,/mnt/sda/cbj/dataset/DeepPCB-master/PCBData/group20085/20085_not/20085071.txt,open,202 292 237 322,/mnt/sda/cbj/dataset/DeepPCB_stage1_lowdata_s20260917/DeepPCB/test/open/20085071_00_open.jpg,0,202 241 237 271
20085071,/mnt/sda/cbj/dataset/DeepPCB-master/PCBData/group20085/20085/20085071_test.jpg,/mnt/sda/cbj/dataset/DeepPCB-master/PCBData/group20085/20085_not/20085071.txt,short,304 320 338 366,/mnt/sda/cbj/dataset/DeepPCB_stage1_lowdata_s20260917/DeepPCB/test/short/20085071_01_short.jpg,1,239 233 273 279
20085071,/mnt/sda/cbj/dataset/DeepPCB-master/PCBData/group20085/20085/20085071_test.jpg,/mnt/sda/cbj/dataset/DeepPCB-master/PCBData/group20085/20085_not/20085071.txt,mousebite,436 285 477 314,/mnt/sda/cbj/dataset/DeepPCB_stage1_lowdata_s20260917/DeepPCB/test/mousebite/20085071_02_mousebite.jpg,2,308 242 349 271
20085071,/mnt/sda/cbj/dataset/DeepPCB-master/PCBData/group20085/20085/20085071_test.jpg,/mnt/sda/cbj/dataset/DeepPCB-master/PCBData/group20085/20085_not/20085071.txt,spurious_copper,337 156 378 188,/mnt/sda/cbj/dataset/DeepPCB_stage1_lowdata_s20260917/DeepPCB/test/spurious_copper/20085071_03_spurious_copper.jpg,4,236 156 277 188
20085071,/mnt/sda/cbj/dataset/DeepPCB-master/PCBData/group20085/20085/20085071_test.jpg,/mnt/sda/cbj/dataset/DeepPCB-master/PCBData/group20085/20085_not/20085071.txt,pinhole,228 215 261 244,/mnt/sda/cbj/dataset/DeepPCB_stage1_lowdata_s20260917/DeepPCB/test/pinhole/20085071_04_pinhole.jpg,5,228 215 261 244
20085071,/mnt/sda/cbj/dataset/DeepPCB-master/PCBData/group20085/20085/20085071_test.jpg,/mnt/sda/cbj/dataset/DeepPCB-master/PCBData/group20085/20085_not/20085071.txt,mousebite,59 292 90 317,/mnt/sda/cbj/dataset/DeepPCB_stage1_lowdata_s20260917/DeepPCB/test/mousebite/20085071_05_mousebite.jpg,2,59 244 90 269
20085071,/mnt/sda/cbj/dataset/DeepPCB-master/PCBData/group20085/20085/20085071_test.jpg,/mnt/sda/cbj/dataset/DeepPCB-master/PCBData/group20085/20085_not/20085071.txt,short,40 408 97 451,/mnt/sda/cbj/dataset/DeepPCB_stage1_lowdata_s20260917/DeepPCB/test/short/20085071_06_short.jpg,1,40 280 97 323
20085071,/mnt/sda/cbj/dataset/DeepPCB-master/PCBData/group20085/20085/20085071_test.jpg,/mnt/sda/cbj/dataset/DeepPCB-master/PCBData/group20085/20085_not/20085071.txt,spur,367 315 423 354,/mnt/sda/cbj/dataset/DeepPCB_stage1_lowdata_s20260917/DeepPCB/test/spur/20085071_07_spur.jpg,3,239 237 295 276
20085071,/mnt/sda/cbj/dataset/DeepPCB-master/PCBData/group20085/20085/20085071_test.jpg,/mnt/sda/cbj/dataset/DeepPCB-master/PCBData/group20085/20085_not/20085071.txt,spur,72 361 114 395,/mnt/sda/cbj/dataset/DeepPCB_stage1_lowdata_s20260917/DeepPCB/test/spur/20085071_08_spur.jpg,3,72 239 114 273
20085090,/mnt/sda/cbj/dataset/DeepPCB-master/PCBData/group20085/20085/20085090_test.jpg,/mnt/sda/cbj/dataset/DeepPCB-master/PCBData/group20085/20085_not/20085090.txt,open,67 115 104 150,/mnt/sda/cbj/dataset/DeepPCB_stage1_lowdata_s20260917/DeepPCB/test/open/20085090_00_open.jpg,0,67 115 104 150
20085090,/mnt/sda/cbj/dataset/DeepPCB-master/PCBData/group20085/20085/20085090_test.jpg,/mnt/sda/cbj/dataset/DeepPCB-master/PCBData/group20085/20085_not/20085090.txt,short,275 50 333 87,/mnt/sda/cbj/dataset/DeepPCB_stage1_lowdata_s20260917/DeepPCB/test/short/20085090_01_short.jpg,1,227 50 285 87
20085090,/mnt/sda/cbj/dataset/DeepPCB-master/PCBData/group20085/20085/20085090_test.jpg,/mnt/sda/cbj/dataset/DeepPCB-master/PCBData/group20085/20085_not/20085090.txt,mousebite,475 78 505 103,/mnt/sda/cbj/dataset/DeepPCB_stage1_lowdata_s20260917/DeepPCB/test/mousebite/20085090_02_mousebite.jpg,2,347 78 377 103
20085090,/mnt/sda/cbj/dataset/DeepPCB-master/PCBData/group20085/20085/20085090_test.jpg,/mnt/sda/cbj/dataset/DeepPCB-master/PCBData/group20085/20085_not/20085090.txt,spur,397 103 428 129,/mnt/sda/cbj/dataset/DeepPCB_stage1_lowdata_s20260917/DeepPCB/test/spur/20085090_03_spur.jpg,3,269 103 300 129
20085090,/mnt/sda/cbj/dataset/DeepPCB-master/PCBData/group20085/20085/20085090_test.jpg,/mnt/sda/cbj/dataset/DeepPCB-master/PCBData/group20085/20085_not/20085090.txt,spurious_copper,503 152 537 178,/mnt/sda/cbj/dataset/DeepPCB_stage1_lowdata_s20260917/DeepPCB/test/spurious_copper/20085090_04_spurious_copper.jpg,4,375 152 409 178
20085090,/mnt/sda/cbj/dataset/DeepPCB-master/PCBData/group20085/20085/20085090_test.jpg,/mnt/sda/cbj/dataset/DeepPCB-master/PCBData/group20085/20085_not/20085090.txt,pinhole,497 111 524 137,/mnt/sda/cbj/dataset/DeepPCB_stage1_lowdata_s20260917/DeepPCB/test/pinhole/20085090_05_pinhole.jpg,5,369 111 396 137
20085090,/mnt/sda/cbj/dataset/DeepPCB-master/PCBData/group20085/20085/20085090_test.jpg,/mnt/sda/cbj/dataset/DeepPCB-master/PCBData/group20085/20085_not/20085090.txt,spurious_copper,106 89 142 117,/mnt/sda/cbj/dataset/DeepPCB_stage1_lowdata_s20260917/DeepPCB/test/spurious_copper/20085090_06_spurious_copper.jpg,4,106 89 142 117
20085090,/mnt/sda/cbj/dataset/DeepPCB-master/PCBData/group20085/20085/20085090_test.jpg,/mnt/sda/cbj/dataset/DeepPCB-master/PCBData/group20085/20085_not/20085090.txt,spur,375 6 403 35,/mnt/sda/cbj/dataset/DeepPCB_stage1_lowdata_s20260917/DeepPCB/test/spur/20085090_07_spur.jpg,3,247 6 275 35
20085090,/mnt/sda/cbj/dataset/DeepPCB-master/PCBData/group20085/20085/20085090_test.jpg,/mnt/sda/cbj/dataset/DeepPCB-master/PCBData/group20085/20085_not/20085090.txt,mousebite,534 48 563 72,/mnt/sda/cbj/dataset/DeepPCB_stage1_lowdata_s20260917/DeepPCB/test/mousebite/20085090_08_mousebite.jpg,2,406 48 435 72
20085103,/mnt/sda/cbj/dataset/DeepPCB-master/PCBData/group20085/20085/20085103_test.jpg,/mnt/sda/cbj/dataset/DeepPCB-master/PCBData/group20085/20085_not/20085103.txt,open,81 107 117 143,/mnt/sda/cbj/dataset/DeepPCB_stage1_lowdata_s20260917/DeepPCB/test/open/20085103_00_open.jpg,0,81 107 117 143
20085103,/mnt/sda/cbj/dataset/DeepPCB-master/PCBData/group20085/20085/20085103_test.jpg,/mnt/sda/cbj/dataset/DeepPCB-master/PCBData/group20085/20085_not/20085103.txt,short,165 154 192 191,/mnt/sda/cbj/dataset/DeepPCB_stage1_lowdata_s20260917/DeepPCB/test/short/20085103_01_short.jpg,1,165 154 192 191
20085103,/mnt/sda/cbj/dataset/DeepPCB-master/PCBData/group20085/20085/20085103_test.jpg,/mnt/sda/cbj/dataset/DeepPCB-master/PCBData/group20085/20085_not/20085103.txt,mousebite,132 105 163 133,/mnt/sda/cbj/dataset/DeepPCB_stage1_lowdata_s20260917/DeepPCB/test/mousebite/20085103_02_mousebite.jpg,2,132 105 163 133
20085103,/mnt/sda/cbj/dataset/DeepPCB-master/PCBData/group20085/20085/20085103_test.jpg,/mnt/sda/cbj/dataset/DeepPCB-master/PCBData/group20085/20085_not/20085103.txt,spur,392 102 426 129,/mnt/sda/cbj/dataset/DeepPCB_stage1_lowdata_s20260917/DeepPCB/test/spur/20085103_03_spur.jpg,3,264 102 298 129
20085103,/mnt/sda/cbj/dataset/DeepPCB-master/PCBData/group20085/20085/20085103_test.jpg,/mnt/sda/cbj/dataset/DeepPCB-master/PCBData/group20085/20085_not/20085103.txt,spurious_copper,110 127 142 158,/mnt/sda/cbj/dataset/DeepPCB_stage1_lowdata_s20260917/DeepPCB/test/spurious_copper/20085103_04_spurious_copper.jpg,4,110 127 142 158
20085103,/mnt/sda/cbj/dataset/DeepPCB-master/PCBData/group20085/20085/20085103_test.jpg,/mnt/sda/cbj/dataset/DeepPCB-master/PCBData/group20085/20085_not/20085103.txt,pinhole,103 63 131 94,/mnt/sda/cbj/dataset/DeepPCB_stage1_lowdata_s20260917/DeepPCB/test/pinhole/20085103_05_pinhole.jpg,5,103 63 131 94
20085103,/mnt/sda/cbj/dataset/DeepPCB-master/PCBData/group20085/20085/20085103_test.jpg,/mnt/sda/cbj/dataset/DeepPCB-master/PCBData/group20085/20085_not/20085103.txt,spurious_copper,478 132 507 161,/mnt/sda/cbj/dataset/DeepPCB_stage1_lowdata_s20260917/DeepPCB/test/spurious_copper/20085103_06_spurious_copper.jpg,4,350 132 379 161
20085103,/mnt/sda/cbj/dataset/DeepPCB-master/PCBData/group20085/20085/20085103_test.jpg,/mnt/sda/cbj/dataset/DeepPCB-master/PCBData/group20085/20085_not/20085103.txt,spur,535 123 567 152,/mnt/sda/cbj/dataset/DeepPCB_stage1_lowdata_s20260917/DeepPCB/test/spur/20085103_07_spur.jpg,3,407 123 439 152
20085103,/mnt/sda/cbj/dataset/DeepPCB-master/PCBData/group20085/20085/20085103_test.jpg,/mnt/sda/cbj/dataset/DeepPCB-master/PCBData/group20085/20085_not/20085103.txt,mousebite,279 85 310 111,/mnt/sda/cbj/dataset/DeepPCB_stage1_lowdata_s20260917/DeepPCB/test/mousebite/20085103_08_mousebite.jpg,2,241 85 272 111
20085103,/mnt/sda/cbj/dataset/DeepPCB-master/PCBData/group20085/20085/20085103_test.jpg,/mnt/sda/cbj/dataset/DeepPCB-master/PCBData/group20085/20085_not/20085103.txt,open,413 167 447 203,/mnt/sda/cbj/dataset/DeepPCB_stage1_lowdata_s20260917/DeepPCB/test/open/20085103_09_open.jpg,0,285 167 319 203
20085107,/mnt/sda/cbj/dataset/DeepPCB-master/PCBData/group20085/20085/20085107_test.jpg,/mnt/sda/cbj/dataset/DeepPCB-master/PCBData/group20085/20085_not/20085107.txt,open,199 354 232 383,/mnt/sda/cbj/dataset/DeepPCB_stage1_lowdata_s20260917/DeepPCB/test/open/20085107_00_open.jpg,0,199 242 232 271
20085107,/mnt/sda/cbj/dataset/DeepPCB-master/PCBData/group20085/20085/20085107_test.jpg,/mnt/sda/cbj/dataset/DeepPCB-master/PCBData/group20085/20085_not/20085107.txt,short,177 340 205 392,/mnt/sda/cbj/dataset/DeepPCB_stage1_lowdata_s20260917/DeepPCB/test/short/20085107_01_short.jpg,1,177 230 205 282
20085107,/mnt/sda/cbj/dataset/DeepPCB-master/PCBData/group20085/20085/20085107_test.jpg,/mnt/sda/cbj/dataset/DeepPCB-master/PCBData/group20085/20085_not/20085107.txt,spur,431 423 462 450,/mnt/sda/cbj/dataset/DeepPCB_stage1_lowdata_s20260917/DeepPCB/test/spur/20085107_02_spur.jpg,3,303 295 334 322
20085107,/mnt/sda/cbj/dataset/DeepPCB-master/PCBData/group20085/20085/20085107_test.jpg,/mnt/sda/cbj/dataset/DeepPCB-master/PCBData/group20085/20085_not/20085107.txt,pinhole,77 290 106 317,/mnt/sda/cbj/dataset/DeepPCB_stage1_lowdata_s20260917/DeepPCB/test/pinhole/20085107_03_pinhole.jpg,5,77 243 106 270
20085107,/mnt/sda/cbj/dataset/DeepPCB-master/PCBData/group20085/20085/20085107_test.jpg,/mnt/sda/cbj/dataset/DeepPCB-master/PCBData/group20085/20085_not/20085107.txt,spurious_copper,222 260 254 291,/mnt/sda/cbj/dataset/DeepPCB_stage1_lowdata_s20260917/DeepPCB/test/spurious_copper/20085107_04_spurious_copper.jpg,4,222 241 254 272
20085107,/mnt/sda/cbj/dataset/DeepPCB-master/PCBData/group20085/20085/20085107_test.jpg,/mnt/sda/cbj/dataset/DeepPCB-master/PCBData/group20085/20085_not/20085107.txt,spur,282 27 315 55,/mnt/sda/cbj/dataset/DeepPCB_stage1_lowdata_s20260917/DeepPCB/test/spur/20085107_05_spur.jpg,3,240 27 273 55
20085107,/mnt/sda/cbj/dataset/DeepPCB-master/PCBData/group20085/20085/20085107_test.jpg,/mnt/sda/cbj/dataset/DeepPCB-master/PCBData/group20085/20085_not/20085107.txt,spurious_copper,161 178 195 209,/mnt/sda/cbj/dataset/DeepPCB_stage1_lowdata_s20260917/DeepPCB/test/spurious_copper/20085107_06_spurious_copper.jpg,4,161 178 195 209
20085107,/mnt/sda/cbj/dataset/DeepPCB-master/PCBData/group20085/20085/20085107_test.jpg,/mnt/sda/cbj/dataset/DeepPCB-master/PCBData/group20085/20085_not/20085107.txt,pinhole,581 365 608 393,/mnt/sda/cbj/dataset/DeepPCB_stage1_lowdata_s20260917/DeepPCB/test/pinhole/20085107_07_pinhole.jpg,5,453 242 480 270
20085107,/mnt/sda/cbj/dataset/DeepPCB-master/PCBData/group20085/20085/20085107_test.jpg,/mnt/sda/cbj/dataset/DeepPCB-master/PCBData/group20085/20085_not/20085107.txt,mousebite,578 170 607 195,/mnt/sda/cbj/dataset/DeepPCB_stage1_lowdata_s20260917/DeepPCB/test/mousebite/20085107_08_mousebite.jpg,2,450 170 479 195
20085107,/mnt/sda/cbj/dataset/DeepPCB-master/PCBData/group20085/20085/20085107_test.jpg,/mnt/sda/cbj/dataset/DeepPCB-master/PCBData/group20085/20085_not/20085107.txt,mousebite,36 448 67 473,/mnt/sda/cbj/dataset/DeepPCB_stage1_lowdata_s20260917/DeepPCB/test/mousebite/20085107_09_mousebite.jpg,2,36 320 67 345
20085143,/mnt/sda/cbj/dataset/DeepPCB-master/PCBData/group20085/20085/20085143_test.jpg,/mnt/sda/cbj/dataset/DeepPCB-master/PCBData/group20085/20085_not/20085143.txt,open,33 465 78 498,/mnt/sda/cbj/dataset/DeepPCB_stage1_lowdata_s20260917/DeepPCB/test/open/20085143_00_open.jpg,0,33 337 78 370
20085143,/mnt/sda/cbj/dataset/DeepPCB-master/PCBData/group20085/20085/20085143_test.jpg,/mnt/sda/cbj/dataset/DeepPCB-master/PCBData/group20085/20085_not/20085143.txt,short,51 387 78 429,/mnt/sda/cbj/dataset/DeepPCB_stage1_lowdata_s20260917/DeepPCB/test/short/20085143_01_short.jpg,1,51 259 78 301
20085143,/mnt/sda/cbj/dataset/DeepPCB-master/PCBData/group20085/20085/20085143_test.jpg,/mnt/sda/cbj/dataset/DeepPCB-master/PCBData/group20085/20085_not/20085143.txt,spur,237 435 273 461,/mnt/sda/cbj/dataset/DeepPCB_stage1_lowdata_s20260917/DeepPCB/test/spur/20085143_02_spur.jpg,3,237 307 273 333
20085143,/mnt/sda/cbj/dataset/DeepPCB-master/PCBData/group20085/20085/20085143_test.jpg,/mnt/sda/cbj/dataset/DeepPCB-master/PCBData/group20085/20085_not/20085143.txt,mousebite,155 450 183 481,/mnt/sda/cbj/dataset/DeepPCB_stage1_lowdata_s20260917/DeepPCB/test/mousebite/20085143_03_mousebite.jpg,2,155 322 183 353
20085143,/mnt/sda/cbj/dataset/DeepPCB-master/PCBData/group20085/20085/20085143_test.jpg,/mnt/sda/cbj/dataset/DeepPCB-master/PCBData/group20085/20085_not/20085143.txt,spurious_copper,98 510 131 545,/mnt/sda/cbj/dataset/DeepPCB_stage1_lowdata_s20260917/DeepPCB/test/spurious_copper/20085143_04_spurious_copper.jpg,4,98 382 131 417
20085143,/mnt/sda/cbj/dataset/DeepPCB-master/PCBData/group20085/20085/20085143_test.jpg,/mnt/sda/cbj/dataset/DeepPCB-master/PCBData/group20085/20085_not/20085143.txt,pinhole,381 457 411 492,/mnt/sda/cbj/dataset/DeepPCB_stage1_lowdata_s20260917/DeepPCB/test/pinhole/20085143_05_pinhole.jpg,5,253 329 283 364
20085145,/mnt/sda/cbj/dataset/DeepPCB-master/PCBData/group20085/20085/20085145_test.jpg,/mnt/sda/cbj/dataset/DeepPCB-master/PCBData/group20085/20085_not/20085145.txt,open,133 297 166 337,/mnt/sda/cbj/dataset/DeepPCB_stage1_lowdata_s20260917/DeepPCB/test/open/20085145_00_open.jpg,0,133 236 166 276
20085145,/mnt/sda/cbj/dataset/DeepPCB-master/PCBData/group20085/20085/20085145_test.jpg,/mnt/sda/cbj/dataset/DeepPCB-master/PCBData/group20085/20085_not/20085145.txt,short,172 237 228 265,/mnt/sda/cbj/dataset/DeepPCB_stage1_lowdata_s20260917/DeepPCB/test/short/20085145_01_short.jpg,1,172 237 228 265
20085145,/mnt/sda/cbj/dataset/DeepPCB-master/PCBData/group20085/20085/20085145_test.jpg,/mnt/sda/cbj/dataset/DeepPCB-master/PCBData/group20085/20085_not/20085145.txt,mousebite,390 237 418 266,/mnt/sda/cbj/dataset/DeepPCB_stage1_lowdata_s20260917/DeepPCB/test/mousebite/20085145_02_mousebite.jpg,2,262 237 290 266
20085145,/mnt/sda/cbj/dataset/DeepPCB-master/PCBData/group20085/20085/20085145_test.jpg,/mnt/sda/cbj/dataset/DeepPCB-master/PCBData/group20085/20085_not/20085145.txt,mousebite,25 267 57 296,/mnt/sda/cbj/dataset/DeepPCB_stage1_lowdata_s20260917/DeepPCB/test/mousebite/20085145_03_mousebite.jpg,2,25 242 57 271
20085145,/mnt/sda/cbj/dataset/DeepPCB-master/PCBData/group20085/20085/20085145_test.jpg,/mnt/sda/cbj/dataset/DeepPCB-master/PCBData/group20085/20085_not/20085145.txt,spurious_copper,337 313 376 345,/mnt/sda/cbj/dataset/DeepPCB_stage1_lowdata_s20260917/DeepPCB/test/spurious_copper/20085145_04_spurious_copper.jpg,4,237 240 276 272
20085145,/mnt/sda/cbj/dataset/DeepPCB-master/PCBData/group20085/20085/20085145_test.jpg,/mnt/sda/cbj/dataset/DeepPCB-master/PCBData/group20085/20085_not/20085145.txt,spur,199 153 235 183,/mnt/sda/cbj/dataset/DeepPCB_stage1_lowdata_s20260917/DeepPCB/test/spur/20085145_05_spur.jpg,3,199 153 235 183
20085145,/mnt/sda/cbj/dataset/DeepPCB-master/PCBData/group20085/20085/20085145_test.jpg,/mnt/sda/cbj/dataset/DeepPCB-master/PCBData/group20085/20085_not/20085145.txt,spur,162 429 188 469,/mnt/sda/cbj/dataset/DeepPCB_stage1_lowdata_s20260917/DeepPCB/test/spur/20085145_06_spur.jpg,3,162 301 188 341
20085145,/mnt/sda/cbj/dataset/DeepPCB-master/PCBData/group20085/20085/20085145_test.jpg,/mnt/sda/cbj/dataset/DeepPCB-master/PCBData/group20085/20085_not/20085145.txt,spurious_copper,99 300 133 336,/mnt/sda/cbj/dataset/DeepPCB_stage1_lowdata_s20260917/DeepPCB/test/spurious_copper/20085145_07_spurious_copper.jpg,4,99 238 133 274
20085145,/mnt/sda/cbj/dataset/DeepPCB-master/PCBData/group20085/20085/20085145_test.jpg,/mnt/sda/cbj/dataset/DeepPCB-master/PCBData/group20085/20085_not/20085145.txt,pinhole,47 261 79 286,/mnt/sda/cbj/dataset/DeepPCB_stage1_lowdata_s20260917/DeepPCB/test/pinhole/20085145_08_pinhole.jpg,5,47 244 79 269
20085155,/mnt/sda/cbj/dataset/DeepPCB-master/PCBData/group20085/20085/20085155_test.jpg,/mnt/sda/cbj/dataset/DeepPCB-master/PCBData/group20085/20085_not/20085155.txt,open,351 139 389 175,/mnt/sda/cbj/dataset/DeepPCB_stage1_lowdata_s20260917/DeepPCB/test/open/20085155_00_open.jpg,0,237 139 275 175
20085155,/mnt/sda/cbj/dataset/DeepPCB-master/PCBData/group20085/20085/20085155_test.jpg,/mnt/sda/cbj/dataset/DeepPCB-master/PCBData/group20085/20085_not/20085155.txt,short,425 16 471 42,/mnt/sda/cbj/dataset/DeepPCB_stage1_lowdata_s20260917/DeepPCB/test/short/20085155_01_short.jpg,1,297 16 343 42
20085155,/mnt/sda/cbj/dataset/DeepPCB-master/PCBData/group20085/20085/20085155_test.jpg,/mnt/sda/cbj/dataset/DeepPCB-master/PCBData/group20085/20085_not/20085155.txt,mousebite,165 46 192 72,/mnt/sda/cbj/dataset/DeepPCB_stage1_lowdata_s20260917/DeepPCB/test/mousebite/20085155_02_mousebite.jpg,2,165 46 192 72
20085155,/mnt/sda/cbj/dataset/DeepPCB-master/PCBData/group20085/20085/20085155_test.jpg,/mnt/sda/cbj/dataset/DeepPCB-master/PCBData/group20085/20085_not/20085155.txt,spur,361 76 392 104,/mnt/sda/cbj/dataset/DeepPCB_stage1_lowdata_s20260917/DeepPCB/test/spur/20085155_03_spur.jpg,3,241 76 272 104
20085155,/mnt/sda/cbj/dataset/DeepPCB-master/PCBData/group20085/20085/20085155_test.jpg,/mnt/sda/cbj/dataset/DeepPCB-master/PCBData/group20085/20085_not/20085155.txt,spurious_copper,152 79 183 112,/mnt/sda/cbj/dataset/DeepPCB_stage1_lowdata_s20260917/DeepPCB/test/spurious_copper/20085155_04_spurious_copper.jpg,4,152 79 183 112
20085155,/mnt/sda/cbj/dataset/DeepPCB-master/PCBData/group20085/20085/20085155_test.jpg,/mnt/sda/cbj/dataset/DeepPCB-master/PCBData/group20085/20085_not/20085155.txt,pinhole,59 31 85 57,/mnt/sda/cbj/dataset/DeepPCB_stage1_lowdata_s20260917/DeepPCB/test/pinhole/20085155_05_pinhole.jpg,5,59 31 85 57
20085183,/mnt/sda/cbj/dataset/DeepPCB-master/PCBData/group20085/20085/20085183_test.jpg,/mnt/sda/cbj/dataset/DeepPCB-master/PCBData/group20085/20085_not/20085183.txt,open,370 192 405 220,/mnt/sda/cbj/dataset/DeepPCB_stage1_lowdata_s20260917/DeepPCB/test/open/20085183_00_open.jpg,0,242 192 277 220
20085183,/mnt/sda/cbj/dataset/DeepPCB-master/PCBData/group20085/20085/20085183_test.jpg,/mnt/sda/cbj/dataset/DeepPCB-master/PCBData/group20085/20085_not/20085183.txt,short,354 306 398 330,/mnt/sda/cbj/dataset/DeepPCB_stage1_lowdata_s20260917/DeepPCB/test/short/20085183_01_short.jpg,1,234 244 278 268
20085183,/mnt/sda/cbj/dataset/DeepPCB-master/PCBData/group20085/20085/20085183_test.jpg,/mnt/sda/cbj/dataset/DeepPCB-master/PCBData/group20085/20085_not/20085183.txt,mousebite,142 492 172 516,/mnt/sda/cbj/dataset/DeepPCB_stage1_lowdata_s20260917/DeepPCB/test/mousebite/20085183_02_mousebite.jpg,2,142 364 172 388
20085183,/mnt/sda/cbj/dataset/DeepPCB-master/PCBData/group20085/20085/20085183_test.jpg,/mnt/sda/cbj/dataset/DeepPCB-master/PCBData/group20085/20085_not/20085183.txt,spur,103 387 134 421,/mnt/sda/cbj/dataset/DeepPCB_stage1_lowdata_s20260917/DeepPCB/test/spur/20085183_03_spur.jpg,3,103 259 134 293
20085183,/mnt/sda/cbj/dataset/DeepPCB-master/PCBData/group20085/20085/20085183_test.jpg,/mnt/sda/cbj/dataset/DeepPCB-master/PCBData/group20085/20085_not/20085183.txt,pinhole,102 422 130 448,/mnt/sda/cbj/dataset/DeepPCB_stage1_lowdata_s20260917/DeepPCB/test/pinhole/20085183_04_pinhole.jpg,5,102 294 130 320
20085183,/mnt/sda/cbj/dataset/DeepPCB-master/PCBData/group20085/20085/20085183_test.jpg,/mnt/sda/cbj/dataset/DeepPCB-master/PCBData/group20085/20085_not/20085183.txt,spurious_copper,208 296 237 322,/mnt/sda/cbj/dataset/DeepPCB_stage1_lowdata_s20260917/DeepPCB/test/spurious_copper/20085183_05_spurious_copper.jpg,4,208 243 237 269
20085185,/mnt/sda/cbj/dataset/DeepPCB-master/PCBData/group20085/20085/20085185_test.jpg,/mnt/sda/cbj/dataset/DeepPCB-master/PCBData/group20085/20085_not/20085185.txt,open,270 251 304 288,/mnt/sda/cbj/dataset/DeepPCB_stage1_lowdata_s20260917/DeepPCB/test/open/20085185_00_open.jpg,0,239 238 273 275
20085185,/mnt/sda/cbj/dataset/DeepPCB-master/PCBData/group20085/20085/20085185_test.jpg,/mnt/sda/cbj/dataset/DeepPCB-master/PCBData/group20085/20085_not/20085185.txt,open,78 151 134 193,/mnt/sda/cbj/dataset/DeepPCB_stage1_lowdata_s20260917/DeepPCB/test/open/20085185_01_open.jpg,0,78 151 134 193
20085185,/mnt/sda/cbj/dataset/DeepPCB-master/PCBData/group20085/20085/20085185_test.jpg,/mnt/sda/cbj/dataset/DeepPCB-master/PCBData/group20085/20085_not/20085185.txt,short,377 336 433 364,/mnt/sda/cbj/dataset/DeepPCB_stage1_lowdata_s20260917/DeepPCB/test/short/20085185_02_short.jpg,1,249 242 305 270
20085185,/mnt/sda/cbj/dataset/DeepPCB-master/PCBData/group20085/20085/20085185_test.jpg,/mnt/sda/cbj/dataset/DeepPCB-master/PCBData/group20085/20085_not/20085185.txt,mousebite,487 475 515 503,/mnt/sda/cbj/dataset/DeepPCB_stage1_lowdata_s20260917/DeepPCB/test/mousebite/20085185_03_mousebite.jpg,2,359 347 387 375
20085185,/mnt/sda/cbj/dataset/DeepPCB-master/PCBData/group20085/20085/20085185_test.jpg,/mnt/sda/cbj/dataset/DeepPCB-master/PCBData/group20085/20085_not/20085185.txt,spur,479 231 514 261,/mnt/sda/cbj/dataset/DeepPCB_stage1_lowdata_s20260917/DeepPCB/test/spur/20085185_04_spur.jpg,3,351 231 386 261
20085185,/mnt/sda/cbj/dataset/DeepPCB-master/PCBData/group20085/20085/20085185_test.jpg,/mnt/sda/cbj/dataset/DeepPCB-master/PCBData/group20085/20085_not/20085185.txt,spurious_copper,177 146 211 179,/mnt/sda/cbj/dataset/DeepPCB_stage1_lowdata_s20260917/DeepPCB/test/spurious_copper/20085185_05_spurious_copper.jpg,4,177 146 211 179
20085185,/mnt/sda/cbj/dataset/DeepPCB-master/PCBData/group20085/20085/20085185_test.jpg,/mnt/sda/cbj/dataset/DeepPCB-master/PCBData/group20085/20085_not/20085185.txt,pinhole,201 491 230 518,/mnt/sda/cbj/dataset/DeepPCB_stage1_lowdata_s20260917/DeepPCB/test/pinhole/20085185_06_pinhole.jpg,5,201 363 230 390
20085185,/mnt/sda/cbj/dataset/DeepPCB-master/PCBData/group20085/20085/20085185_test.jpg,/mnt/sda/cbj/dataset/DeepPCB-master/PCBData/group20085/20085_not/20085185.txt,mousebite,421 298 448 323,/mnt/sda/cbj/dataset/DeepPCB_stage1_lowdata_s20260917/DeepPCB/test/mousebite/20085185_07_mousebite.jpg,2,293 244 320 269
20085185,/mnt/sda/cbj/dataset/DeepPCB-master/PCBData/group20085/20085/20085185_test.jpg,/mnt/sda/cbj/dataset/DeepPCB-master/PCBData/group20085/20085_not/20085185.txt,short,367 562 395 626,/mnt/sda/cbj/dataset/DeepPCB_stage1_lowdata_s20260917/DeepPCB/test/short/20085185_08_short.jpg,1,242 434 270 498
20085185,/mnt/sda/cbj/dataset/DeepPCB-master/PCBData/group20085/20085/20085185_test.jpg,/mnt/sda/cbj/dataset/DeepPCB-master/PCBData/group20085/20085_not/20085185.txt,pinhole,107 509 138 537,/mnt/sda/cbj/dataset/DeepPCB_stage1_lowdata_s20260917/DeepPCB/test/pinhole/20085185_09_pinhole.jpg,5,107 381 138 409
20085201,/mnt/sda/cbj/dataset/DeepPCB-master/PCBData/group20085/20085/20085201_test.jpg,/mnt/sda/cbj/dataset/DeepPCB-master/PCBData/group20085/20085_not/20085201.txt,open,270 427 305 455,/mnt/sda/cbj/dataset/DeepPCB_stage1_lowdata_s20260917/DeepPCB/test/open/20085201_00_open.jpg,0,239 299 274 327
20085201,/mnt/sda/cbj/dataset/DeepPCB-master/PCBData/group20085/20085/20085201_test.jpg,/mnt/sda/cbj/dataset/DeepPCB-master/PCBData/group20085/20085_not/20085201.txt,short,298 339 356 368,/mnt/sda/cbj/dataset/DeepPCB_stage1_lowdata_s20260917/DeepPCB/test/short/20085201_01_short.jpg,1,227 242 285 271
20085201,/mnt/sda/cbj/dataset/DeepPCB-master/PCBData/group20085/20085/20085201_test.jpg,/mnt/sda/cbj/dataset/DeepPCB-master/PCBData/group20085/20085_not/20085201.txt,mousebite,309 539 337 565,/mnt/sda/cbj/dataset/DeepPCB_stage1_lowdata_s20260917/DeepPCB/test/mousebite/20085201_02_mousebite.jpg,2,242 411 270 437
20085201,/mnt/sda/cbj/dataset/DeepPCB-master/PCBData/group20085/20085/20085201_test.jpg,/mnt/sda/cbj/dataset/DeepPCB-master/PCBData/group20085/20085_not/20085201.txt,spur,409 447 442 473,/mnt/sda/cbj/dataset/DeepPCB_stage1_lowdata_s20260917/DeepPCB/test/spur/20085201_03_spur.jpg,3,281 319 314 345
20085201,/mnt/sda/cbj/dataset/DeepPCB-master/PCBData/group20085/20085/20085201_test.jpg,/mnt/sda/cbj/dataset/DeepPCB-master/PCBData/group20085/20085_not/20085201.txt,pinhole,414 159 443 189,/mnt/sda/cbj/dataset/DeepPCB_stage1_lowdata_s20260917/DeepPCB/test/pinhole/20085201_04_pinhole.jpg,5,286 159 315 189
20085201,/mnt/sda/cbj/dataset/DeepPCB-master/PCBData/group20085/20085/20085201_test.jpg,/mnt/sda/cbj/dataset/DeepPCB-master/PCBData/group20085/20085_not/20085201.txt,spurious_copper,215 224 255 307,/mnt/sda/cbj/dataset/DeepPCB_stage1_lowdata_s20260917/DeepPCB/test/spurious_copper/20085201_05_spurious_copper.jpg,4,215 215 255 298
20085203,/mnt/sda/cbj/dataset/DeepPCB-master/PCBData/group20085/20085/20085203_test.jpg,/mnt/sda/cbj/dataset/DeepPCB-master/PCBData/group20085/20085_not/20085203.txt,open,110 462 167 558,/mnt/sda/cbj/dataset/DeepPCB_stage1_lowdata_s20260917/DeepPCB/test/open/20085203_00_open.jpg,0,110 334 167 430
20085203,/mnt/sda/cbj/dataset/DeepPCB-master/PCBData/group20085/20085/20085203_test.jpg,/mnt/sda/cbj/dataset/DeepPCB-master/PCBData/group20085/20085_not/20085203.txt,short,28 536 55 586,/mnt/sda/cbj/dataset/DeepPCB_stage1_lowdata_s20260917/DeepPCB/test/short/20085203_01_short.jpg,1,28 408 55 458
20085203,/mnt/sda/cbj/dataset/DeepPCB-master/PCBData/group20085/20085/20085203_test.jpg,/mnt/sda/cbj/dataset/DeepPCB-master/PCBData/group20085/20085_not/20085203.txt,mousebite,211 533 243 557,/mnt/sda/cbj/dataset/DeepPCB_stage1_lowdata_s20260917/DeepPCB/test/mousebite/20085203_02_mousebite.jpg,2,211 405 243 429
20085203,/mnt/sda/cbj/dataset/DeepPCB-master/PCBData/group20085/20085/20085203_test.jpg,/mnt/sda/cbj/dataset/DeepPCB-master/PCBData/group20085/20085_not/20085203.txt,spur,206 458 240 487,/mnt/sda/cbj/dataset/DeepPCB_stage1_lowdata_s20260917/DeepPCB/test/spur/20085203_03_spur.jpg,3,206 330 240 359
20085203,/mnt/sda/cbj/dataset/DeepPCB-master/PCBData/group20085/20085/20085203_test.jpg,/mnt/sda/cbj/dataset/DeepPCB-master/PCBData/group20085/20085_not/20085203.txt,spurious_copper,221 389 256 421,/mnt/sda/cbj/dataset/DeepPCB_stage1_lowdata_s20260917/DeepPCB/test/spurious_copper/20085203_04_spurious_copper.jpg,4,221 261 256 293
20085203,/mnt/sda/cbj/dataset/DeepPCB-master/PCBData/group20085/20085/20085203_test.jpg,/mnt/sda/cbj/dataset/DeepPCB-master/PCBData/group20085/20085_not/20085203.txt,pinhole,289 492 319 520,/mnt/sda/cbj/dataset/DeepPCB_stage1_lowdata_s20260917/DeepPCB/test/pinhole/20085203_05_pinhole.jpg,5,241 364 271 392
20085217,/mnt/sda/cbj/dataset/DeepPCB-master/PCBData/group20085/20085/20085217_test.jpg,/mnt/sda/cbj/dataset/DeepPCB-master/PCBData/group20085/20085_not/20085217.txt,open,203 184 255 223,/mnt/sda/cbj/dataset/DeepPCB_stage1_lowdata_s20260917/DeepPCB/test/open/20085217_00_open.jpg,0,203 184 255 223
20085217,/mnt/sda/cbj/dataset/DeepPCB-master/PCBData/group20085/20085/20085217_test.jpg,/mnt/sda/cbj/dataset/DeepPCB-master/PCBData/group20085/20085_not/20085217.txt,short,110 354 174 409,/mnt/sda/cbj/dataset/DeepPCB_stage1_lowdata_s20260917/DeepPCB/test/short/20085217_01_short.jpg,1,110 229 174 284
20085217,/mnt/sda/cbj/dataset/DeepPCB-master/PCBData/group20085/20085/20085217_test.jpg,/mnt/sda/cbj/dataset/DeepPCB-master/PCBData/group20085/20085_not/20085217.txt,mousebite,359 124 387 161,/mnt/sda/cbj/dataset/DeepPCB_stage1_lowdata_s20260917/DeepPCB/test/mousebite/20085217_02_mousebite.jpg,2,242 124 270 161
20085217,/mnt/sda/cbj/dataset/DeepPCB-master/PCBData/group20085/20085/20085217_test.jpg,/mnt/sda/cbj/dataset/DeepPCB-master/PCBData/group20085/20085_not/20085217.txt,spur,413 254 444 292,/mnt/sda/cbj/dataset/DeepPCB_stage1_lowdata_s20260917/DeepPCB/test/spur/20085217_03_spur.jpg,3,285 237 316 275
20085217,/mnt/sda/cbj/dataset/DeepPCB-master/PCBData/group20085/20085/20085217_test.jpg,/mnt/sda/cbj/dataset/DeepPCB-master/PCBData/group20085/20085_not/20085217.txt,spurious_copper,564 200 609 230,/mnt/sda/cbj/dataset/DeepPCB_stage1_lowdata_s20260917/DeepPCB/test/spurious_copper/20085217_04_spurious_copper.jpg,4,436 200 481 230
20085217,/mnt/sda/cbj/dataset/DeepPCB-master/PCBData/group20085/20085/20085217_test.jpg,/mnt/sda/cbj/dataset/DeepPCB-master/PCBData/group20085/20085_not/20085217.txt,pinhole,32 60 58 107,/mnt/sda/cbj/dataset/DeepPCB_stage1_lowdata_s20260917/DeepPCB/test/pinhole/20085217_05_pinhole.jpg,5,32 60 58 107
20085221,/mnt/sda/cbj/dataset/DeepPCB-master/PCBData/group20085/20085/20085221_test.jpg,/mnt/sda/cbj/dataset/DeepPCB-master/PCBData/group20085/20085_not/20085221.txt,open,412 352 440 393,/mnt/sda/cbj/dataset/DeepPCB_stage1_lowdata_s20260917/DeepPCB/test/open/20085221_00_open.jpg,0,284 236 312 277
20085221,/mnt/sda/cbj/dataset/DeepPCB-master/PCBData/group20085/20085/20085221_test.jpg,/mnt/sda/cbj/dataset/DeepPCB-master/PCBData/group20085/20085_not/20085221.txt,open,173 470 217 504,/mnt/sda/cbj/dataset/DeepPCB_stage1_lowdata_s20260917/DeepPCB/test/open/20085221_01_open.jpg,0,173 342 217 376
20085221,/mnt/sda/cbj/dataset/DeepPCB-master/PCBData/group20085/20085/20085221_test.jpg,/mnt/sda/cbj/dataset/DeepPCB-master/PCBData/group20085/20085_not/20085221.txt,open,292 560 324 599,/mnt/sda/cbj/dataset/DeepPCB_stage1_lowdata_s20260917/DeepPCB/test/open/20085221_02_open.jpg,0,240 432 272 471
20085221,/mnt/sda/cbj/dataset/DeepPCB-master/PCBData/group20085/20085/20085221_test.jpg,/mnt/sda/cbj/dataset/DeepPCB-master/PCBData/group20085/20085_not/20085221.txt,short,423 428 451 479,/mnt/sda/cbj/dataset/DeepPCB_stage1_lowdata_s20260917/DeepPCB/test/short/20085221_03_short.jpg,1,295 300 323 351
20085221,/mnt/sda/cbj/dataset/DeepPCB-master/PCBData/group20085/20085/20085221_test.jpg,/mnt/sda/cbj/dataset/DeepPCB-master/PCBData/group20085/20085_not/20085221.txt,short,553 547 581 608,/mnt/sda/cbj/dataset/DeepPCB_stage1_lowdata_s20260917/DeepPCB/test/short/20085221_04_short.jpg,1,425 419 453 480
20085221,/mnt/sda/cbj/dataset/DeepPCB-master/PCBData/group20085/20085/20085221_test.jpg,/mnt/sda/cbj/dataset/DeepPCB-master/PCBData/group20085/20085_not/20085221.txt,mousebite,230 566 255 600,/mnt/sda/cbj/dataset/DeepPCB_stage1_lowdata_s20260917/DeepPCB/test/mousebite/20085221_05_mousebite.jpg,2,230 438 255 472
20085221,/mnt/sda/cbj/dataset/DeepPCB-master/PCBData/group20085/20085/20085221_test.jpg,/mnt/sda/cbj/dataset/DeepPCB-master/PCBData/group20085/20085_not/20085221.txt,open,293 435 325 477,/mnt/sda/cbj/dataset/DeepPCB_stage1_lowdata_s20260917/DeepPCB/test/open/20085221_06_open.jpg,0,240 307 272 349
20085221,/mnt/sda/cbj/dataset/DeepPCB-master/PCBData/group20085/20085/20085221_test.jpg,/mnt/sda/cbj/dataset/DeepPCB-master/PCBData/group20085/20085_not/20085221.txt,mousebite,456 603 492 639,/mnt/sda/cbj/dataset/DeepPCB_stage1_lowdata_s20260917/DeepPCB/test/mousebite/20085221_07_mousebite.jpg,2,328 475 364 511
20085221,/mnt/sda/cbj/dataset/DeepPCB-master/PCBData/group20085/20085/20085221_test.jpg,/mnt/sda/cbj/dataset/DeepPCB-master/PCBData/group20085/20085_not/20085221.txt,spur,481 465 513 496,/mnt/sda/cbj/dataset/DeepPCB_stage1_lowdata_s20260917/DeepPCB/test/spur/20085221_08_spur.jpg,3,353 337 385 368
20085221,/mnt/sda/cbj/dataset/DeepPCB-master/PCBData/group20085/20085/20085221_test.jpg,/mnt/sda/cbj/dataset/DeepPCB-master/PCBData/group20085/20085_not/20085221.txt,spur,181 527 210 559,/mnt/sda/cbj/dataset/DeepPCB_stage1_lowdata_s20260917/DeepPCB/test/spur/20085221_09_spur.jpg,3,181 399 210 431
20085221,/mnt/sda/cbj/dataset/DeepPCB-master/PCBData/group20085/20085/20085221_test.jpg,/mnt/sda/cbj/dataset/DeepPCB-master/PCBData/group20085/20085_not/20085221.txt,spur,555 420 583 463,/mnt/sda/cbj/dataset/DeepPCB_stage1_lowdata_s20260917/DeepPCB/test/spur/20085221_10_spur.jpg,3,427 292 455 335
20085221,/mnt/sda/cbj/dataset/DeepPCB-master/PCBData/group20085/20085/20085221_test.jpg,/mnt/sda/cbj/dataset/DeepPCB-master/PCBData/group20085/20085_not/20085221.txt,spurious_copper,511 387 537 420,/mnt/sda/cbj/dataset/DeepPCB_stage1_lowdata_s20260917/DeepPCB/test/spurious_copper/20085221_11_spurious_copper.jpg,4,383 259 409 292
20085221,/mnt/sda/cbj/dataset/DeepPCB-master/PCBData/group20085/20085/20085221_test.jpg,/mnt/sda/cbj/dataset/DeepPCB-master/PCBData/group20085/20085_not/20085221.txt,spurious_copper,313 449 342 476,/mnt/sda/cbj/dataset/DeepPCB_stage1_lowdata_s20260917/DeepPCB/test/spurious_copper/20085221_12_spurious_copper.jpg,4,242 321 271 348
20085221,/mnt/sda/cbj/dataset/DeepPCB-master/PCBData/group20085/20085/20085221_test.jpg,/mnt/sda/cbj/dataset/DeepPCB-master/PCBData/group20085/20085_not/20085221.txt,pinhole,322 479 362 503,/mnt/sda/cbj/dataset/DeepPCB_stage1_lowdata_s20260917/DeepPCB/test/pinhole/20085221_13_pinhole.jpg,5,236 351 276 375
20085221,/mnt/sda/cbj/dataset/DeepPCB-master/PCBData/group20085/20085/20085221_test.jpg,/mnt/sda/cbj/dataset/DeepPCB-master/PCBData/group20085/20085_not/20085221.txt,pinhole,450 478 487 500,/mnt/sda/cbj/dataset/DeepPCB_stage1_lowdata_s20260917/DeepPCB/test/pinhole/20085221_14_pinhole.jpg,5,322 350 359 372
20085225,/mnt/sda/cbj/dataset/DeepPCB-master/PCBData/group20085/20085/20085225_test.jpg,/mnt/sda/cbj/dataset/DeepPCB-master/PCBData/group20085/20085_not/20085225.txt,open,288 389 332 416,/mnt/sda/cbj/dataset/DeepPCB_stage1_lowdata_s20260917/DeepPCB/test/open/20085225_00_open.jpg,0,234 261 278 288
20085225,/mnt/sda/cbj/dataset/DeepPCB-master/PCBData/group20085/20085/20085225_test.jpg,/mnt/sda/cbj/dataset/DeepPCB-master/PCBData/group20085/20085_not/20085225.txt,open,472 66 502 102,/mnt/sda/cbj/dataset/DeepPCB_stage1_lowdata_s20260917/DeepPCB/test/open/20085225_01_open.jpg,0,344 66 374 102
20085225,/mnt/sda/cbj/dataset/DeepPCB-master/PCBData/group20085/20085/20085225_test.jpg,/mnt/sda/cbj/dataset/DeepPCB-master/PCBData/group20085/20085_not/20085225.txt,open,144 470 181 507,/mnt/sda/cbj/dataset/DeepPCB_stage1_lowdata_s20260917/DeepPCB/test/open/20085225_02_open.jpg,0,144 342 181 379
20085225,/mnt/sda/cbj/dataset/DeepPCB-master/PCBData/group20085/20085/20085225_test.jpg,/mnt/sda/cbj/dataset/DeepPCB-master/PCBData/group20085/20085_not/20085225.txt,short,58 339 85 391,/mnt/sda/cbj/dataset/DeepPCB_stage1_lowdata_s20260917/DeepPCB/test/short/20085225_03_short.jpg,1,58 230 85 282
20085225,/mnt/sda/cbj/dataset/DeepPCB-master/PCBData/group20085/20085/20085225_test.jpg,/mnt/sda/cbj/dataset/DeepPCB-master/PCBData/group20085/20085_not/20085225.txt,short,297 84 319 133,/mnt/sda/cbj/dataset/DeepPCB_stage1_lowdata_s20260917/DeepPCB/test/short/20085225_04_short.jpg,1,245 84 267 133
20085225,/mnt/sda/cbj/dataset/DeepPCB-master/PCBData/group20085/20085/20085225_test.jpg,/mnt/sda/cbj/dataset/DeepPCB-master/PCBData/group20085/20085_not/20085225.txt,short,159 396 196 432,/mnt/sda/cbj/dataset/DeepPCB_stage1_lowdata_s20260917/DeepPCB/test/short/20085225_05_short.jpg,1,159 268 196 304
20085225,/mnt/sda/cbj/dataset/DeepPCB-master/PCBData/group20085/20085/20085225_test.jpg,/mnt/sda/cbj/dataset/DeepPCB-master/PCBData/group20085/20085_not/20085225.txt,mousebite,156 180 189 209,/mnt/sda/cbj/dataset/DeepPCB_stage1_lowdata_s20260917/DeepPCB/test/mousebite/20085225_06_mousebite.jpg,2,156 180 189 209
20085225,/mnt/sda/cbj/dataset/DeepPCB-master/PCBData/group20085/20085/20085225_test.jpg,/mnt/sda/cbj/dataset/DeepPCB-master/PCBData/group20085/20085_not/20085225.txt,mousebite,76 28 104 56,/mnt/sda/cbj/dataset/DeepPCB_stage1_lowdata_s20260917/DeepPCB/test/mousebite/20085225_07_mousebite.jpg,2,76 28 104 56
20085225,/mnt/sda/cbj/dataset/DeepPCB-master/PCBData/group20085/20085/20085225_test.jpg,/mnt/sda/cbj/dataset/DeepPCB-master/PCBData/group20085/20085_not/20085225.txt,spur,242 234 268 271,/mnt/sda/cbj/dataset/DeepPCB_stage1_lowdata_s20260917/DeepPCB/test/spur/20085225_08_spur.jpg,3,242 234 268 271
20085225,/mnt/sda/cbj/dataset/DeepPCB-master/PCBData/group20085/20085/20085225_test.jpg,/mnt/sda/cbj/dataset/DeepPCB-master/PCBData/group20085/20085_not/20085225.txt,spur,94 414 124 459,/mnt/sda/cbj/dataset/DeepPCB_stage1_lowdata_s20260917/DeepPCB/test/spur/20085225_09_spur.jpg,3,94 286 124 331
20085225,/mnt/sda/cbj/dataset/DeepPCB-master/PCBData/group20085/20085/20085225_test.jpg,/mnt/sda/cbj/dataset/DeepPCB-master/PCBData/group20085/20085_not/20085225.txt,spurious_copper,299 212 328 243,/mnt/sda/cbj/dataset/DeepPCB_stage1_lowdata_s20260917/DeepPCB/test/spurious_copper/20085225_10_spurious_copper.jpg,4,242 212 271 243
20085225,/mnt/sda/cbj/dataset/DeepPCB-master/PCBData/group20085/20085/20085225_test.jpg,/mnt/sda/cbj/dataset/DeepPCB-master/PCBData/group20085/20085_not/20085225.txt,pinhole,344 419 368 449,/mnt/sda/cbj/dataset/DeepPCB_stage1_lowdata_s20260917/DeepPCB/test/pinhole/20085225_11_pinhole.jpg,5,244 291 268 321
20085225,/mnt/sda/cbj/dataset/DeepPCB-master/PCBData/group20085/20085/20085225_test.jpg,/mnt/sda/cbj/dataset/DeepPCB-master/PCBData/group20085/20085_not/20085225.txt,pinhole,120 21 144 56,/mnt/sda/cbj/dataset/DeepPCB_stage1_lowdata_s20260917/DeepPCB/test/pinhole/20085225_12_pinhole.jpg,5,120 21 144 56
20085238,/mnt/sda/cbj/dataset/DeepPCB-master/PCBData/group20085/20085/20085238_test.jpg,/mnt/sda/cbj/dataset/DeepPCB-master/PCBData/group20085/20085_not/20085238.txt,open,282 250 312 284,/mnt/sda/cbj/dataset/DeepPCB_stage1_lowdata_s20260917/DeepPCB/test/open/20085238_00_open.jpg,0,241 239 271 273
20085238,/mnt/sda/cbj/dataset/DeepPCB-master/PCBData/group20085/20085/20085238_test.jpg,/mnt/sda/cbj/dataset/DeepPCB-master/PCBData/group20085/20085_not/20085238.txt,open,264 40 304 83,/mnt/sda/cbj/dataset/DeepPCB_stage1_lowdata_s20260917/DeepPCB/test/open/20085238_01_open.jpg,0,236 40 276 83
20085238,/mnt/sda/cbj/dataset/DeepPCB-master/PCBData/group20085/20085/20085238_test.jpg,/mnt/sda/cbj/dataset/DeepPCB-master/PCBData/group20085/20085_not/20085238.txt,short,298 168 322 211,/mnt/sda/cbj/dataset/DeepPCB_stage1_lowdata_s20260917/DeepPCB/test/short/20085238_02_short.jpg,1,244 168 268 211
20085238,/mnt/sda/cbj/dataset/DeepPCB-master/PCBData/group20085/20085/20085238_test.jpg,/mnt/sda/cbj/dataset/DeepPCB-master/PCBData/group20085/20085_not/20085238.txt,short,143 159 172 200,/mnt/sda/cbj/dataset/DeepPCB_stage1_lowdata_s20260917/DeepPCB/test/short/20085238_03_short.jpg,1,143 159 172 200
20085238,/mnt/sda/cbj/dataset/DeepPCB-master/PCBData/group20085/20085/20085238_test.jpg,/mnt/sda/cbj/dataset/DeepPCB-master/PCBData/group20085/20085_not/20085238.txt,mousebite,539 287 573 325,/mnt/sda/cbj/dataset/DeepPCB_stage1_lowdata_s20260917/DeepPCB/test/mousebite/20085238_04_mousebite.jpg,2,411 237 445 275
20085238,/mnt/sda/cbj/dataset/DeepPCB-master/PCBData/group20085/20085/20085238_test.jpg,/mnt/sda/cbj/dataset/DeepPCB-master/PCBData/group20085/20085_not/20085238.txt,spur,391 419 418 460,/mnt/sda/cbj/dataset/DeepPCB_stage1_lowdata_s20260917/DeepPCB/test/spur/20085238_05_spur.jpg,3,263 291 290 332
20085238,/mnt/sda/cbj/dataset/DeepPCB-master/PCBData/group20085/20085/20085238_test.jpg,/mnt/sda/cbj/dataset/DeepPCB-master/PCBData/group20085/20085_not/20085238.txt,spur,502 78 531 115,/mnt/sda/cbj/dataset/DeepPCB_stage1_lowdata_s20260917/DeepPCB/test/spur/20085238_06_spur.jpg,3,374 78 403 115
20085238,/mnt/sda/cbj/dataset/DeepPCB-master/PCBData/group20085/20085/20085238_test.jpg,/mnt/sda/cbj/dataset/DeepPCB-master/PCBData/group20085/20085_not/20085238.txt,spurious_copper,263 317 294 355,/mnt/sda/cbj/dataset/DeepPCB_stage1_lowdata_s20260917/DeepPCB/test/spurious_copper/20085238_07_spurious_copper.jpg,4,241 237 272 275
20085238,/mnt/sda/cbj/dataset/DeepPCB-master/PCBData/group20085/20085/20085238_test.jpg,/mnt/sda/cbj/dataset/DeepPCB-master/PCBData/group20085/20085_not/20085238.txt,pinhole,535 475 566 510,/mnt/sda/cbj/dataset/DeepPCB_stage1_lowdata_s20260917/DeepPCB/test/pinhole/20085238_08_pinhole.jpg,5,407 347 438 382
44000062,/mnt/sda/cbj/dataset/DeepPCB-master/PCBData/group44000/44000/44000062_test.jpg,/mnt/sda/cbj/dataset/DeepPCB-master/PCBData/group44000/44000_not/44000062.txt,open,490 118 537 159,/mnt/sda/cbj/dataset/DeepPCB_stage1_lowdata_s20260917/DeepPCB/test/open/44000062_00_open.jpg,0,362 118 409 159
44000062,/mnt/sda/cbj/dataset/DeepPCB-master/PCBData/group44000/44000/44000062_test.jpg,/mnt/sda/cbj/dataset/DeepPCB-master/PCBData/group44000/44000_not/44000062.txt,short,312 0 360 45,/mnt/sda/cbj/dataset/DeepPCB_stage1_lowdata_s20260917/DeepPCB/test/short/44000062_01_short.jpg,1,232 0 280 45
44000062,/mnt/sda/cbj/dataset/DeepPCB-master/PCBData/group44000/44000/44000062_test.jpg,/mnt/sda/cbj/dataset/DeepPCB-master/PCBData/group44000/44000_not/44000062.txt,spur,304 0 341 32,/mnt/sda/cbj/dataset/DeepPCB_stage1_lowdata_s20260917/DeepPCB/test/spur/44000062_02_spur.jpg,3,238 0 275 32
44000062,/mnt/sda/cbj/dataset/DeepPCB-master/PCBData/group44000/44000/44000062_test.jpg,/mnt/sda/cbj/dataset/DeepPCB-master/PCBData/group44000/44000_not/44000062.txt,spurious_copper,283 199 313 231,/mnt/sda/cbj/dataset/DeepPCB_stage1_lowdata_s20260917/DeepPCB/test/spurious_copper/44000062_03_spurious_copper.jpg,4,241 199 271 231
44000062,/mnt/sda/cbj/dataset/DeepPCB-master/PCBData/group44000/44000/44000062_test.jpg,/mnt/sda/cbj/dataset/DeepPCB-master/PCBData/group44000/44000_not/44000062.txt,pinhole,138 93 169 124,/mnt/sda/cbj/dataset/DeepPCB_stage1_lowdata_s20260917/DeepPCB/test/pinhole/44000062_04_pinhole.jpg,5,138 93 169 124
44000062,/mnt/sda/cbj/dataset/DeepPCB-master/PCBData/group44000/44000/44000062_test.jpg,/mnt/sda/cbj/dataset/DeepPCB-master/PCBData/group44000/44000_not/44000062.txt,mousebite,430 236 453 283,/mnt/sda/cbj/dataset/DeepPCB_stage1_lowdata_s20260917/DeepPCB/test/mousebite/44000062_05_mousebite.jpg,2,302 233 325 280
44000068,/mnt/sda/cbj/dataset/DeepPCB-master/PCBData/group44000/44000/44000068_test.jpg,/mnt/sda/cbj/dataset/DeepPCB-master/PCBData/group44000/44000_not/44000068.txt,open,217 267 259 320,/mnt/sda/cbj/dataset/DeepPCB_stage1_lowdata_s20260917/DeepPCB/test/open/44000068_00_open.jpg,0,217 230 259 283
44000068,/mnt/sda/cbj/dataset/DeepPCB-master/PCBData/group44000/44000/44000068_test.jpg,/mnt/sda/cbj/dataset/DeepPCB-master/PCBData/group44000/44000_not/44000068.txt,short,428 27 518 53,/mnt/sda/cbj/dataset/DeepPCB_stage1_lowdata_s20260917/DeepPCB/test/short/44000068_01_short.jpg,1,300 27 390 53
44000068,/mnt/sda/cbj/dataset/DeepPCB-master/PCBData/group44000/44000/44000068_test.jpg,/mnt/sda/cbj/dataset/DeepPCB-master/PCBData/group44000/44000_not/44000068.txt,mousebite,255 332 285 368,/mnt/sda/cbj/dataset/DeepPCB_stage1_lowdata_s20260917/DeepPCB/test/mousebite/44000068_02_mousebite.jpg,2,241 238 271 274
44000068,/mnt/sda/cbj/dataset/DeepPCB-master/PCBData/group44000/44000/44000068_test.jpg,/mnt/sda/cbj/dataset/DeepPCB-master/PCBData/group44000/44000_not/44000068.txt,spur,167 378 206 405,/mnt/sda/cbj/dataset/DeepPCB_stage1_lowdata_s20260917/DeepPCB/test/spur/44000068_03_spur.jpg,3,167 250 206 277
44000068,/mnt/sda/cbj/dataset/DeepPCB-master/PCBData/group44000/44000/44000068_test.jpg,/mnt/sda/cbj/dataset/DeepPCB-master/PCBData/group44000/44000_not/44000068.txt,spurious_copper,415 91 448 123,/mnt/sda/cbj/dataset/DeepPCB_stage1_lowdata_s20260917/DeepPCB/test/spurious_copper/44000068_04_spurious_copper.jpg,4,287 91 320 123
44000068,/mnt/sda/cbj/dataset/DeepPCB-master/PCBData/group44000/44000/44000068_test.jpg,/mnt/sda/cbj/dataset/DeepPCB-master/PCBData/group44000/44000_not/44000068.txt,pinhole,538 45 567 74,/mnt/sda/cbj/dataset/DeepPCB_stage1_lowdata_s20260917/DeepPCB/test/pinhole/44000068_05_pinhole.jpg,5,410 45 439 74
44000086,/mnt/sda/cbj/dataset/DeepPCB-master/PCBData/group44000/44000/44000086_test.jpg,/mnt/sda/cbj/dataset/DeepPCB-master/PCBData/group44000/44000_not/44000086.txt,open,309 302 381 364,/mnt/sda/cbj/dataset/DeepPCB_stage1_lowdata_s20260917/DeepPCB/test/open/44000086_00_open.jpg,0,220 225 292 287
44000086,/mnt/sda/cbj/dataset/DeepPCB-master/PCBData/group44000/44000/44000086_test.jpg,/mnt/sda/cbj/dataset/DeepPCB-master/PCBData/group44000/44000_not/44000086.txt,short,42 296 108 350,/mnt/sda/cbj/dataset/DeepPCB_stage1_lowdata_s20260917/DeepPCB/test/short/44000086_01_short.jpg,1,42 229 108 283
44000086,/mnt/sda/cbj/dataset/DeepPCB-master/PCBData/group44000/44000/44000086_test.jpg,/mnt/sda/cbj/dataset/DeepPCB-master/PCBData/group44000/44000_not/44000086.txt,spur,37 307 73 346,/mnt/sda/cbj/dataset/DeepPCB_stage1_lowdata_s20260917/DeepPCB/test/spur/44000086_02_spur.jpg,3,37 237 73 276
44000086,/mnt/sda/cbj/dataset/DeepPCB-master/PCBData/group44000/44000/44000086_test.jpg,/mnt/sda/cbj/dataset/DeepPCB-master/PCBData/group44000/44000_not/44000086.txt,mousebite,20 230 54 264,/mnt/sda/cbj/dataset/DeepPCB_stage1_lowdata_s20260917/DeepPCB/test/mousebite/44000086_03_mousebite.jpg,2,20 230 54 264
44000086,/mnt/sda/cbj/dataset/DeepPCB-master/PCBData/group44000/44000/44000086_test.jpg,/mnt/sda/cbj/dataset/DeepPCB-master/PCBData/group44000/44000_not/44000086.txt,mousebite,126 0 161 46,/mnt/sda/cbj/dataset/DeepPCB_stage1_lowdata_s20260917/DeepPCB/test/mousebite/44000086_04_mousebite.jpg,2,126 0 161 46
44000086,/mnt/sda/cbj/dataset/DeepPCB-master/PCBData/group44000/44000/44000086_test.jpg,/mnt/sda/cbj/dataset/DeepPCB-master/PCBData/group44000/44000_not/44000086.txt,spurious_copper,458 469 493 556,/mnt/sda/cbj/dataset/DeepPCB_stage1_lowdata_s20260917/DeepPCB/test/spurious_copper/44000086_05_spurious_copper.jpg,4,330 341 365 428
44000086,/mnt/sda/cbj/dataset/DeepPCB-master/PCBData/group44000/44000/44000086_test.jpg,/mnt/sda/cbj/dataset/DeepPCB-master/PCBData/group44000/44000_not/44000086.txt,pinhole,253 0 323 24,/mnt/sda/cbj/dataset/DeepPCB_stage1_lowdata_s20260917/DeepPCB/test/pinhole/44000086_06_pinhole.jpg,5,221 0 291 24
44000092,/mnt/sda/cbj/dataset/DeepPCB-master/PCBData/group44000/44000/44000092_test.jpg,/mnt/sda/cbj/dataset/DeepPCB-master/PCBData/group44000/44000_not/44000092.txt,open,42 45 83 95,/mnt/sda/cbj/dataset/DeepPCB_stage1_lowdata_s20260917/DeepPCB/test/open/44000092_00_open.jpg,0,42 45 83 95
44000092,/mnt/sda/cbj/dataset/DeepPCB-master/PCBData/group44000/44000/44000092_test.jpg,/mnt/sda/cbj/dataset/DeepPCB-master/PCBData/group44000/44000_not/44000092.txt,open,86 206 115 284,/mnt/sda/cbj/dataset/DeepPCB_stage1_lowdata_s20260917/DeepPCB/test/open/44000092_01_open.jpg,0,86 206 115 284
44000092,/mnt/sda/cbj/dataset/DeepPCB-master/PCBData/group44000/44000/44000092_test.jpg,/mnt/sda/cbj/dataset/DeepPCB-master/PCBData/group44000/44000_not/44000092.txt,short,351 74 401 116,/mnt/sda/cbj/dataset/DeepPCB_stage1_lowdata_s20260917/DeepPCB/test/short/44000092_02_short.jpg,1,231 74 281 116
44000092,/mnt/sda/cbj/dataset/DeepPCB-master/PCBData/group44000/44000/44000092_test.jpg,/mnt/sda/cbj/dataset/DeepPCB-master/PCBData/group44000/44000_not/44000092.txt,short,477 59 521 84,/mnt/sda/cbj/dataset/DeepPCB_stage1_lowdata_s20260917/DeepPCB/test/short/44000092_03_short.jpg,1,349 59 393 84
44000092,/mnt/sda/cbj/dataset/DeepPCB-master/PCBData/group44000/44000/44000092_test.jpg,/mnt/sda/cbj/dataset/DeepPCB-master/PCBData/group44000/44000_not/44000092.txt,mousebite,354 18 384 48,/mnt/sda/cbj/dataset/DeepPCB_stage1_lowdata_s20260917/DeepPCB/test/mousebite/44000092_04_mousebite.jpg,2,241 18 271 48
44000092,/mnt/sda/cbj/dataset/DeepPCB-master/PCBData/group44000/44000/44000092_test.jpg,/mnt/sda/cbj/dataset/DeepPCB-master/PCBData/group44000/44000_not/44000092.txt,spur,418 84 448 120,/mnt/sda/cbj/dataset/DeepPCB_stage1_lowdata_s20260917/DeepPCB/test/spur/44000092_05_spur.jpg,3,290 84 320 120
44000092,/mnt/sda/cbj/dataset/DeepPCB-master/PCBData/group44000/44000/44000092_test.jpg,/mnt/sda/cbj/dataset/DeepPCB-master/PCBData/group44000/44000_not/44000092.txt,spur,42 340 88 370,/mnt/sda/cbj/dataset/DeepPCB_stage1_lowdata_s20260917/DeepPCB/test/spur/44000092_06_spur.jpg,3,42 241 88 271
44000092,/mnt/sda/cbj/dataset/DeepPCB-master/PCBData/group44000/44000/44000092_test.jpg,/mnt/sda/cbj/dataset/DeepPCB-master/PCBData/group44000/44000_not/44000092.txt,spurious_copper,119 69 156 109,/mnt/sda/cbj/dataset/DeepPCB_stage1_lowdata_s20260917/DeepPCB/test/spurious_copper/44000092_07_spurious_copper.jpg,4,119 69 156 109
44000092,/mnt/sda/cbj/dataset/DeepPCB-master/PCBData/group44000/44000/44000092_test.jpg,/mnt/sda/cbj/dataset/DeepPCB-master/PCBData/group44000/44000_not/44000092.txt,pinhole,325 0 357 22,/mnt/sda/cbj/dataset/DeepPCB_stage1_lowdata_s20260917/DeepPCB/test/pinhole/44000092_08_pinhole.jpg,5,240 0 272 22
44000092,/mnt/sda/cbj/dataset/DeepPCB-master/PCBData/group44000/44000/44000092_test.jpg,/mnt/sda/cbj/dataset/DeepPCB-master/PCBData/group44000/44000_not/44000092.txt,pinhole,17 241 48 270,/mnt/sda/cbj/dataset/DeepPCB_stage1_lowdata_s20260917/DeepPCB/test/pinhole/44000092_09_pinhole.jpg,5,17 241 48 270
44000093,/mnt/sda/cbj/dataset/DeepPCB-master/PCBData/group44000/44000/44000093_test.jpg,/mnt/sda/cbj/dataset/DeepPCB-master/PCBData/group44000/44000_not/44000093.txt,open,506 307 530 353,/mnt/sda/cbj/dataset/DeepPCB_stage1_lowdata_s20260917/DeepPCB/test/open/44000093_00_open.jpg,0,378 233 402 279
44000093,/mnt/sda/cbj/dataset/DeepPCB-master/PCBData/group44000/44000/44000093_test.jpg,/mnt/sda/cbj/dataset/DeepPCB-master/PCBData/group44000/44000_not/44000093.txt,open,497 437 535 501,/mnt/sda/cbj/dataset/DeepPCB_stage1_lowdata_s20260917/DeepPCB/test/open/44000093_01_open.jpg,0,369 309 407 373
44000093,/mnt/sda/cbj/dataset/DeepPCB-master/PCBData/group44000/44000/44000093_test.jpg,/mnt/sda/cbj/dataset/DeepPCB-master/PCBData/group44000/44000_not/44000093.txt,short,553 560 591 599,/mnt/sda/cbj/dataset/DeepPCB_stage1_lowdata_s20260917/DeepPCB/test/short/44000093_02_short.jpg,1,425 432 463 471
44000093,/mnt/sda/cbj/dataset/DeepPCB-master/PCBData/group44000/44000/44000093_test.jpg,/mnt/sda/cbj/dataset/DeepPCB-master/PCBData/group44000/44000_not/44000093.txt,short,460 350 488 474,/mnt/sda/cbj/dataset/DeepPCB_stage1_lowdata_s20260917/DeepPCB/test/short/44000093_03_short.jpg,1,332 222 360 346
44000093,/mnt/sda/cbj/dataset/DeepPCB-master/PCBData/group44000/44000/44000093_test.jpg,/mnt/sda/cbj/dataset/DeepPCB-master/PCBData/group44000/44000_not/44000093.txt,mousebite,542 242 579 279,/mnt/sda/cbj/dataset/DeepPCB_stage1_lowdata_s20260917/DeepPCB/test/mousebite/44000093_04_mousebite.jpg,2,414 238 451 275
44000093,/mnt/sda/cbj/dataset/DeepPCB-master/PCBData/group44000/44000/44000093_test.jpg,/mnt/sda/cbj/dataset/DeepPCB-master/PCBData/group44000/44000_not/44000093.txt,spur,68 375 110 423,/mnt/sda/cbj/dataset/DeepPCB_stage1_lowdata_s20260917/DeepPCB/test/spur/44000093_05_spur.jpg,3,68 247 110 295
44000093,/mnt/sda/cbj/dataset/DeepPCB-master/PCBData/group44000/44000/44000093_test.jpg,/mnt/sda/cbj/dataset/DeepPCB-master/PCBData/group44000/44000_not/44000093.txt,spurious_copper,288 418 324 453,/mnt/sda/cbj/dataset/DeepPCB_stage1_lowdata_s20260917/DeepPCB/test/spurious_copper/44000093_06_spurious_copper.jpg,4,238 290 274 325
44000093,/mnt/sda/cbj/dataset/DeepPCB-master/PCBData/group44000/44000/44000093_test.jpg,/mnt/sda/cbj/dataset/DeepPCB-master/PCBData/group44000/44000_not/44000093.txt,pinhole,52 415 81 444,/mnt/sda/cbj/dataset/DeepPCB_stage1_lowdata_s20260917/DeepPCB/test/pinhole/44000093_07_pinhole.jpg,5,52 287 81 316
44000093,/mnt/sda/cbj/dataset/DeepPCB-master/PCBData/group44000/44000/44000093_test.jpg,/mnt/sda/cbj/dataset/DeepPCB-master/PCBData/group44000/44000_not/44000093.txt,pinhole,9 511 40 550,/mnt/sda/cbj/dataset/DeepPCB_stage1_lowdata_s20260917/DeepPCB/test/pinhole/44000093_08_pinhole.jpg,5,9 383 40 422
44000096,/mnt/sda/cbj/dataset/DeepPCB-master/PCBData/group44000/44000/44000096_test.jpg,/mnt/sda/cbj/dataset/DeepPCB-master/PCBData/group44000/44000_not/44000096.txt,open,400 226 455 273,/mnt/sda/cbj/dataset/DeepPCB_stage1_lowdata_s20260917/DeepPCB/test/open/44000096_00_open.jpg,0,272 226 327 273
44000096,/mnt/sda/cbj/dataset/DeepPCB-master/PCBData/group44000/44000/44000096_test.jpg,/mnt/sda/cbj/dataset/DeepPCB-master/PCBData/group44000/44000_not/44000096.txt,short,584 125 609 204,/mnt/sda/cbj/dataset/DeepPCB_stage1_lowdata_s20260917/DeepPCB/test/short/44000096_01_short.jpg,1,456 125 481 204
44000096,/mnt/sda/cbj/dataset/DeepPCB-master/PCBData/group44000/44000/44000096_test.jpg,/mnt/sda/cbj/dataset/DeepPCB-master/PCBData/group44000/44000_not/44000096.txt,mousebite,474 345 509 378,/mnt/sda/cbj/dataset/DeepPCB_stage1_lowdata_s20260917/DeepPCB/test/mousebite/44000096_02_mousebite.jpg,2,346 240 381 273
44000096,/mnt/sda/cbj/dataset/DeepPCB-master/PCBData/group44000/44000/44000096_test.jpg,/mnt/sda/cbj/dataset/DeepPCB-master/PCBData/group44000/44000_not/44000096.txt,spur,89 261 140 309,/mnt/sda/cbj/dataset/DeepPCB_stage1_lowdata_s20260917/DeepPCB/test/spur/44000096_03_spur.jpg,3,89 232 140 280
44000096,/mnt/sda/cbj/dataset/DeepPCB-master/PCBData/group44000/44000/44000096_test.jpg,/mnt/sda/cbj/dataset/DeepPCB-master/PCBData/group44000/44000_not/44000096.txt,spurious_copper,353 214 389 266,/mnt/sda/cbj/dataset/DeepPCB_stage1_lowdata_s20260917/DeepPCB/test/spurious_copper/44000096_04_spurious_copper.jpg,4,238 214 274 266
44000096,/mnt/sda/cbj/dataset/DeepPCB-master/PCBData/group44000/44000/44000096_test.jpg,/mnt/sda/cbj/dataset/DeepPCB-master/PCBData/group44000/44000_not/44000096.txt,pinhole,581 460 631 503,/mnt/sda/cbj/dataset/DeepPCB_stage1_lowdata_s20260917/DeepPCB/test/pinhole/44000096_05_pinhole.jpg,5,453 332 503 375
44000104,/mnt/sda/cbj/dataset/DeepPCB-master/PCBData/group44000/44000/44000104_test.jpg,/mnt/sda/cbj/dataset/DeepPCB-master/PCBData/group44000/44000_not/44000104.txt,open,417 408 460 461,/mnt/sda/cbj/dataset/DeepPCB_stage1_lowdata_s20260917/DeepPCB/test/open/44000104_00_open.jpg,0,289 280 332 333
44000104,/mnt/sda/cbj/dataset/DeepPCB-master/PCBData/group44000/44000/44000104_test.jpg,/mnt/sda/cbj/dataset/DeepPCB-master/PCBData/group44000/44000_not/44000104.txt,short,595 330 622 408,/mnt/sda/cbj/dataset/DeepPCB_stage1_lowdata_s20260917/DeepPCB/test/short/44000104_01_short.jpg,1,467 217 494 295
44000104,/mnt/sda/cbj/dataset/DeepPCB-master/PCBData/group44000/44000/44000104_test.jpg,/mnt/sda/cbj/dataset/DeepPCB-master/PCBData/group44000/44000_not/44000104.txt,mousebite,539 479 572 534,/mnt/sda/cbj/dataset/DeepPCB_stage1_lowdata_s20260917/DeepPCB/test/mousebite/44000104_02_mousebite.jpg,2,411 351 444 406
44000104,/mnt/sda/cbj/dataset/DeepPCB-master/PCBData/group44000/44000/44000104_test.jpg,/mnt/sda/cbj/dataset/DeepPCB-master/PCBData/group44000/44000_not/44000104.txt,spurious_copper,345 242 384 285,/mnt/sda/cbj/dataset/DeepPCB_stage1_lowdata_s20260917/DeepPCB/test/spurious_copper/44000104_03_spurious_copper.jpg,4,237 235 276 278
44000104,/mnt/sda/cbj/dataset/DeepPCB-master/PCBData/group44000/44000/44000104_test.jpg,/mnt/sda/cbj/dataset/DeepPCB-master/PCBData/group44000/44000_not/44000104.txt,spur,581 234 631 282,/mnt/sda/cbj/dataset/DeepPCB_stage1_lowdata_s20260917/DeepPCB/test/spur/44000104_04_spur.jpg,3,453 232 503 280
44000104,/mnt/sda/cbj/dataset/DeepPCB-master/PCBData/group44000/44000/44000104_test.jpg,/mnt/sda/cbj/dataset/DeepPCB-master/PCBData/group44000/44000_not/44000104.txt,pinhole,13 460 43 508,/mnt/sda/cbj/dataset/DeepPCB_stage1_lowdata_s20260917/DeepPCB/test/pinhole/44000104_05_pinhole.jpg,5,13 332 43 380
44000107,/mnt/sda/cbj/dataset/DeepPCB-master/PCBData/group44000/44000/44000107_test.jpg,/mnt/sda/cbj/dataset/DeepPCB-master/PCBData/group44000/44000_not/44000107.txt,open,161 61 234 111,/mnt/sda/cbj/dataset/DeepPCB_stage1_lowdata_s20260917/DeepPCB/test/open/44000107_00_open.jpg,0,161 61 234 111
44000107,/mnt/sda/cbj/dataset/DeepPCB-master/PCBData/group44000/44000/44000107_test.jpg,/mnt/sda/cbj/dataset/DeepPCB-master/PCBData/group44000/44000_not/44000107.txt,short,286 199 354 224,/mnt/sda/cbj/dataset/DeepPCB_stage1_lowdata_s20260917/DeepPCB/test/short/44000107_01_short.jpg,1,222 199 290 224
44000107,/mnt/sda/cbj/dataset/DeepPCB-master/PCBData/group44000/44000/44000107_test.jpg,/mnt/sda/cbj/dataset/DeepPCB-master/PCBData/group44000/44000_not/44000107.txt,mousebite,122 64 162 98,/mnt/sda/cbj/dataset/DeepPCB_stage1_lowdata_s20260917/DeepPCB/test/mousebite/44000107_02_mousebite.jpg,2,122 64 162 98
44000107,/mnt/sda/cbj/dataset/DeepPCB-master/PCBData/group44000/44000/44000107_test.jpg,/mnt/sda/cbj/dataset/DeepPCB-master/PCBData/group44000/44000_not/44000107.txt,spur,237 2 271 55,/mnt/sda/cbj/dataset/DeepPCB_stage1_lowdata_s20260917/DeepPCB/test/spur/44000107_03_spur.jpg,3,237 2 271 55
44000107,/mnt/sda/cbj/dataset/DeepPCB-master/PCBData/group44000/44000/44000107_test.jpg,/mnt/sda/cbj/dataset/DeepPCB-master/PCBData/group44000/44000_not/44000107.txt,spurious_copper,358 101 397 135,/mnt/sda/cbj/dataset/DeepPCB_stage1_lowdata_s20260917/DeepPCB/test/spurious_copper/44000107_04_spurious_copper.jpg,4,237 101 276 135
44000107,/mnt/sda/cbj/dataset/DeepPCB-master/PCBData/group44000/44000/44000107_test.jpg,/mnt/sda/cbj/dataset/DeepPCB-master/PCBData/group44000/44000_not/44000107.txt,pinhole,326 204 373 230,/mnt/sda/cbj/dataset/DeepPCB_stage1_lowdata_s20260917/DeepPCB/test/pinhole/44000107_05_pinhole.jpg,5,233 204 280 230
44000110,/mnt/sda/cbj/dataset/DeepPCB-master/PCBData/group44000/44000/44000110_test.jpg,/mnt/sda/cbj/dataset/DeepPCB-master/PCBData/group44000/44000_not/44000110.txt,open,44 234 131 295,/mnt/sda/cbj/dataset/DeepPCB_stage1_lowdata_s20260917/DeepPCB/test/open/44000110_00_open.jpg,0,44 226 131 287
44000110,/mnt/sda/cbj/dataset/DeepPCB-master/PCBData/group44000/44000/44000110_test.jpg,/mnt/sda/cbj/dataset/DeepPCB-master/PCBData/group44000/44000_not/44000110.txt,open,360 99 438 216,/mnt/sda/cbj/dataset/DeepPCB_stage1_lowdata_s20260917/DeepPCB/test/open/44000110_01_open.jpg,0,232 99 310 216
44000110,/mnt/sda/cbj/dataset/DeepPCB-master/PCBData/group44000/44000/44000110_test.jpg,/mnt/sda/cbj/dataset/DeepPCB-master/PCBData/group44000/44000_not/44000110.txt,short,480 91 600 171,/mnt/sda/cbj/dataset/DeepPCB_stage1_lowdata_s20260917/DeepPCB/test/short/44000110_02_short.jpg,1,352 91 472 171
44000110,/mnt/sda/cbj/dataset/DeepPCB-master/PCBData/group44000/44000/44000110_test.jpg,/mnt/sda/cbj/dataset/DeepPCB-master/PCBData/group44000/44000_not/44000110.txt,mousebite,234 369 262 411,/mnt/sda/cbj/dataset/DeepPCB_stage1_lowdata_s20260917/DeepPCB/test/mousebite/44000110_03_mousebite.jpg,2,234 241 262 283
44000110,/mnt/sda/cbj/dataset/DeepPCB-master/PCBData/group44000/44000/44000110_test.jpg,/mnt/sda/cbj/dataset/DeepPCB-master/PCBData/group44000/44000_not/44000110.txt,spur,127 90 202 156,/mnt/sda/cbj/dataset/DeepPCB_stage1_lowdata_s20260917/DeepPCB/test/spur/44000110_04_spur.jpg,3,127 90 202 156
44000110,/mnt/sda/cbj/dataset/DeepPCB-master/PCBData/group44000/44000/44000110_test.jpg,/mnt/sda/cbj/dataset/DeepPCB-master/PCBData/group44000/44000_not/44000110.txt,spurious_copper,566 455 620 506,/mnt/sda/cbj/dataset/DeepPCB_stage1_lowdata_s20260917/DeepPCB/test/spurious_copper/44000110_05_spurious_copper.jpg,4,438 327 492 378
44000110,/mnt/sda/cbj/dataset/DeepPCB-master/PCBData/group44000/44000/44000110_test.jpg,/mnt/sda/cbj/dataset/DeepPCB-master/PCBData/group44000/44000_not/44000110.txt,pinhole,288 14 316 40,/mnt/sda/cbj/dataset/DeepPCB_stage1_lowdata_s20260917/DeepPCB/test/pinhole/44000110_06_pinhole.jpg,5,242 14 270 40
50600001,/mnt/sda/cbj/dataset/DeepPCB-master/PCBData/group50600/50600/50600001_test.jpg,/mnt/sda/cbj/dataset/DeepPCB-master/PCBData/group50600/50600_not/50600001.txt,open,181 321 219 352,/mnt/sda/cbj/dataset/DeepPCB_stage1_lowdata_s20260917/DeepPCB/test/open/50600001_00_open.jpg,0,181 241 219 272
50600001,/mnt/sda/cbj/dataset/DeepPCB-master/PCBData/group50600/50600/50600001_test.jpg,/mnt/sda/cbj/dataset/DeepPCB-master/PCBData/group50600/50600_not/50600001.txt,short,283 271 346 301,/mnt/sda/cbj/dataset/DeepPCB_stage1_lowdata_s20260917/DeepPCB/test/short/50600001_01_short.jpg,1,225 241 288 271
50600001,/mnt/sda/cbj/dataset/DeepPCB-master/PCBData/group50600/50600/50600001_test.jpg,/mnt/sda/cbj/dataset/DeepPCB-master/PCBData/group50600/50600_not/50600001.txt,pinhole,296 223 325 259,/mnt/sda/cbj/dataset/DeepPCB_stage1_lowdata_s20260917/DeepPCB/test/pinhole/50600001_02_pinhole.jpg,5,242 223 271 259
50600001,/mnt/sda/cbj/dataset/DeepPCB-master/PCBData/group50600/50600/50600001_test.jpg,/mnt/sda/cbj/dataset/DeepPCB-master/PCBData/group50600/50600_not/50600001.txt,spur,189 453 225 481,/mnt/sda/cbj/dataset/DeepPCB_stage1_lowdata_s20260917/DeepPCB/test/spur/50600001_03_spur.jpg,3,189 325 225 353
50600001,/mnt/sda/cbj/dataset/DeepPCB-master/PCBData/group50600/50600/50600001_test.jpg,/mnt/sda/cbj/dataset/DeepPCB-master/PCBData/group50600/50600_not/50600001.txt,spurious_copper,201 262 232 296,/mnt/sda/cbj/dataset/DeepPCB_stage1_lowdata_s20260917/DeepPCB/test/spurious_copper/50600001_04_spurious_copper.jpg,4,201 239 232 273
50600001,/mnt/sda/cbj/dataset/DeepPCB-master/PCBData/group50600/50600/50600001_test.jpg,/mnt/sda/cbj/dataset/DeepPCB-master/PCBData/group50600/50600_not/50600001.txt,mousebite,140 516 174 542,/mnt/sda/cbj/dataset/DeepPCB_stage1_lowdata_s20260917/DeepPCB/test/mousebite/50600001_05_mousebite.jpg,2,140 388 174 414
50600015,/mnt/sda/cbj/dataset/DeepPCB-master/PCBData/group50600/50600/50600015_test.jpg,/mnt/sda/cbj/dataset/DeepPCB-master/PCBData/group50600/50600_not/50600015.txt,open,85 236 126 265,/mnt/sda/cbj/dataset/DeepPCB_stage1_lowdata_s20260917/DeepPCB/test/open/50600015_00_open.jpg,0,85 236 126 265
50600015,/mnt/sda/cbj/dataset/DeepPCB-master/PCBData/group50600/50600/50600015_test.jpg,/mnt/sda/cbj/dataset/DeepPCB-master/PCBData/group50600/50600_not/50600015.txt,short,431 186 474 213,/mnt/sda/cbj/dataset/DeepPCB_stage1_lowdata_s20260917/DeepPCB/test/short/50600015_01_short.jpg,1,303 186 346 213
50600015,/mnt/sda/cbj/dataset/DeepPCB-master/PCBData/group50600/50600/50600015_test.jpg,/mnt/sda/cbj/dataset/DeepPCB-master/PCBData/group50600/50600_not/50600015.txt,mousebite,310 152 346 178,/mnt/sda/cbj/dataset/DeepPCB_stage1_lowdata_s20260917/DeepPCB/test/mousebite/50600015_02_mousebite.jpg,2,238 152 274 178
50600015,/mnt/sda/cbj/dataset/DeepPCB-master/PCBData/group50600/50600/50600015_test.jpg,/mnt/sda/cbj/dataset/DeepPCB-master/PCBData/group50600/50600_not/50600015.txt,spur,10 161 46 189,/mnt/sda/cbj/dataset/DeepPCB_stage1_lowdata_s20260917/DeepPCB/test/spur/50600015_03_spur.jpg,3,10 161 46 189
50600015,/mnt/sda/cbj/dataset/DeepPCB-master/PCBData/group50600/50600/50600015_test.jpg,/mnt/sda/cbj/dataset/DeepPCB-master/PCBData/group50600/50600_not/50600015.txt,spurious_copper,225 353 257 390,/mnt/sda/cbj/dataset/DeepPCB_stage1_lowdata_s20260917/DeepPCB/test/spurious_copper/50600015_04_spurious_copper.jpg,4,225 238 257 275
50600015,/mnt/sda/cbj/dataset/DeepPCB-master/PCBData/group50600/50600/50600015_test.jpg,/mnt/sda/cbj/dataset/DeepPCB-master/PCBData/group50600/50600_not/50600015.txt,pinhole,453 93 479 125,/mnt/sda/cbj/dataset/DeepPCB_stage1_lowdata_s20260917/DeepPCB/test/pinhole/50600015_05_pinhole.jpg,5,325 93 351 125
50600021,/mnt/sda/cbj/dataset/DeepPCB-master/PCBData/group50600/50600/50600021_test.jpg,/mnt/sda/cbj/dataset/DeepPCB-master/PCBData/group50600/50600_not/50600021.txt,open,176 209 209 252,/mnt/sda/cbj/dataset/DeepPCB_stage1_lowdata_s20260917/DeepPCB/test/open/50600021_00_open.jpg,0,176 209 209 252
50600021,/mnt/sda/cbj/dataset/DeepPCB-master/PCBData/group50600/50600/50600021_test.jpg,/mnt/sda/cbj/dataset/DeepPCB-master/PCBData/group50600/50600_not/50600021.txt,short,202 113 240 143,/mnt/sda/cbj/dataset/DeepPCB_stage1_lowdata_s20260917/DeepPCB/test/short/50600021_01_short.jpg,1,202 113 240 143
50600021,/mnt/sda/cbj/dataset/DeepPCB-master/PCBData/group50600/50600/50600021_test.jpg,/mnt/sda/cbj/dataset/DeepPCB-master/PCBData/group50600/50600_not/50600021.txt,mousebite,264 258 295 293,/mnt/sda/cbj/dataset/DeepPCB_stage1_lowdata_s20260917/DeepPCB/test/mousebite/50600021_02_mousebite.jpg,2,241 239 272 274
50600021,/mnt/sda/cbj/dataset/DeepPCB-master/PCBData/group50600/50600/50600021_test.jpg,/mnt/sda/cbj/dataset/DeepPCB-master/PCBData/group50600/50600_not/50600021.txt,spur,166 483 210 518,/mnt/sda/cbj/dataset/DeepPCB_stage1_lowdata_s20260917/DeepPCB/test/spur/50600021_03_spur.jpg,3,166 355 210 390
50600021,/mnt/sda/cbj/dataset/DeepPCB-master/PCBData/group50600/50600/50600021_test.jpg,/mnt/sda/cbj/dataset/DeepPCB-master/PCBData/group50600/50600_not/50600021.txt,spurious_copper,423 499 451 529,/mnt/sda/cbj/dataset/DeepPCB_stage1_lowdata_s20260917/DeepPCB/test/spurious_copper/50600021_04_spurious_copper.jpg,4,295 371 323 401
50600021,/mnt/sda/cbj/dataset/DeepPCB-master/PCBData/group50600/50600/50600021_test.jpg,/mnt/sda/cbj/dataset/DeepPCB-master/PCBData/group50600/50600_not/50600021.txt,pinhole,273 325 313 361,/mnt/sda/cbj/dataset/DeepPCB_stage1_lowdata_s20260917/DeepPCB/test/pinhole/50600021_05_pinhole.jpg,5,236 238 276 274
50600024,/mnt/sda/cbj/dataset/DeepPCB-master/PCBData/group50600/50600/50600024_test.jpg,/mnt/sda/cbj/dataset/DeepPCB-master/PCBData/group50600/50600_not/50600024.txt,open,109 281 184 339,/mnt/sda/cbj/dataset/DeepPCB_stage1_lowdata_s20260917/DeepPCB/test/open/50600024_00_open.jpg,0,109 227 184 285
50600024,/mnt/sda/cbj/dataset/DeepPCB-master/PCBData/group50600/50600/50600024_test.jpg,/mnt/sda/cbj/dataset/DeepPCB-master/PCBData/group50600/50600_not/50600024.txt,short,191 159 224 194,/mnt/sda/cbj/dataset/DeepPCB_stage1_lowdata_s20260917/DeepPCB/test/short/50600024_01_short.jpg,1,191 159 224 194
50600024,/mnt/sda/cbj/dataset/DeepPCB-master/PCBData/group50600/50600/50600024_test.jpg,/mnt/sda/cbj/dataset/DeepPCB-master/PCBData/group50600/50600_not/50600024.txt,mousebite,501 112 537 140,/mnt/sda/cbj/dataset/DeepPCB_stage1_lowdata_s20260917/DeepPCB/test/mousebite/50600024_02_mousebite.jpg,2,373 112 409 140
50600024,/mnt/sda/cbj/dataset/DeepPCB-master/PCBData/group50600/50600/50600024_test.jpg,/mnt/sda/cbj/dataset/DeepPCB-master/PCBData/group50600/50600_not/50600024.txt,spurious_copper,359 259 402 288,/mnt/sda/cbj/dataset/DeepPCB_stage1_lowdata_s20260917/DeepPCB/test/spurious_copper/50600024_03_spurious_copper.jpg,4,235 242 278 271
50600024,/mnt/sda/cbj/dataset/DeepPCB-master/PCBData/group50600/50600/50600024_test.jpg,/mnt/sda/cbj/dataset/DeepPCB-master/PCBData/group50600/50600_not/50600024.txt,pinhole,281 82 313 108,/mnt/sda/cbj/dataset/DeepPCB_stage1_lowdata_s20260917/DeepPCB/test/pinhole/50600024_04_pinhole.jpg,5,240 82 272 108
50600024,/mnt/sda/cbj/dataset/DeepPCB-master/PCBData/group50600/50600/50600024_test.jpg,/mnt/sda/cbj/dataset/DeepPCB-master/PCBData/group50600/50600_not/50600024.txt,spur,455 269 484 306,/mnt/sda/cbj/dataset/DeepPCB_stage1_lowdata_s20260917/DeepPCB/test/spur/50600024_05_spur.jpg,3,327 238 356 275
50600028,/mnt/sda/cbj/dataset/DeepPCB-master/PCBData/group50600/50600/50600028_test.jpg,/mnt/sda/cbj/dataset/DeepPCB-master/PCBData/group50600/50600_not/50600028.txt,open,124 218 169 259,/mnt/sda/cbj/dataset/DeepPCB_stage1_lowdata_s20260917/DeepPCB/test/open/50600028_00_open.jpg,0,124 218 169 259
50600028,/mnt/sda/cbj/dataset/DeepPCB-master/PCBData/group50600/50600/50600028_test.jpg,/mnt/sda/cbj/dataset/DeepPCB-master/PCBData/group50600/50600_not/50600028.txt,short,129 140 162 174,/mnt/sda/cbj/dataset/DeepPCB_stage1_lowdata_s20260917/DeepPCB/test/short/50600028_01_short.jpg,1,129 140 162 174
50600028,/mnt/sda/cbj/dataset/DeepPCB-master/PCBData/group50600/50600/50600028_test.jpg,/mnt/sda/cbj/dataset/DeepPCB-master/PCBData/group50600/50600_not/50600028.txt,mousebite,271 126 303 162,/mnt/sda/cbj/dataset/DeepPCB_stage1_lowdata_s20260917/DeepPCB/test/mousebite/50600028_02_mousebite.jpg,2,240 126 272 162
50600028,/mnt/sda/cbj/dataset/DeepPCB-master/PCBData/group50600/50600/50600028_test.jpg,/mnt/sda/cbj/dataset/DeepPCB-master/PCBData/group50600/50600_not/50600028.txt,spurious_copper,270 202 304 229,/mnt/sda/cbj/dataset/DeepPCB_stage1_lowdata_s20260917/DeepPCB/test/spurious_copper/50600028_03_spurious_copper.jpg,4,239 202 273 229
50600028,/mnt/sda/cbj/dataset/DeepPCB-master/PCBData/group50600/50600/50600028_test.jpg,/mnt/sda/cbj/dataset/DeepPCB-master/PCBData/group50600/50600_not/50600028.txt,pinhole,173 302 207 331,/mnt/sda/cbj/dataset/DeepPCB_stage1_lowdata_s20260917/DeepPCB/test/pinhole/50600028_04_pinhole.jpg,5,173 242 207 271
50600028,/mnt/sda/cbj/dataset/DeepPCB-master/PCBData/group50600/50600/50600028_test.jpg,/mnt/sda/cbj/dataset/DeepPCB-master/PCBData/group50600/50600_not/50600028.txt,spur,300 233 330 266,/mnt/sda/cbj/dataset/DeepPCB_stage1_lowdata_s20260917/DeepPCB/test/spur/50600028_05_spur.jpg,3,241 233 271 266
50600032,/mnt/sda/cbj/dataset/DeepPCB-master/PCBData/group50600/50600/50600032_test.jpg,/mnt/sda/cbj/dataset/DeepPCB-master/PCBData/group50600/50600_not/50600032.txt,open,215 384 264 435,/mnt/sda/cbj/dataset/DeepPCB_stage1_lowdata_s20260917/DeepPCB/test/open/50600032_00_open.jpg,0,215 256 264 307
50600032,/mnt/sda/cbj/dataset/DeepPCB-master/PCBData/group50600/50600/50600032_test.jpg,/mnt/sda/cbj/dataset/DeepPCB-master/PCBData/group50600/50600_not/50600032.txt,short,332 306 371 337,/mnt/sda/cbj/dataset/DeepPCB_stage1_lowdata_s20260917/DeepPCB/test/short/50600032_01_short.jpg,1,237 241 276 272
50600032,/mnt/sda/cbj/dataset/DeepPCB-master/PCBData/group50600/50600/50600032_test.jpg,/mnt/sda/cbj/dataset/DeepPCB-master/PCBData/group50600/50600_not/50600032.txt,pinhole,266 104 291 133,/mnt/sda/cbj/dataset/DeepPCB_stage1_lowdata_s20260917/DeepPCB/test/pinhole/50600032_02_pinhole.jpg,5,244 104 269 133
50600032,/mnt/sda/cbj/dataset/DeepPCB-master/PCBData/group50600/50600/50600032_test.jpg,/mnt/sda/cbj/dataset/DeepPCB-master/PCBData/group50600/50600_not/50600032.txt,spurious_copper,345 26 386 62,/mnt/sda/cbj/dataset/DeepPCB_stage1_lowdata_s20260917/DeepPCB/test/spurious_copper/50600032_03_spurious_copper.jpg,4,236 26 277 62
50600032,/mnt/sda/cbj/dataset/DeepPCB-master/PCBData/group50600/50600/50600032_test.jpg,/mnt/sda/cbj/dataset/DeepPCB-master/PCBData/group50600/50600_not/50600032.txt,spur,131 221 160 255,/mnt/sda/cbj/dataset/DeepPCB_stage1_lowdata_s20260917/DeepPCB/test/spur/50600032_04_spur.jpg,3,131 221 160 255
50600032,/mnt/sda/cbj/dataset/DeepPCB-master/PCBData/group50600/50600/50600032_test.jpg,/mnt/sda/cbj/dataset/DeepPCB-master/PCBData/group50600/50600_not/50600032.txt,mousebite,143 477 198 506,/mnt/sda/cbj/dataset/DeepPCB_stage1_lowdata_s20260917/DeepPCB/test/mousebite/50600032_05_mousebite.jpg,2,143 349 198 378
50600049,/mnt/sda/cbj/dataset/DeepPCB-master/PCBData/group50600/50600/50600049_test.jpg,/mnt/sda/cbj/dataset/DeepPCB-master/PCBData/group50600/50600_not/50600049.txt,open,43 325 78 362,/mnt/sda/cbj/dataset/DeepPCB_stage1_lowdata_s20260917/DeepPCB/test/open/50600049_00_open.jpg,0,43 238 78 275
50600049,/mnt/sda/cbj/dataset/DeepPCB-master/PCBData/group50600/50600/50600049_test.jpg,/mnt/sda/cbj/dataset/DeepPCB-master/PCBData/group50600/50600_not/50600049.txt,short,130 139 171 179,/mnt/sda/cbj/dataset/DeepPCB_stage1_lowdata_s20260917/DeepPCB/test/short/50600049_01_short.jpg,1,130 139 171 179
50600049,/mnt/sda/cbj/dataset/DeepPCB-master/PCBData/group50600/50600/50600049_test.jpg,/mnt/sda/cbj/dataset/DeepPCB-master/PCBData/group50600/50600_not/50600049.txt,spur,213 347 254 372,/mnt/sda/cbj/dataset/DeepPCB_stage1_lowdata_s20260917/DeepPCB/test/spur/50600049_02_spur.jpg,3,213 244 254 269
50600049,/mnt/sda/cbj/dataset/DeepPCB-master/PCBData/group50600/50600/50600049_test.jpg,/mnt/sda/cbj/dataset/DeepPCB-master/PCBData/group50600/50600_not/50600049.txt,pinhole,252 248 284 279,/mnt/sda/cbj/dataset/DeepPCB_stage1_lowdata_s20260917/DeepPCB/test/pinhole/50600049_03_pinhole.jpg,5,240 241 272 272
50600049,/mnt/sda/cbj/dataset/DeepPCB-master/PCBData/group50600/50600/50600049_test.jpg,/mnt/sda/cbj/dataset/DeepPCB-master/PCBData/group50600/50600_not/50600049.txt,spurious_copper,212 438 238 467,/mnt/sda/cbj/dataset/DeepPCB_stage1_lowdata_s20260917/DeepPCB/test/spurious_copper/50600049_04_spurious_copper.jpg,4,212 310 238 339
50600049,/mnt/sda/cbj/dataset/DeepPCB-master/PCBData/group50600/50600/50600049_test.jpg,/mnt/sda/cbj/dataset/DeepPCB-master/PCBData/group50600/50600_not/50600049.txt,short,371 388 405 420,/mnt/sda/cbj/dataset/DeepPCB_stage1_lowdata_s20260917/DeepPCB/test/short/50600049_05_short.jpg,1,243 260 277 292
50600049,/mnt/sda/cbj/dataset/DeepPCB-master/PCBData/group50600/50600/50600049_test.jpg,/mnt/sda/cbj/dataset/DeepPCB-master/PCBData/group50600/50600_not/50600049.txt,mousebite,465 349 498 382,/mnt/sda/cbj/dataset/DeepPCB_stage1_lowdata_s20260917/DeepPCB/test/mousebite/50600049_06_mousebite.jpg,2,337 240 370 273
77000008,/mnt/sda/cbj/dataset/DeepPCB-master/PCBData/group77000/77000/77000008_test.jpg,/mnt/sda/cbj/dataset/DeepPCB-master/PCBData/group77000/77000_not/77000008.txt,open,65 377 131 416,/mnt/sda/cbj/dataset/DeepPCB_stage1_lowdata_s20260917/DeepPCB/test/open/77000008_00_open.jpg,0,65 249 131 288
77000008,/mnt/sda/cbj/dataset/DeepPCB-master/PCBData/group77000/77000/77000008_test.jpg,/mnt/sda/cbj/dataset/DeepPCB-master/PCBData/group77000/77000_not/77000008.txt,short,155 421 202 466,/mnt/sda/cbj/dataset/DeepPCB_stage1_lowdata_s20260917/DeepPCB/test/short/77000008_01_short.jpg,1,155 293 202 338
77000008,/mnt/sda/cbj/dataset/DeepPCB-master/PCBData/group77000/77000/77000008_test.jpg,/mnt/sda/cbj/dataset/DeepPCB-master/PCBData/group77000/77000_not/77000008.txt,mousebite,251 507 294 540,/mnt/sda/cbj/dataset/DeepPCB_stage1_lowdata_s20260917/DeepPCB/test/mousebite/77000008_02_mousebite.jpg,2,235 379 278 412
77000008,/mnt/sda/cbj/dataset/DeepPCB-master/PCBData/group77000/77000/77000008_test.jpg,/mnt/sda/cbj/dataset/DeepPCB-master/PCBData/group77000/77000_not/77000008.txt,spurious_copper,47 146 81 187,/mnt/sda/cbj/dataset/DeepPCB_stage1_lowdata_s20260917/DeepPCB/test/spurious_copper/77000008_03_spurious_copper.jpg,4,47 146 81 187
77000008,/mnt/sda/cbj/dataset/DeepPCB-master/PCBData/group77000/77000/77000008_test.jpg,/mnt/sda/cbj/dataset/DeepPCB-master/PCBData/group77000/77000_not/77000008.txt,pinhole,313 259 355 289,/mnt/sda/cbj/dataset/DeepPCB_stage1_lowdata_s20260917/DeepPCB/test/pinhole/77000008_04_pinhole.jpg,5,235 241 277 271
77000008,/mnt/sda/cbj/dataset/DeepPCB-master/PCBData/group77000/77000/77000008_test.jpg,/mnt/sda/cbj/dataset/DeepPCB-master/PCBData/group77000/77000_not/77000008.txt,spur,200 482 232 509,/mnt/sda/cbj/dataset/DeepPCB_stage1_lowdata_s20260917/DeepPCB/test/spur/77000008_05_spur.jpg,3,200 354 232 381
77000008,/mnt/sda/cbj/dataset/DeepPCB-master/PCBData/group77000/77000/77000008_test.jpg,/mnt/sda/cbj/dataset/DeepPCB-master/PCBData/group77000/77000_not/77000008.txt,pinhole,473 412 527 480,/mnt/sda/cbj/dataset/DeepPCB_stage1_lowdata_s20260917/DeepPCB/test/pinhole/77000008_06_pinhole.jpg,5,345 284 399 352
77000019,/mnt/sda/cbj/dataset/DeepPCB-master/PCBData/group77000/77000/77000019_test.jpg,/mnt/sda/cbj/dataset/DeepPCB-master/PCBData/group77000/77000_not/77000019.txt,open,333 108 379 211,/mnt/sda/cbj/dataset/DeepPCB_stage1_lowdata_s20260917/DeepPCB/test/open/77000019_00_open.jpg,0,233 108 279 211
77000019,/mnt/sda/cbj/dataset/DeepPCB-master/PCBData/group77000/77000/77000019_test.jpg,/mnt/sda/cbj/dataset/DeepPCB-master/PCBData/group77000/77000_not/77000019.txt,mousebite,116 55 156 110,/mnt/sda/cbj/dataset/DeepPCB_stage1_lowdata_s20260917/DeepPCB/test/mousebite/77000019_01_mousebite.jpg,2,116 55 156 110
77000019,/mnt/sda/cbj/dataset/DeepPCB-master/PCBData/group77000/77000/77000019_test.jpg,/mnt/sda/cbj/dataset/DeepPCB-master/PCBData/group77000/77000_not/77000019.txt,pinhole,148 442 203 525,/mnt/sda/cbj/dataset/DeepPCB_stage1_lowdata_s20260917/DeepPCB/test/pinhole/77000019_02_pinhole.jpg,5,148 314 203 397
77000019,/mnt/sda/cbj/dataset/DeepPCB-master/PCBData/group77000/77000/77000019_test.jpg,/mnt/sda/cbj/dataset/DeepPCB-master/PCBData/group77000/77000_not/77000019.txt,spurious_copper,28 550 60 589,/mnt/sda/cbj/dataset/DeepPCB_stage1_lowdata_s20260917/DeepPCB/test/spurious_copper/77000019_03_spurious_copper.jpg,4,28 422 60 461
77000019,/mnt/sda/cbj/dataset/DeepPCB-master/PCBData/group77000/77000/77000019_test.jpg,/mnt/sda/cbj/dataset/DeepPCB-master/PCBData/group77000/77000_not/77000019.txt,spur,186 99 245 135,/mnt/sda/cbj/dataset/DeepPCB_stage1_lowdata_s20260917/DeepPCB/test/spur/77000019_04_spur.jpg,3,186 99 245 135
77000019,/mnt/sda/cbj/dataset/DeepPCB-master/PCBData/group77000/77000/77000019_test.jpg,/mnt/sda/cbj/dataset/DeepPCB-master/PCBData/group77000/77000_not/77000019.txt,short,467 89 501 139,/mnt/sda/cbj/dataset/DeepPCB_stage1_lowdata_s20260917/DeepPCB/test/short/77000019_05_short.jpg,1,339 89 373 139
77000020,/mnt/sda/cbj/dataset/DeepPCB-master/PCBData/group77000/77000/77000020_test.jpg,/mnt/sda/cbj/dataset/DeepPCB-master/PCBData/group77000/77000_not/77000020.txt,mousebite,329 156 376 186,/mnt/sda/cbj/dataset/DeepPCB_stage1_lowdata_s20260917/DeepPCB/test/mousebite/77000020_00_mousebite.jpg,2,233 156 280 186
77000020,/mnt/sda/cbj/dataset/DeepPCB-master/PCBData/group77000/77000/77000020_test.jpg,/mnt/sda/cbj/dataset/DeepPCB-master/PCBData/group77000/77000_not/77000020.txt,spurious_copper,126 349 188 399,/mnt/sda/cbj/dataset/DeepPCB_stage1_lowdata_s20260917/DeepPCB/test/spurious_copper/77000020_01_spurious_copper.jpg,4,126 231 188 281
77000020,/mnt/sda/cbj/dataset/DeepPCB-master/PCBData/group77000/77000/77000020_test.jpg,/mnt/sda/cbj/dataset/DeepPCB-master/PCBData/group77000/77000_not/77000020.txt,pinhole,488 274 525 318,/mnt/sda/cbj/dataset/DeepPCB_stage1_lowdata_s20260917/DeepPCB/test/pinhole/77000020_02_pinhole.jpg,5,360 234 397 278
77000020,/mnt/sda/cbj/dataset/DeepPCB-master/PCBData/group77000/77000/77000020_test.jpg,/mnt/sda/cbj/dataset/DeepPCB-master/PCBData/group77000/77000_not/77000020.txt,spur,170 124 208 164,/mnt/sda/cbj/dataset/DeepPCB_stage1_lowdata_s20260917/DeepPCB/test/spur/77000020_03_spur.jpg,3,170 124 208 164
77000020,/mnt/sda/cbj/dataset/DeepPCB-master/PCBData/group77000/77000/77000020_test.jpg,/mnt/sda/cbj/dataset/DeepPCB-master/PCBData/group77000/77000_not/77000020.txt,short,412 46 441 100,/mnt/sda/cbj/dataset/DeepPCB_stage1_lowdata_s20260917/DeepPCB/test/short/77000020_04_short.jpg,1,284 46 313 100
77000020,/mnt/sda/cbj/dataset/DeepPCB-master/PCBData/group77000/77000/77000020_test.jpg,/mnt/sda/cbj/dataset/DeepPCB-master/PCBData/group77000/77000_not/77000020.txt,open,281 203 327 283,/mnt/sda/cbj/dataset/DeepPCB_stage1_lowdata_s20260917/DeepPCB/test/open/77000020_05_open.jpg,0,233 203 279 283
77000044,/mnt/sda/cbj/dataset/DeepPCB-master/PCBData/group77000/77000/77000044_test.jpg,/mnt/sda/cbj/dataset/DeepPCB-master/PCBData/group77000/77000_not/77000044.txt,open,62 23 120 52,/mnt/sda/cbj/dataset/DeepPCB_stage1_lowdata_s20260917/DeepPCB/test/open/77000044_00_open.jpg,0,62 23 120 52
77000044,/mnt/sda/cbj/dataset/DeepPCB-master/PCBData/group77000/77000/77000044_test.jpg,/mnt/sda/cbj/dataset/DeepPCB-master/PCBData/group77000/77000_not/77000044.txt,short,175 165 224 195,/mnt/sda/cbj/dataset/DeepPCB_stage1_lowdata_s20260917/DeepPCB/test/short/77000044_01_short.jpg,1,175 165 224 195
77000044,/mnt/sda/cbj/dataset/DeepPCB-master/PCBData/group77000/77000/77000044_test.jpg,/mnt/sda/cbj/dataset/DeepPCB-master/PCBData/group77000/77000_not/77000044.txt,mousebite,165 201 202 228,/mnt/sda/cbj/dataset/DeepPCB_stage1_lowdata_s20260917/DeepPCB/test/mousebite/77000044_02_mousebite.jpg,2,165 201 202 228
77000044,/mnt/sda/cbj/dataset/DeepPCB-master/PCBData/group77000/77000/77000044_test.jpg,/mnt/sda/cbj/dataset/DeepPCB-master/PCBData/group77000/77000_not/77000044.txt,spur,175 310 211 341,/mnt/sda/cbj/dataset/DeepPCB_stage1_lowdata_s20260917/DeepPCB/test/spur/77000044_03_spur.jpg,3,175 241 211 272
77000044,/mnt/sda/cbj/dataset/DeepPCB-master/PCBData/group77000/77000/77000044_test.jpg,/mnt/sda/cbj/dataset/DeepPCB-master/PCBData/group77000/77000_not/77000044.txt,spurious_copper,557 546 593 582,/mnt/sda/cbj/dataset/DeepPCB_stage1_lowdata_s20260917/DeepPCB/test/spurious_copper/77000044_04_spurious_copper.jpg,4,429 418 465 454
77000044,/mnt/sda/cbj/dataset/DeepPCB-master/PCBData/group77000/77000/77000044_test.jpg,/mnt/sda/cbj/dataset/DeepPCB-master/PCBData/group77000/77000_not/77000044.txt,pinhole,386 153 437 186,/mnt/sda/cbj/dataset/DeepPCB_stage1_lowdata_s20260917/DeepPCB/test/pinhole/77000044_05_pinhole.jpg,5,258 153 309 186
77000076,/mnt/sda/cbj/dataset/DeepPCB-master/PCBData/group77000/77000/77000076_test.jpg,/mnt/sda/cbj/dataset/DeepPCB-master/PCBData/group77000/77000_not/77000076.txt,open,565 374 625 402,/mnt/sda/cbj/dataset/DeepPCB_stage1_lowdata_s20260917/DeepPCB/test/open/77000076_00_open.jpg,0,437 246 497 274
77000076,/mnt/sda/cbj/dataset/DeepPCB-master/PCBData/group77000/77000/77000076_test.jpg,/mnt/sda/cbj/dataset/DeepPCB-master/PCBData/group77000/77000_not/77000076.txt,short,461 446 516 485,/mnt/sda/cbj/dataset/DeepPCB_stage1_lowdata_s20260917/DeepPCB/test/short/77000076_01_short.jpg,1,333 318 388 357
77000076,/mnt/sda/cbj/dataset/DeepPCB-master/PCBData/group77000/77000/77000076_test.jpg,/mnt/sda/cbj/dataset/DeepPCB-master/PCBData/group77000/77000_not/77000076.txt,mousebite,515 107 550 138,/mnt/sda/cbj/dataset/DeepPCB_stage1_lowdata_s20260917/DeepPCB/test/mousebite/77000076_02_mousebite.jpg,2,387 107 422 138
77000076,/mnt/sda/cbj/dataset/DeepPCB-master/PCBData/group77000/77000/77000076_test.jpg,/mnt/sda/cbj/dataset/DeepPCB-master/PCBData/group77000/77000_not/77000076.txt,spur,62 222 96 252,/mnt/sda/cbj/dataset/DeepPCB_stage1_lowdata_s20260917/DeepPCB/test/spur/77000076_03_spur.jpg,3,62 222 96 252
77000076,/mnt/sda/cbj/dataset/DeepPCB-master/PCBData/group77000/77000/77000076_test.jpg,/mnt/sda/cbj/dataset/DeepPCB-master/PCBData/group77000/77000_not/77000076.txt,spurious_copper,188 309 244 364,/mnt/sda/cbj/dataset/DeepPCB_stage1_lowdata_s20260917/DeepPCB/test/spurious_copper/77000076_04_spurious_copper.jpg,4,188 229 244 284
77000076,/mnt/sda/cbj/dataset/DeepPCB-master/PCBData/group77000/77000/77000076_test.jpg,/mnt/sda/cbj/dataset/DeepPCB-master/PCBData/group77000/77000_not/77000076.txt,pinhole,294 198 344 258,/mnt/sda/cbj/dataset/DeepPCB_stage1_lowdata_s20260917/DeepPCB/test/pinhole/77000076_05_pinhole.jpg,5,231 198 281 258
77000081,/mnt/sda/cbj/dataset/DeepPCB-master/PCBData/group77000/77000/77000081_test.jpg,/mnt/sda/cbj/dataset/DeepPCB-master/PCBData/group77000/77000_not/77000081.txt,mousebite,176 399 212 432,/mnt/sda/cbj/dataset/DeepPCB_stage1_lowdata_s20260917/DeepPCB/test/mousebite/77000081_00_mousebite.jpg,2,176 271 212 304
77000081,/mnt/sda/cbj/dataset/DeepPCB-master/PCBData/group77000/77000/77000081_test.jpg,/mnt/sda/cbj/dataset/DeepPCB-master/PCBData/group77000/77000_not/77000081.txt,spur,278 256 310 291,/mnt/sda/cbj/dataset/DeepPCB_stage1_lowdata_s20260917/DeepPCB/test/spur/77000081_01_spur.jpg,3,240 239 272 274
77000081,/mnt/sda/cbj/dataset/DeepPCB-master/PCBData/group77000/77000/77000081_test.jpg,/mnt/sda/cbj/dataset/DeepPCB-master/PCBData/group77000/77000_not/77000081.txt,spurious_copper,113 315 140 352,/mnt/sda/cbj/dataset/DeepPCB_stage1_lowdata_s20260917/DeepPCB/test/spurious_copper/77000081_02_spurious_copper.jpg,4,113 238 140 275
77000081,/mnt/sda/cbj/dataset/DeepPCB-master/PCBData/group77000/77000/77000081_test.jpg,/mnt/sda/cbj/dataset/DeepPCB-master/PCBData/group77000/77000_not/77000081.txt,pinhole,199 125 233 155,/mnt/sda/cbj/dataset/DeepPCB_stage1_lowdata_s20260917/DeepPCB/test/pinhole/77000081_03_pinhole.jpg,5,199 125 233 155
77000081,/mnt/sda/cbj/dataset/DeepPCB-master/PCBData/group77000/77000/77000081_test.jpg,/mnt/sda/cbj/dataset/DeepPCB-master/PCBData/group77000/77000_not/77000081.txt,open,235 211 272 244,/mnt/sda/cbj/dataset/DeepPCB_stage1_lowdata_s20260917/DeepPCB/test/open/77000081_04_open.jpg,0,235 211 272 244
77000081,/mnt/sda/cbj/dataset/DeepPCB-master/PCBData/group77000/77000/77000081_test.jpg,/mnt/sda/cbj/dataset/DeepPCB-master/PCBData/group77000/77000_not/77000081.txt,short,223 123 284 149,/mnt/sda/cbj/dataset/DeepPCB_stage1_lowdata_s20260917/DeepPCB/test/short/77000081_05_short.jpg,1,223 123 284 149
77000082,/mnt/sda/cbj/dataset/DeepPCB-master/PCBData/group77000/77000/77000082_test.jpg,/mnt/sda/cbj/dataset/DeepPCB-master/PCBData/group77000/77000_not/77000082.txt,open,278 533 315 564,/mnt/sda/cbj/dataset/DeepPCB_stage1_lowdata_s20260917/DeepPCB/test/open/77000082_00_open.jpg,0,238 405 275 436
77000082,/mnt/sda/cbj/dataset/DeepPCB-master/PCBData/group77000/77000/77000082_test.jpg,/mnt/sda/cbj/dataset/DeepPCB-master/PCBData/group77000/77000_not/77000082.txt,mousebite,341 386 378 423,/mnt/sda/cbj/dataset/DeepPCB_stage1_lowdata_s20260917/DeepPCB/test/mousebite/77000082_01_mousebite.jpg,2,238 258 275 295
77000082,/mnt/sda/cbj/dataset/DeepPCB-master/PCBData/group77000/77000/77000082_test.jpg,/mnt/sda/cbj/dataset/DeepPCB-master/PCBData/group77000/77000_not/77000082.txt,spurious_copper,434 39 487 79,/mnt/sda/cbj/dataset/DeepPCB_stage1_lowdata_s20260917/DeepPCB/test/spurious_copper/77000082_02_spurious_copper.jpg,4,306 39 359 79
77000082,/mnt/sda/cbj/dataset/DeepPCB-master/PCBData/group77000/77000/77000082_test.jpg,/mnt/sda/cbj/dataset/DeepPCB-master/PCBData/group77000/77000_not/77000082.txt,pinhole,93 258 136 307,/mnt/sda/cbj/dataset/DeepPCB_stage1_lowdata_s20260917/DeepPCB/test/pinhole/77000082_03_pinhole.jpg,5,93 232 136 281
77000082,/mnt/sda/cbj/dataset/DeepPCB-master/PCBData/group77000/77000/77000082_test.jpg,/mnt/sda/cbj/dataset/DeepPCB-master/PCBData/group77000/77000_not/77000082.txt,mousebite,335 283 372 309,/mnt/sda/cbj/dataset/DeepPCB_stage1_lowdata_s20260917/DeepPCB/test/mousebite/77000082_04_mousebite.jpg,2,238 243 275 269
77000082,/mnt/sda/cbj/dataset/DeepPCB-master/PCBData/group77000/77000/77000082_test.jpg,/mnt/sda/cbj/dataset/DeepPCB-master/PCBData/group77000/77000_not/77000082.txt,short,159 161 206 194,/mnt/sda/cbj/dataset/DeepPCB_stage1_lowdata_s20260917/DeepPCB/test/short/77000082_05_short.jpg,1,159 161 206 194
77000082,/mnt/sda/cbj/dataset/DeepPCB-master/PCBData/group77000/77000/77000082_test.jpg,/mnt/sda/cbj/dataset/DeepPCB-master/PCBData/group77000/77000_not/77000082.txt,spur,155 105 191 136,/mnt/sda/cbj/dataset/DeepPCB_stage1_lowdata_s20260917/DeepPCB/test/spur/77000082_06_spur.jpg,3,155 105 191 136
77000083,/mnt/sda/cbj/dataset/DeepPCB-master/PCBData/group77000/77000/77000083_test.jpg,/mnt/sda/cbj/dataset/DeepPCB-master/PCBData/group77000/77000_not/77000083.txt,open,164 190 230 219,/mnt/sda/cbj/dataset/DeepPCB_stage1_lowdata_s20260917/DeepPCB/test/open/77000083_00_open.jpg,0,164 190 230 219
77000083,/mnt/sda/cbj/dataset/DeepPCB-master/PCBData/group77000/77000/77000083_test.jpg,/mnt/sda/cbj/dataset/DeepPCB-master/PCBData/group77000/77000_not/77000083.txt,mousebite,294 135 330 164,/mnt/sda/cbj/dataset/DeepPCB_stage1_lowdata_s20260917/DeepPCB/test/mousebite/77000083_01_mousebite.jpg,2,238 135 274 164
77000083,/mnt/sda/cbj/dataset/DeepPCB-master/PCBData/group77000/77000/77000083_test.jpg,/mnt/sda/cbj/dataset/DeepPCB-master/PCBData/group77000/77000_not/77000083.txt,spurious_copper,196 498 245 533,/mnt/sda/cbj/dataset/DeepPCB_stage1_lowdata_s20260917/DeepPCB/test/spurious_copper/77000083_02_spurious_copper.jpg,4,196 370 245 405
77000083,/mnt/sda/cbj/dataset/DeepPCB-master/PCBData/group77000/77000/77000083_test.jpg,/mnt/sda/cbj/dataset/DeepPCB-master/PCBData/group77000/77000_not/77000083.txt,pinhole,304 413 354 445,/mnt/sda/cbj/dataset/DeepPCB_stage1_lowdata_s20260917/DeepPCB/test/pinhole/77000083_03_pinhole.jpg,5,231 285 281 317
77000083,/mnt/sda/cbj/dataset/DeepPCB-master/PCBData/group77000/77000/77000083_test.jpg,/mnt/sda/cbj/dataset/DeepPCB-master/PCBData/group77000/77000_not/77000083.txt,short,40 116 73 162,/mnt/sda/cbj/dataset/DeepPCB_stage1_lowdata_s20260917/DeepPCB/test/short/77000083_04_short.jpg,1,40 116 73 162
77000083,/mnt/sda/cbj/dataset/DeepPCB-master/PCBData/group77000/77000/77000083_test.jpg,/mnt/sda/cbj/dataset/DeepPCB-master/PCBData/group77000/77000_not/77000083.txt,spur,100 194 135 226,/mnt/sda/cbj/dataset/DeepPCB_stage1_lowdata_s20260917/DeepPCB/test/spur/77000083_05_spur.jpg,3,100 194 135 226
77000095,/mnt/sda/cbj/dataset/DeepPCB-master/PCBData/group77000/77000/77000095_test.jpg,/mnt/sda/cbj/dataset/DeepPCB-master/PCBData/group77000/77000_not/77000095.txt,open,236 136 277 167,/mnt/sda/cbj/dataset/DeepPCB_stage1_lowdata_s20260917/DeepPCB/test/open/77000095_00_open.jpg,0,236 136 277 167
77000095,/mnt/sda/cbj/dataset/DeepPCB-master/PCBData/group77000/77000/77000095_test.jpg,/mnt/sda/cbj/dataset/DeepPCB-master/PCBData/group77000/77000_not/77000095.txt,short,98 189 148 225,/mnt/sda/cbj/dataset/DeepPCB_stage1_lowdata_s20260917/DeepPCB/test/short/77000095_01_short.jpg,1,98 189 148 225
77000095,/mnt/sda/cbj/dataset/DeepPCB-master/PCBData/group77000/77000/77000095_test.jpg,/mnt/sda/cbj/dataset/DeepPCB-master/PCBData/group77000/77000_not/77000095.txt,mousebite,151 276 190 305,/mnt/sda/cbj/dataset/DeepPCB_stage1_lowdata_s20260917/DeepPCB/test/mousebite/77000095_02_mousebite.jpg,2,151 242 190 271
77000095,/mnt/sda/cbj/dataset/DeepPCB-master/PCBData/group77000/77000/77000095_test.jpg,/mnt/sda/cbj/dataset/DeepPCB-master/PCBData/group77000/77000_not/77000095.txt,spur,422 134 454 169,/mnt/sda/cbj/dataset/DeepPCB_stage1_lowdata_s20260917/DeepPCB/test/spur/77000095_03_spur.jpg,3,294 134 326 169
77000095,/mnt/sda/cbj/dataset/DeepPCB-master/PCBData/group77000/77000/77000095_test.jpg,/mnt/sda/cbj/dataset/DeepPCB-master/PCBData/group77000/77000_not/77000095.txt,pinhole,436 376 473 422,/mnt/sda/cbj/dataset/DeepPCB_stage1_lowdata_s20260917/DeepPCB/test/pinhole/77000095_04_pinhole.jpg,5,308 248 345 294
77000095,/mnt/sda/cbj/dataset/DeepPCB-master/PCBData/group77000/77000/77000095_test.jpg,/mnt/sda/cbj/dataset/DeepPCB-master/PCBData/group77000/77000_not/77000095.txt,spurious_copper,355 66 391 107,/mnt/sda/cbj/dataset/DeepPCB_stage1_lowdata_s20260917/DeepPCB/test/spurious_copper/77000095_05_spurious_copper.jpg,4,238 66 274 107
92000006,/mnt/sda/cbj/dataset/DeepPCB-master/PCBData/group92000/92000/92000006_test.jpg,/mnt/sda/cbj/dataset/DeepPCB-master/PCBData/group92000/92000_not/92000006.txt,open,276 401 394 441,/mnt/sda/cbj/dataset/DeepPCB_stage1_lowdata_s20260917/DeepPCB/test/open/92000006_00_open.jpg,0,197 273 315 313
92000006,/mnt/sda/cbj/dataset/DeepPCB-master/PCBData/group92000/92000/92000006_test.jpg,/mnt/sda/cbj/dataset/DeepPCB-master/PCBData/group92000/92000_not/92000006.txt,mousebite,156 317 202 346,/mnt/sda/cbj/dataset/DeepPCB_stage1_lowdata_s20260917/DeepPCB/test/mousebite/92000006_01_mousebite.jpg,2,156 242 202 271
92000006,/mnt/sda/cbj/dataset/DeepPCB-master/PCBData/group92000/92000/92000006_test.jpg,/mnt/sda/cbj/dataset/DeepPCB-master/PCBData/group92000/92000_not/92000006.txt,spurious_copper,392 280 426 316,/mnt/sda/cbj/dataset/DeepPCB_stage1_lowdata_s20260917/DeepPCB/test/spurious_copper/92000006_02_spurious_copper.jpg,4,264 238 298 274
92000006,/mnt/sda/cbj/dataset/DeepPCB-master/PCBData/group92000/92000/92000006_test.jpg,/mnt/sda/cbj/dataset/DeepPCB-master/PCBData/group92000/92000_not/92000006.txt,pinhole,317 243 351 288,/mnt/sda/cbj/dataset/DeepPCB_stage1_lowdata_s20260917/DeepPCB/test/pinhole/92000006_03_pinhole.jpg,5,239 234 273 279
92000006,/mnt/sda/cbj/dataset/DeepPCB-master/PCBData/group92000/92000/92000006_test.jpg,/mnt/sda/cbj/dataset/DeepPCB-master/PCBData/group92000/92000_not/92000006.txt,spur,204 150 244 190,/mnt/sda/cbj/dataset/DeepPCB_stage1_lowdata_s20260917/DeepPCB/test/spur/92000006_04_spur.jpg,3,204 150 244 190
92000006,/mnt/sda/cbj/dataset/DeepPCB-master/PCBData/group92000/92000/92000006_test.jpg,/mnt/sda/cbj/dataset/DeepPCB-master/PCBData/group92000/92000_not/92000006.txt,short,368 506 460 551,/mnt/sda/cbj/dataset/DeepPCB_stage1_lowdata_s20260917/DeepPCB/test/short/92000006_05_short.jpg,1,240 378 332 423
92000008,/mnt/sda/cbj/dataset/DeepPCB-master/PCBData/group92000/92000/92000008_test.jpg,/mnt/sda/cbj/dataset/DeepPCB-master/PCBData/group92000/92000_not/92000008.txt,open,157 400 235 437,/mnt/sda/cbj/dataset/DeepPCB_stage1_lowdata_s20260917/DeepPCB/test/open/92000008_00_open.jpg,0,157 272 235 309
92000008,/mnt/sda/cbj/dataset/DeepPCB-master/PCBData/group92000/92000/92000008_test.jpg,/mnt/sda/cbj/dataset/DeepPCB-master/PCBData/group92000/92000_not/92000008.txt,short,204 294 302 328,/mnt/sda/cbj/dataset/DeepPCB_stage1_lowdata_s20260917/DeepPCB/test/short/92000008_01_short.jpg,1,204 239 302 273
92000008,/mnt/sda/cbj/dataset/DeepPCB-master/PCBData/group92000/92000/92000008_test.jpg,/mnt/sda/cbj/dataset/DeepPCB-master/PCBData/group92000/92000_not/92000008.txt,mousebite,358 291 393 330,/mnt/sda/cbj/dataset/DeepPCB_stage1_lowdata_s20260917/DeepPCB/test/mousebite/92000008_02_mousebite.jpg,2,239 237 274 276
92000008,/mnt/sda/cbj/dataset/DeepPCB-master/PCBData/group92000/92000/92000008_test.jpg,/mnt/sda/cbj/dataset/DeepPCB-master/PCBData/group92000/92000_not/92000008.txt,spur,295 167 337 207,/mnt/sda/cbj/dataset/DeepPCB_stage1_lowdata_s20260917/DeepPCB/test/spur/92000008_03_spur.jpg,3,235 167 277 207
92000008,/mnt/sda/cbj/dataset/DeepPCB-master/PCBData/group92000/92000/92000008_test.jpg,/mnt/sda/cbj/dataset/DeepPCB-master/PCBData/group92000/92000_not/92000008.txt,pinhole,309 417 354 459,/mnt/sda/cbj/dataset/DeepPCB_stage1_lowdata_s20260917/DeepPCB/test/pinhole/92000008_04_pinhole.jpg,5,234 289 279 331
92000008,/mnt/sda/cbj/dataset/DeepPCB-master/PCBData/group92000/92000/92000008_test.jpg,/mnt/sda/cbj/dataset/DeepPCB-master/PCBData/group92000/92000_not/92000008.txt,spurious_copper,398 362 440 414,/mnt/sda/cbj/dataset/DeepPCB_stage1_lowdata_s20260917/DeepPCB/test/spurious_copper/92000008_05_spurious_copper.jpg,4,270 234 312 286
92000044,/mnt/sda/cbj/dataset/DeepPCB-master/PCBData/group92000/92000/92000044_test.jpg,/mnt/sda/cbj/dataset/DeepPCB-master/PCBData/group92000/92000_not/92000044.txt,open,209 403 289 460,/mnt/sda/cbj/dataset/DeepPCB_stage1_lowdata_s20260917/DeepPCB/test/open/92000044_00_open.jpg,0,209 275 289 332
92000044,/mnt/sda/cbj/dataset/DeepPCB-master/PCBData/group92000/92000/92000044_test.jpg,/mnt/sda/cbj/dataset/DeepPCB-master/PCBData/group92000/92000_not/92000044.txt,short,257 253 342 290,/mnt/sda/cbj/dataset/DeepPCB_stage1_lowdata_s20260917/DeepPCB/test/short/92000044_01_short.jpg,1,214 238 299 275
92000044,/mnt/sda/cbj/dataset/DeepPCB-master/PCBData/group92000/92000/92000044_test.jpg,/mnt/sda/cbj/dataset/DeepPCB-master/PCBData/group92000/92000_not/92000044.txt,mousebite,350 181 396 211,/mnt/sda/cbj/dataset/DeepPCB_stage1_lowdata_s20260917/DeepPCB/test/mousebite/92000044_02_mousebite.jpg,2,233 181 279 211
92000044,/mnt/sda/cbj/dataset/DeepPCB-master/PCBData/group92000/92000/92000044_test.jpg,/mnt/sda/cbj/dataset/DeepPCB-master/PCBData/group92000/92000_not/92000044.txt,pinhole,446 204 483 241,/mnt/sda/cbj/dataset/DeepPCB_stage1_lowdata_s20260917/DeepPCB/test/pinhole/92000044_03_pinhole.jpg,5,318 204 355 241
92000044,/mnt/sda/cbj/dataset/DeepPCB-master/PCBData/group92000/92000/92000044_test.jpg,/mnt/sda/cbj/dataset/DeepPCB-master/PCBData/group92000/92000_not/92000044.txt,spurious_copper,308 156 341 193,/mnt/sda/cbj/dataset/DeepPCB_stage1_lowdata_s20260917/DeepPCB/test/spurious_copper/92000044_04_spurious_copper.jpg,4,240 156 273 193
92000044,/mnt/sda/cbj/dataset/DeepPCB-master/PCBData/group92000/92000/92000044_test.jpg,/mnt/sda/cbj/dataset/DeepPCB-master/PCBData/group92000/92000_not/92000044.txt,spur,356 341 394 381,/mnt/sda/cbj/dataset/DeepPCB_stage1_lowdata_s20260917/DeepPCB/test/spur/92000044_05_spur.jpg,3,237 236 275 276
92000060,/mnt/sda/cbj/dataset/DeepPCB-master/PCBData/group92000/92000/92000060_test.jpg,/mnt/sda/cbj/dataset/DeepPCB-master/PCBData/group92000/92000_not/92000060.txt,open,236 481 363 508,/mnt/sda/cbj/dataset/DeepPCB_stage1_lowdata_s20260917/DeepPCB/test/open/92000060_00_open.jpg,0,193 353 320 380
92000060,/mnt/sda/cbj/dataset/DeepPCB-master/PCBData/group92000/92000/92000060_test.jpg,/mnt/sda/cbj/dataset/DeepPCB-master/PCBData/group92000/92000_not/92000060.txt,short,172 378 261 412,/mnt/sda/cbj/dataset/DeepPCB_stage1_lowdata_s20260917/DeepPCB/test/short/92000060_01_short.jpg,1,172 250 261 284
92000060,/mnt/sda/cbj/dataset/DeepPCB-master/PCBData/group92000/92000/92000060_test.jpg,/mnt/sda/cbj/dataset/DeepPCB-master/PCBData/group92000/92000_not/92000060.txt,mousebite,145 249 198 286,/mnt/sda/cbj/dataset/DeepPCB_stage1_lowdata_s20260917/DeepPCB/test/mousebite/92000060_02_mousebite.jpg,2,145 238 198 275
92000060,/mnt/sda/cbj/dataset/DeepPCB-master/PCBData/group92000/92000/92000060_test.jpg,/mnt/sda/cbj/dataset/DeepPCB-master/PCBData/group92000/92000_not/92000060.txt,spur,119 174 152 215,/mnt/sda/cbj/dataset/DeepPCB_stage1_lowdata_s20260917/DeepPCB/test/spur/92000060_03_spur.jpg,3,119 174 152 215
92000060,/mnt/sda/cbj/dataset/DeepPCB-master/PCBData/group92000/92000/92000060_test.jpg,/mnt/sda/cbj/dataset/DeepPCB-master/PCBData/group92000/92000_not/92000060.txt,pinhole,331 289 372 339,/mnt/sda/cbj/dataset/DeepPCB_stage1_lowdata_s20260917/DeepPCB/test/pinhole/92000060_04_pinhole.jpg,5,236 231 277 281
92000060,/mnt/sda/cbj/dataset/DeepPCB-master/PCBData/group92000/92000/92000060_test.jpg,/mnt/sda/cbj/dataset/DeepPCB-master/PCBData/group92000/92000_not/92000060.txt,spurious_copper,264 194 310 235,/mnt/sda/cbj/dataset/DeepPCB_stage1_lowdata_s20260917/DeepPCB/test/spurious_copper/92000060_05_spurious_copper.jpg,4,233 194 279 235
92000073,/mnt/sda/cbj/dataset/DeepPCB-master/PCBData/group92000/92000/92000073_test.jpg,/mnt/sda/cbj/dataset/DeepPCB-master/PCBData/group92000/92000_not/92000073.txt,open,164 392 240 426,/mnt/sda/cbj/dataset/DeepPCB_stage1_lowdata_s20260917/DeepPCB/test/open/92000073_00_open.jpg,0,164 264 240 298
92000073,/mnt/sda/cbj/dataset/DeepPCB-master/PCBData/group92000/92000/92000073_test.jpg,/mnt/sda/cbj/dataset/DeepPCB-master/PCBData/group92000/92000_not/92000073.txt,short,143 191 198 227,/mnt/sda/cbj/dataset/DeepPCB_stage1_lowdata_s20260917/DeepPCB/test/short/92000073_01_short.jpg,1,143 191 198 227
92000073,/mnt/sda/cbj/dataset/DeepPCB-master/PCBData/group92000/92000/92000073_test.jpg,/mnt/sda/cbj/dataset/DeepPCB-master/PCBData/group92000/92000_not/92000073.txt,mousebite,204 115 243 143,/mnt/sda/cbj/dataset/DeepPCB_stage1_lowdata_s20260917/DeepPCB/test/mousebite/92000073_02_mousebite.jpg,2,204 115 243 143
92000073,/mnt/sda/cbj/dataset/DeepPCB-master/PCBData/group92000/92000/92000073_test.jpg,/mnt/sda/cbj/dataset/DeepPCB-master/PCBData/group92000/92000_not/92000073.txt,spur,249 292 295 328,/mnt/sda/cbj/dataset/DeepPCB_stage1_lowdata_s20260917/DeepPCB/test/spur/92000073_03_spur.jpg,3,233 238 279 274
92000073,/mnt/sda/cbj/dataset/DeepPCB-master/PCBData/group92000/92000/92000073_test.jpg,/mnt/sda/cbj/dataset/DeepPCB-master/PCBData/group92000/92000_not/92000073.txt,pinhole,409 476 446 523,/mnt/sda/cbj/dataset/DeepPCB_stage1_lowdata_s20260917/DeepPCB/test/pinhole/92000073_04_pinhole.jpg,5,281 348 318 395
92000073,/mnt/sda/cbj/dataset/DeepPCB-master/PCBData/group92000/92000/92000073_test.jpg,/mnt/sda/cbj/dataset/DeepPCB-master/PCBData/group92000/92000_not/92000073.txt,spurious_copper,340 437 374 480,/mnt/sda/cbj/dataset/DeepPCB_stage1_lowdata_s20260917/DeepPCB/test/spurious_copper/92000073_05_spurious_copper.jpg,4,239 309 273 352
92000077,/mnt/sda/cbj/dataset/DeepPCB-master/PCBData/group92000/92000/92000077_test.jpg,/mnt/sda/cbj/dataset/DeepPCB-master/PCBData/group92000/92000_not/92000077.txt,open,154 428 239 484,/mnt/sda/cbj/dataset/DeepPCB_stage1_lowdata_s20260917/DeepPCB/test/open/92000077_00_open.jpg,0,154 300 239 356
92000077,/mnt/sda/cbj/dataset/DeepPCB-master/PCBData/group92000/92000/92000077_test.jpg,/mnt/sda/cbj/dataset/DeepPCB-master/PCBData/group92000/92000_not/92000077.txt,short,142 196 188 231,/mnt/sda/cbj/dataset/DeepPCB_stage1_lowdata_s20260917/DeepPCB/test/short/92000077_01_short.jpg,1,142 196 188 231
92000077,/mnt/sda/cbj/dataset/DeepPCB-master/PCBData/group92000/92000/92000077_test.jpg,/mnt/sda/cbj/dataset/DeepPCB-master/PCBData/group92000/92000_not/92000077.txt,mousebite,203 287 240 319,/mnt/sda/cbj/dataset/DeepPCB_stage1_lowdata_s20260917/DeepPCB/test/mousebite/92000077_02_mousebite.jpg,2,203 240 240 272
92000077,/mnt/sda/cbj/dataset/DeepPCB-master/PCBData/group92000/92000/92000077_test.jpg,/mnt/sda/cbj/dataset/DeepPCB-master/PCBData/group92000/92000_not/92000077.txt,spur,369 394 403 423,/mnt/sda/cbj/dataset/DeepPCB_stage1_lowdata_s20260917/DeepPCB/test/spur/92000077_03_spur.jpg,3,241 266 275 295
92000077,/mnt/sda/cbj/dataset/DeepPCB-master/PCBData/group92000/92000/92000077_test.jpg,/mnt/sda/cbj/dataset/DeepPCB-master/PCBData/group92000/92000_not/92000077.txt,pinhole,430 361 462 398,/mnt/sda/cbj/dataset/DeepPCB_stage1_lowdata_s20260917/DeepPCB/test/pinhole/92000077_04_pinhole.jpg,5,302 238 334 275
92000077,/mnt/sda/cbj/dataset/DeepPCB-master/PCBData/group92000/92000/92000077_test.jpg,/mnt/sda/cbj/dataset/DeepPCB-master/PCBData/group92000/92000_not/92000077.txt,spurious_copper,343 538 381 587,/mnt/sda/cbj/dataset/DeepPCB_stage1_lowdata_s20260917/DeepPCB/test/spurious_copper/92000077_05_spurious_copper.jpg,4,237 410 275 459
92000077,/mnt/sda/cbj/dataset/DeepPCB-master/PCBData/group92000/92000/92000077_test.jpg,/mnt/sda/cbj/dataset/DeepPCB-master/PCBData/group92000/92000_not/92000077.txt,mousebite,335 136 374 169,/mnt/sda/cbj/dataset/DeepPCB_stage1_lowdata_s20260917/DeepPCB/test/mousebite/92000077_06_mousebite.jpg,2,237 136 276 169
92000081,/mnt/sda/cbj/dataset/DeepPCB-master/PCBData/group92000/92000/92000081_test.jpg,/mnt/sda/cbj/dataset/DeepPCB-master/PCBData/group92000/92000_not/92000081.txt,open,257 373 341 414,/mnt/sda/cbj/dataset/DeepPCB_stage1_lowdata_s20260917/DeepPCB/test/open/92000081_00_open.jpg,0,214 245 298 286
92000081,/mnt/sda/cbj/dataset/DeepPCB-master/PCBData/group92000/92000/92000081_test.jpg,/mnt/sda/cbj/dataset/DeepPCB-master/PCBData/group92000/92000_not/92000081.txt,short,310 131 372 167,/mnt/sda/cbj/dataset/DeepPCB_stage1_lowdata_s20260917/DeepPCB/test/short/92000081_01_short.jpg,1,225 131 287 167
92000081,/mnt/sda/cbj/dataset/DeepPCB-master/PCBData/group92000/92000/92000081_test.jpg,/mnt/sda/cbj/dataset/DeepPCB-master/PCBData/group92000/92000_not/92000081.txt,mousebite,375 218 415 246,/mnt/sda/cbj/dataset/DeepPCB_stage1_lowdata_s20260917/DeepPCB/test/mousebite/92000081_02_mousebite.jpg,2,247 218 287 246
92000081,/mnt/sda/cbj/dataset/DeepPCB-master/PCBData/group92000/92000/92000081_test.jpg,/mnt/sda/cbj/dataset/DeepPCB-master/PCBData/group92000/92000_not/92000081.txt,spur,159 172 194 209,/mnt/sda/cbj/dataset/DeepPCB_stage1_lowdata_s20260917/DeepPCB/test/spur/92000081_03_spur.jpg,3,159 172 194 209
92000081,/mnt/sda/cbj/dataset/DeepPCB-master/PCBData/group92000/92000/92000081_test.jpg,/mnt/sda/cbj/dataset/DeepPCB-master/PCBData/group92000/92000_not/92000081.txt,spurious_copper,125 265 172 332,/mnt/sda/cbj/dataset/DeepPCB_stage1_lowdata_s20260917/DeepPCB/test/spurious_copper/92000081_04_spurious_copper.jpg,4,125 223 172 290
92000081,/mnt/sda/cbj/dataset/DeepPCB-master/PCBData/group92000/92000/92000081_test.jpg,/mnt/sda/cbj/dataset/DeepPCB-master/PCBData/group92000/92000_not/92000081.txt,pinhole,44 260 92 309,/mnt/sda/cbj/dataset/DeepPCB_stage1_lowdata_s20260917/DeepPCB/test/pinhole/92000081_05_pinhole.jpg,5,44 232 92 281
